{"04ffda04-d786-11ef-1a7e-43a2532b2fa8":[194.06372,987.073,590.0,7.65304],"049c4566-d786-11ef-1a7e-43a2532b2fa8":[548.759,1012.4806,464.0,14.927053],"054bc900-d786-11ef-1a59-6be8ccc438a2":[552.9227,28.201084,824.0,11.72646],"05330390-d786-11ef-1a7e-43a2532b2fa8":[41.536907,121.86893,613.0,6.3830767],"054bc8ae-d786-11ef-1a7e-43a2532b2fa8":[343.93903,491.36856,616.0,4.7873073],"0506488a-d786-11ef-1a7e-43a2532b2fa8":[220.02588,993.47955,602.0,6.675581],"05027cdc-d786-11ef-1a59-6be8ccc438a2":[770.98175,876.033,640.0,8.59348],"0519fb1e-d786-11ef-1a7e-43a2532b2fa8":[6.5548925,9.603707,667.0,9.901487],"04a2f922-d786-11ef-1a7e-43a2532b2fa8":[807.3328,786.00854,461.0,18.678],"04f67ce8-d786-11ef-1a7e-43a2532b2fa8":[1020.71655,12.406094,513.0,7.225152],"0509d4fa-d786-11ef-1a7e-43a2532b2fa8":[522.5496,721.6675,622.0,8.740388],"052d74e6-d786-11ef-1a7e-43a2532b2fa8":[451.45642,683.477,603.0,5.9708214],"047b4d86-d786-11ef-1a7e-43a2532b2fa8":[1017.564,74.72147,447.0,9.706685],"04d71948-d786-11ef-1a7e-43a2532b2fa8":[740.1793,253.88768,512.0,19.380548],"050c249e-d786-11ef-1a7e-43a2532b2fa8":[248.91893,442.55832,580.0,8.29186],"04a1da08-d786-11ef-1a7e-43a2532b2fa8":[997.593,1014.4924,572.0,12.51433],"053ea23e-d786-11ef-1a7e-43a2532b2fa8":[276.97488,42.665356,652.0,8.59348],"04beab7e-d786-11ef-1a7e-43a2532b2fa8":[600.85645,64.379875,571.0,15.430353],"04f717fc-d786-11ef-2eac-81ac2e6b05df":[867.0197,404.94937,492.0,13.634257],"050e1772-d786-11ef-1a7e-43a2532b2fa8":[360.42734,339.02316,628.0,8.136858],"051cd47e-d786-11ef-1a7e-43a2532b2fa8":[586.0794,85.06184,636.0,7.225152],"04e15de0-d786-11ef-1a7e-43a2532b2fa8":[502.92838,354.13074,431.0,31.004772],"053602fa-d786-11ef-1a7e-43a2532b2fa8":[33.454655,582.9515,650.0,5.641896],"04dfa4d2-d786-11ef-1a59-6be8ccc438a2":[481.88815,88.61546,509.0,16.58372],"04d32a4a-d786-11ef-1a7e-43a2532b2fa8":[690.5107,206.8229,481.0,14.712264],"05767f22-d786-11ef-1a7e-43a2532b2fa8":[359.4951,65.19575,642.0,5.170883],"05050506-d786-11ef-1a7e-43a2532b2fa8":[107.541695,960.8675,569.0,8.884867],"04c38054-d786-11ef-1a7e-43a2532b2fa8":[715.03033,431.561,514.0,16.506763],"042d7ed8-d786-11ef-1a7e-43a2532b2fa8":[403.52414,964.73285,560.0,14.22832],"050d78f0-d786-11ef-1a7e-43a2532b2fa8":[1015.87354,522.9262,608.0,6.770275],"04115a00-d786-11ef-2539-0599d90a4ae6":[836.20197,748.69183,530.0,21.792622],"04d8fe48-d786-11ef-1a7e-43a2532b2fa8":[11.082587,168.97989,707.0,13.587484],"049f5d00-d786-11ef-1a7e-43a2532b2fa8":[452.9953,615.8835,578.0,17.112717],"05588078-d786-11ef-1a7e-43a2532b2fa8":[51.38915,317.52026,683.0,8.214725],"04fc238c-d786-11ef-1a7e-43a2532b2fa8":[129.42972,465.0877,615.0,9.236181],"051c576a-d786-11ef-1a7e-43a2532b2fa8":[9.249085,73.43792,705.0,11.055813],"0544c312-d786-11ef-1a7e-43a2532b2fa8":[239.01024,844.42773,629.0,5.86323],"04fb1226-d786-11ef-1a7e-43a2532b2fa8":[379.55145,536.98846,615.0,8.59348],"04a77bb4-d786-11ef-1a7e-43a2532b2fa8":[131.6284,401.98145,529.0,12.865502],"04c15644-d786-11ef-1a7e-43a2532b2fa8":[576.9501,956.08514,515.0,12.41217],"050648ce-d786-11ef-1a59-6be8ccc438a2":[519.4426,908.5605,722.0,11.227231],"04f7a26c-d786-11ef-1a7e-43a2532b2fa8":[905.5493,233.02861,490.0,15.716503],"04115a00-d786-11ef-1a59-6be8ccc438a2":[723.79877,294.7251,571.0,26.868696]}