{"4e92dcc0-d786-11ef-1a7e-43a2532b2fa8":[239.55476,889.9304,626.0,6.0765076],"4e7230ba-d786-11ef-1a7e-43a2532b2fa8":[1013.0604,601.52673,582.0,9.236181],"4e3a610a-d786-11ef-1a7e-43a2532b2fa8":[244.44533,537.4992,576.0,8.740388],"4e2b3f20-d786-11ef-1a7e-43a2532b2fa8":[11.278963,305.4345,623.0,8.519076],"4e677cce-d786-11ef-1a7e-43a2532b2fa8":[8.4932375,215.89809,724.0,10.940042],"4e81ea0a-d786-11ef-1a7e-43a2532b2fa8":[217.99374,36.984722,585.0,6.2825494],"4d6313da-d786-11ef-2539-0599d90a4ae6":[834.3572,1009.74243,488.0,21.967197],"4e8ec1ee-d786-11ef-1a7e-43a2532b2fa8":[7.921386,128.54855,697.0,9.77205],"4e3fd584-d786-11ef-1a7e-43a2532b2fa8":[105.00874,14.213149,506.0,9.027034],"4e7fcbe4-d786-11ef-1a7e-43a2532b2fa8":[192.50996,33.511803,598.0,7.65304],"4e80c968-d786-11ef-1a7e-43a2532b2fa8":[37.089245,175.04767,603.0,6.8636627],"4e4a7eec-d786-11ef-1a7e-43a2532b2fa8":[596.97656,185.50226,648.0,10.280024],"4e3544a2-d786-11ef-1a7e-43a2532b2fa8":[772.0223,973.9329,517.0,15.675944],"4e7b4d3a-d786-11ef-1a7e-43a2532b2fa8":[830.4902,980.36816,644.0,9.304853],"4dd4c26c-d786-11ef-1a7e-43a2532b2fa8":[1019.97565,305.25818,358.0,7.399277],"4deba3ba-d786-11ef-1a7e-43a2532b2fa8":[713.1484,563.12976,348.0,22.397686],"4e2d35d0-d786-11ef-1a7e-43a2532b2fa8":[1018.78925,127.93192,498.0,8.667245],"4e9694fa-d786-11ef-1a7e-43a2532b2fa8":[32.015644,632.05884,643.0,6.0765076],"4ea90c7a-d786-11ef-1a7e-43a2532b2fa8":[52.543304,405.9655,685.0,8.59348],"4e3e9cb4-d786-11ef-1a7e-43a2532b2fa8":[358.07715,432.90863,509.0,14.798554],"4efa4df6-d786-11ef-1a7e-43a2532b2fa8":[594.5139,940.32,743.0,5.411516],"4dc8ebe0-d786-11ef-1a7e-43a2532b2fa8":[127.209564,523.15076,560.0,11.113246],"4e70abd2-d786-11ef-1a7e-43a2532b2fa8":[576.0044,44.482166,587.0,8.136858],"4e22892a-d786-11ef-1a7e-43a2532b2fa8":[805.32764,905.9444,480.0,17.553461],"4e32ad50-d786-11ef-1a7e-43a2532b2fa8":[688.05176,313.58014,534.0,11.888212],"4d6e84a2-d786-11ef-1a7e-43a2532b2fa8":[722.03125,523.45795,582.0,27.408236],"4e814a1e-d786-11ef-1a7e-43a2532b2fa8":[581.85785,154.13976,566.0,12.41217],"4e3c9e50-d786-11ef-1a7e-43a2532b2fa8":[740.63074,367.35413,513.0,18.847649],"4e0b2ce4-d786-11ef-1a7e-43a2532b2fa8":[521.2261,1016.14594,552.0,12.91489],"4e266e50-d786-11ef-1a7e-43a2532b2fa8":[901.65906,348.04578,483.0,16.42945],"4edc72e2-d786-11ef-1a7e-43a2532b2fa8":[572.99023,933.9603,686.0,4.370194],"4df68684-d786-11ef-1a7e-43a2532b2fa8":[1016.9899,215.85869,447.0,10.645108],"4d72181a-d786-11ef-1a7e-43a2532b2fa8":[450.2714,758.73065,511.0,22.875784],"4e8d125e-d786-11ef-1a7e-43a2532b2fa8":[343.09244,542.22943,669.0,9.440698],"4e69d390-d786-11ef-1a7e-43a2532b2fa8":[377.48596,622.2236,508.0,14.969642],"4e2e31da-d786-11ef-1a7e-43a2532b2fa8":[508.01392,446.98004,482.0,15.756958],"4e153298-d786-11ef-1a7e-43a2532b2fa8":[491.58813,487.4724,684.0,12.100518],"4e4874b4-d786-11ef-1a7e-43a2532b2fa8":[126.45645,557.3977,628.0,8.368284],"4e17d55a-d786-11ef-1a7e-43a2532b2fa8":[810.45715,16.685068,550.0,10.155413],"4e566d12-d786-11ef-1a7e-43a2532b2fa8":[478.13452,192.25407,509.0,16.07693],"4e6943f6-d786-11ef-1a7e-43a2532b2fa8":[523.6257,811.1035,623.0,8.368284],"4eee0f1e-d786-11ef-1a7e-43a2532b2fa8":[521.1582,6.868268,913.0,9.901487],"4e5b495e-d786-11ef-1a7e-43a2532b2fa8":[864.91797,505.91443,585.0,7.9788456]}