{"ecd4be58-d786-11ef-1a7e-43a2532b2fa8":[719.592,1007.9885,600.0,21.11004],"edc73106-d786-11ef-1a7e-43a2532b2fa8":[862.11694,724.58844,583.0,8.214725],"ee359c40-d786-11ef-1a7e-43a2532b2fa8":[591.9675,23.551374,723.0,6.2825494],"ee2f75f4-d786-11ef-1a7e-43a2532b2fa8":[10.482989,54.443478,686.0,6.180387],"ed7b56d2-d786-11ef-1a7e-43a2532b2fa8":[1016.52386,379.50168,535.0,9.77205],"edcffa3e-d786-11ef-1a7e-43a2532b2fa8":[236.39432,742.0808,578.0,7.735778],"ede158ba-d786-11ef-1a7e-43a2532b2fa8":[498.0364,14.354945,556.0,10.464158],"edc8807e-d786-11ef-1a59-6be8ccc438a2":[522.8387,1003.71155,574.0,13.957279],"edbaddde-d786-11ef-1a7e-43a2532b2fa8":[9.586603,600.3311,758.0,12.91489],"ed6dc09e-d786-11ef-1a7e-43a2532b2fa8":[36.38861,192.0561,593.0,18.054068],"edb9d768-d786-11ef-1a7e-43a2532b2fa8":[898.3306,592.45795,504.0,14.494293],"ee011ac6-d786-11ef-1a7e-43a2532b2fa8":[448.03882,883.3721,598.0,6.4820447],"edf4d7bc-d786-11ef-1a7e-43a2532b2fa8":[26.965874,286.94626,613.0,5.411516],"ed517506-d786-11ef-1a7e-43a2532b2fa8":[607.75305,17.547573,612.0,14.927053],"ecf2cdf8-d786-11ef-1a7e-43a2532b2fa8":[567.43,292.6668,533.0,23.152405],"edb4df2c-d786-11ef-1a7e-43a2532b2fa8":[681.5751,544.47833,531.0,11.055813],"ed9befb4-d786-11ef-1a7e-43a2532b2fa8":[427.17758,47.16609,541.0,15.675944],"edb09572-d786-11ef-1a7e-43a2532b2fa8":[502.0424,668.57465,540.0,12.615663],"ee368006-d786-11ef-1a7e-43a2532b2fa8":[55.55451,591.9921,688.0,8.214725],"ee3eb49c-d786-11ef-1a7e-43a2532b2fa8":[6.958817,379.47556,790.0,8.59348],"ecff490c-d786-11ef-1a7e-43a2532b2fa8":[117.36606,770.40027,568.0,15.957691],"ee085b5e-d786-11ef-1a7e-43a2532b2fa8":[239.36873,987.83923,602.0,7.1364965],"ee219786-d786-11ef-1a7e-43a2532b2fa8":[8.057296,520.0634,812.0,10.881695],"edc8809c-d786-11ef-2eac-81ac2e6b05df":[703.51794,65.01204,599.0,9.027034],"ed567e34-d786-11ef-1a7e-43a2532b2fa8":[1019.3644,601.1361,402.0,8.058239],"edcf7d0c-d786-11ef-1a7e-43a2532b2fa8":[374.39404,807.45056,512.0,14.40618],"ed4ce4ee-d786-11ef-1a7e-43a2532b2fa8":[528.2468,17.630943,436.0,16.925688],"ed91d4d4-d786-11ef-1a7e-43a2532b2fa8":[591.1113,446.60123,564.0,16.774563],"ed93a8c2-d786-11ef-1a7e-43a2532b2fa8":[488.56223,752.01215,679.0,12.100518],"edf66bb0-d786-11ef-1a7e-43a2532b2fa8":[347.40747,638.42676,508.0,20.435816],"edbf7ab0-d786-11ef-1a7e-43a2532b2fa8":[738.5224,612.03424,609.0,17.14988],"ece07f22-d786-11ef-1a7e-43a2532b2fa8":[817.0003,282.08365,320.0,31.775446],"edf28880-d786-11ef-1a7e-43a2532b2fa8":[30.08799,735.47406,624.0,6.2825494],"ee4cd694-d786-11ef-1a7e-43a2532b2fa8":[144.06203,647.9516,644.0,3.1915383],"ed4820f0-d786-11ef-1a7e-43a2532b2fa8":[1015.89746,519.97235,458.0,12.047792],"edf4d8ae-d786-11ef-1a59-6be8ccc438a2":[1005.5007,769.50726,616.0,7.484821],"edb85276-d786-11ef-1a7e-43a2532b2fa8":[896.28455,101.5044,490.0,16.660318],"ed390e6c-d786-11ef-1a7e-43a2532b2fa8":[708.06104,847.502,509.0,15.957691],"edbce194-d786-11ef-1a7e-43a2532b2fa8":[469.38297,416.65665,506.0,16.037281],"ed707f0a-d786-11ef-1a7e-43a2532b2fa8":[869.54517,80.32008,526.0,16.736568],"edc13814-d786-11ef-1a59-6be8ccc438a2":[908.7565,25.956547,629.0,11.283792],"ee67d44e-d786-11ef-1a7e-43a2532b2fa8":[447.9819,67.03703,694.0,4.7873073]}