{"de45f884-d786-11ef-1a7e-43a2532b2fa8":[6.240591,355.65497,771.0,8.29186],"dde52900-d786-11ef-1a7e-43a2532b2fa8":[237.4695,722.1219,531.0,11.888212],"de129d0e-d786-11ef-1a7e-43a2532b2fa8":[577.02075,287.5916,638.0,6.3830767],"dd92ca70-d786-11ef-1a7e-43a2532b2fa8":[910.706,10.613224,541.0,13.159049],"ddda5e8a-d786-11ef-1a7e-43a2532b2fa8":[869.386,58.004528,649.0,11.170383],"dde5ab8e-d786-11ef-1a7e-43a2532b2fa8":[704.0457,44.004726,563.0,10.998079],"de159e00-d786-11ef-1a7e-43a2532b2fa8":[27.96792,275.85257,614.0,5.641896],"de21ab46-d786-11ef-1a7e-43a2532b2fa8":[239.46786,979.00354,627.0,5.7536273],"dde4a96e-d786-11ef-1a7e-43a2532b2fa8":[447.41495,35.635303,668.0,11.83454],"dd9c7424-d786-11ef-1a7e-43a2532b2fa8":[1019.95197,572.669,409.0,7.3127327],"de100fa8-d786-11ef-1a7e-43a2532b2fa8":[448.92307,870.525,601.0,6.0765076],"de1517f0-d786-11ef-1a7e-43a2532b2fa8":[340.0179,637.0208,609.0,5.170883],"ddbfa5cc-d786-11ef-1a59-6be8ccc438a2":[609.99335,1012.8425,663.0,9.640876],"dddae364-d786-11ef-1a7e-43a2532b2fa8":[501.9399,646.42535,545.0,13.54055],"ddaa659c-d786-11ef-1a59-6be8ccc438a2":[1017.22186,355.6033,507.0,10.940042],"de47484c-d786-11ef-1a7e-43a2532b2fa8":[55.018192,573.52,685.0,7.8176403],"de2bcd6a-d786-11ef-1a7e-43a2532b2fa8":[499.11765,1017.8427,700.0,8.214725],"de4a1bb0-d786-11ef-1a7e-43a2532b2fa8":[11.388353,46.51064,644.0,6.8636627],"ddc71758-d786-11ef-1a7e-43a2532b2fa8":[9.93318,571.94434,614.0,8.59348],"dcef7df4-d786-11ef-1a7e-43a2532b2fa8":[721.6334,962.4049,569.0,24.462677],"ddf640b4-d786-11ef-1a7e-43a2532b2fa8":[1006.39276,753.0095,608.0,6.770275],"dd7f637c-d786-11ef-1a7e-43a2532b2fa8":[1016.3779,490.48755,463.0,11.888212],"ddb269b6-d786-11ef-1a7e-43a2532b2fa8":[899.5314,568.9914,489.0,15.917747],"dd2dd686-d786-11ef-1a7e-43a2532b2fa8":[37.26111,156.59988,589.0,17.480776],"ddbc3630-d786-11ef-1a59-6be8ccc438a2":[528.3945,1011.9091,630.0,9.507892],"de52098a-d786-11ef-1a7e-43a2532b2fa8":[592.5001,12.3326,672.0,7.735778],"ddc41c4c-d786-11ef-1a7e-43a2532b2fa8":[682.07635,521.93146,532.0,12.047792],"dce9e932-d786-11ef-1a7e-43a2532b2fa8":[817.4174,251.95207,511.0,19.93115],"ddf8faca-d786-11ef-1a7e-43a2532b2fa8":[498.9637,5.0477014,538.0,6.8636627],"ddaa6586-d786-11ef-1a7e-43a2532b2fa8":[739.07214,587.179,513.0,18.81384],"ddb4b342-d786-11ef-1a7e-43a2532b2fa8":[351.8346,616.12866,621.0,8.444016],"dda195ee-d786-11ef-1a7e-43a2532b2fa8":[429.46335,20.833021,474.0,14.0934515],"ddd03ea2-d786-11ef-1a7e-43a2532b2fa8":[861.97156,702.4707,540.0,11.72646],"de6a060c-d786-11ef-1a7e-43a2532b2fa8":[1021.4194,997.87286,683.0,3.5682483],"de1e15bc-d786-11ef-1a7e-43a2532b2fa8":[29.514544,725.5185,634.0,5.9708214],"dd64092c-d786-11ef-1a7e-43a2532b2fa8":[566.1116,251.15619,506.0,20.958714],"de212914-d786-11ef-1a7e-43a2532b2fa8":[7.4473767,490.4714,811.0,11.055813],"dd56604e-d786-11ef-1a7e-43a2532b2fa8":[899.3372,78.0584,513.0,15.471556],"dda5bcde-d786-11ef-1a7e-43a2532b2fa8":[590.44806,421.7292,559.0,15.716503],"ddf5ba86-d786-11ef-1a7e-43a2532b2fa8":[374.4644,790.06323,614.0,8.444016],"dddd9082-d786-11ef-1a7e-43a2532b2fa8":[522.16693,985.0538,576.0,13.351162],"dd8a53f4-d786-11ef-1a7e-43a2532b2fa8":[708.10297,819.9726,503.0,16.698486],"dd265c00-d786-11ef-1a7e-43a2532b2fa8":[118.381065,747.4639,573.0,15.347616],"dde855a6-d786-11ef-1a7e-43a2532b2fa8":[470.0724,394.5754,641.0,8.740388],"ddaff032-d786-11ef-1a7e-43a2532b2fa8":[487.91855,726.0665,610.0,17.94797]}