{"aea00870-d786-11ef-1a7e-43a2532b2fa8":[54.629925,518.9853,689.0,8.136858],"aecf8052-d786-11ef-1a7e-43a2532b2fa8":[613.48193,931.97455,693.0,3.7424104],"ae494f64-d786-11ef-1a7e-43a2532b2fa8":[1007.8571,704.0071,610.0,6.675581],"ad6fa1a6-d786-11ef-1a59-6be8ccc438a2":[1018.7757,486.62177,354.0,9.097283],"ae458258-d786-11ef-1a7e-43a2532b2fa8":[32.10738,244.08632,609.0,5.2925673],"add239ec-d786-11ef-1a7e-43a2532b2fa8":[1016.5516,281.9979,505.0,10.52482],"ae20b252-d786-11ef-1a7e-43a2532b2fa8":[872.09174,1015.593,743.0,12.964089],"ad1a1560-d786-11ef-1a59-6be8ccc438a2":[721.1029,819.69684,570.0,26.486883],"ae61b306-d786-11ef-1a7e-43a2532b2fa8":[31.104483,695.5838,633.0,6.675581],"ae022492-d786-11ef-1a59-6be8ccc438a2":[899.4343,10.850984,497.0,14.668929],"aebd14bc-d786-11ef-1a7e-43a2532b2fa8":[12.939587,18.986248,692.0,6.3830767],"ae812646-d786-11ef-1a7e-43a2532b2fa8":[430.5118,968.9223,691.0,5.411516],"adfc033a-d786-11ef-1a7e-43a2532b2fa8":[9.380564,486.5492,772.0,14.002817],"ae462cda-d786-11ef-1a7e-43a2532b2fa8":[806.0349,37.369286,638.0,8.667245],"ae1e1e70-d786-11ef-1a7e-43a2532b2fa8":[239.42552,663.1275,579.0,8.058239],"ae3830bc-d786-11ef-1a7e-43a2532b2fa8":[578.3898,245.13623,554.0,12.7161875],"ae63b1f6-d786-11ef-1a7e-43a2532b2fa8":[7.970619,401.93866,816.0,11.507255],"ad9ac30e-d786-11ef-1a59-6be8ccc438a2":[120.383255,679.8345,564.0,12.153015],"adca533a-d786-11ef-1a7e-43a2532b2fa8":[1016.4723,402.55136,515.0,9.166996],"adfd6572-d786-11ef-1a7e-43a2532b2fa8":[684.0952,454.46335,542.0,13.68087],"aeb8754c-d786-11ef-1a7e-43a2532b2fa8":[910.4848,973.76636,696.0,7.484821],"ae147f14-d786-11ef-1a7e-43a2532b2fa8":[863.63025,639.05975,489.0,13.773623],"ae53be54-d786-11ef-1a7e-43a2532b2fa8":[448.90167,831.04584,598.0,6.180387],"ae0c3f48-d786-11ef-1a7e-43a2532b2fa8":[593.67365,344.30908,571.0,17.480776],"ade52a8e-d786-11ef-1a59-6be8ccc438a2":[738.2393,515.54755,503.0,19.082623],"ad7765f8-d786-11ef-1a7e-43a2532b2fa8":[570.18024,138.7512,512.0,20.026743],"ae6de040-d786-11ef-1a7e-43a2532b2fa8":[340.52756,606.0203,610.0,4.7873073],"aeaf3cde-d786-11ef-1a7e-43a2532b2fa8":[592.4722,1006.87573,680.0,7.5693974],"ae09c89e-d786-11ef-1a7e-43a2532b2fa8":[488.99597,648.9807,700.0,10.940042],"ae2143ea-d786-11ef-1a7e-43a2532b2fa8":[472.5387,330.12155,495.0,17.112717],"ae0cc544-d786-11ef-1a7e-43a2532b2fa8":[504.03934,582.08624,548.0,13.68087],"ae202152-d786-11ef-1a7e-43a2532b2fa8":[522.96014,929.1257,624.0,8.29186],"ad8c3136-d786-11ef-1a7e-43a2532b2fa8":[41.994858,49.860317,574.0,17.625847],"ae37030e-d786-11ef-1a7e-43a2532b2fa8":[375.5055,736.0481,613.0,8.59348],"ae922142-d786-11ef-1a7e-43a2532b2fa8":[6.2786603,282.04068,763.0,8.667245],"adc7a3f6-d786-11ef-1a7e-43a2532b2fa8":[708.87714,735.7257,397.0,19.347672],"add8d00e-d786-11ef-1a7e-43a2532b2fa8":[899.936,497.48965,480.0,16.698486],"ae284062-d786-11ef-1a59-6be8ccc438a2":[705.9479,1007.1199,516.0,9.574615],"ad5c4e62-d786-11ef-1a7e-43a2532b2fa8":[818.49066,164.26791,364.0,33.681694],"ae7b426c-d786-11ef-1a7e-43a2532b2fa8":[238.90442,950.48944,621.0,6.3830767],"ad786e3a-d786-11ef-1a7e-43a2532b2fa8":[448.44064,962.6937,601.0,16.888033],"ae7fc7e2-d786-11ef-1a7e-43a2532b2fa8":[502.0056,974.5482,636.0,5.86323],"ae2c3de8-d786-11ef-1a7e-43a2532b2fa8":[353.40717,555.9063,562.0,13.207339]}