{"b0fce960-d785-11ef-1a7e-43a2532b2fa8":[590.4786,1021.19824,734.0,4.7873073],"b0b6d8f0-d785-11ef-1a7e-43a2532b2fa8":[346.46234,435.54468,618.0,5.046265],"b072e15c-d785-11ef-1a7e-43a2532b2fa8":[519.5223,775.89526,732.0,10.464158],"aff877d2-d785-11ef-1a7e-43a2532b2fa8":[135.4138,264.09042,564.0,10.704744],"b05e7cc6-d785-11ef-1a7e-43a2532b2fa8":[695.7201,81.66734,537.0,11.672045],"b0862564-d785-11ef-1a7e-43a2532b2fa8":[111.04287,870.50183,585.0,7.8176403],"b06521ca-d785-11ef-1a7e-43a2532b2fa8":[907.9999,98.57596,508.0,15.180789],"b0c680fa-d785-11ef-1a7e-43a2532b2fa8":[238.93172,793.0855,638.0,5.641896],"b070932a-d785-11ef-1a7e-43a2532b2fa8":[134.4375,354.45087,619.0,8.740388],"b088bf5c-d785-11ef-1a7e-43a2532b2fa8":[195.49718,904.02466,590.0,8.136858],"b0668b50-d785-11ef-1a7e-43a2532b2fa8":[7.97982,9.487859,614.0,12.360774],"b08e1918-d785-11ef-1a7e-43a2532b2fa8":[222.45662,915.8115,578.0,6.9557962],"b090e762-d785-11ef-1a7e-43a2532b2fa8":[1017.5131,433.08286,636.0,6.8636627],"b0700e2a-d785-11ef-1a59-6be8ccc438a2":[769.4701,761.3429,509.0,16.468151],"b0af44ee-d785-11ef-1a7e-43a2532b2fa8":[35.555447,526.9588,647.0,6.2825494],"b0d5f442-d785-11ef-1a7e-43a2532b2fa8":[50.88552,215.48956,686.0,7.898654],"afc5251c-d785-11ef-1a7e-43a2532b2fa8":[405.61432,778.0425,511.0,17.661928],"b08e9df4-d785-11ef-1a7e-43a2532b2fa8":[454.48138,610.51263,608.0,5.7536273],"b087b6d6-d785-11ef-1a7e-43a2532b2fa8":[591.0331,6.9906626,636.0,6.2825494],"b076eef0-d785-11ef-1a7e-43a2532b2fa8":[869.6084,288.18314,505.0,12.91489],"b0206ed6-d785-11ef-1a7e-43a2532b2fa8":[995.01135,877.56976,496.0,17.876888],"af39afdc-d785-11ef-0779-6fb39d34804e":[839.25543,434.07718,561.0,21.439203],"b06f875a-d785-11ef-1a7e-43a2532b2fa8":[364.27292,229.05943,622.0,8.667245],"b0b12c1e-d785-11ef-1a7e-43a2532b2fa8":[488.45068,989.5761,647.0,8.058239],"b084113e-d785-11ef-1a7e-43a2532b2fa8":[522.9154,616.477,626.0,8.214725],"b01eae3e-d785-11ef-1a59-6be8ccc438a2":[717.4773,278.5986,512.0,14.272993],"b0a6704e-d785-11ef-1a59-6be8ccc438a2":[958.4831,25.43107,596.0,6.770275],"afb0f1a0-d785-11ef-1a7e-43a2532b2fa8":[456.4862,448.9374,641.0,14.581872],"afca7d96-d785-11ef-1a7e-43a2532b2fa8":[799.69763,1007.2979,465.0,15.347616],"af39afdc-d785-11ef-1a59-6be8ccc438a2":[564.4769,826.50183,511.0,31.14817],"b07f54a0-d785-11ef-1a7e-43a2532b2fa8":[380.6486,437.7466,506.0,15.26443],"b04d8eb6-d785-11ef-1a7e-43a2532b2fa8":[547.4273,894.04047,636.0,9.574615],"b074779c-d785-11ef-1a7e-43a2532b2fa8":[255.14275,331.89545,580.0,8.444016],"af3c5566-d785-11ef-1a7e-43a2532b2fa8":[724.225,34.3616,656.0,21.528103],"b07ea9ce-d785-11ef-1a7e-43a2532b2fa8":[276.88968,946.9138,631.0,10.823032],"b06b5cca-d785-11ef-1a59-6be8ccc438a2":[743.3359,120.258804,511.0,19.049232],"b054ddec-d785-11ef-1a7e-43a2532b2fa8":[505.7612,222.60027,511.0,23.883286],"b04be200-d785-11ef-1a7e-43a2532b2fa8":[361.11896,981.00024,563.0,13.207339],"b0addb04-d785-11ef-1a7e-43a2532b2fa8":[342.51028,42.320206,618.0,6.770275],"b0963802-d785-11ef-1a7e-43a2532b2fa8":[880.5216,29.537601,626.0,9.373021],"b096ba6e-d785-11ef-1a7e-43a2532b2fa8":[47.96493,61.99612,599.0,8.136858],"b03461ae-d785-11ef-1a7e-43a2532b2fa8":[806.03357,645.79175,474.0,18.159544]}