{"05c7de18-d787-11ef-1a7e-43a2532b2fa8":[868.5623,111.54438,508.0,17.805523],"05daf958-d787-11ef-1a59-6be8ccc438a2":[701.974,96.08517,587.0,9.574615],"05e772a0-d787-11ef-1a7e-43a2532b2fa8":[375.09662,834.56744,619.0,7.9788456],"05b1eca2-d787-11ef-1a7e-43a2532b2fa8":[120.0191,791.78033,604.0,9.236181],"063b1b76-d787-11ef-1a7e-43a2532b2fa8":[54.83562,619.0135,681.0,7.484821],"05f01ab8-d787-11ef-1a7e-43a2532b2fa8":[496.47583,39.003544,594.0,8.812923],"0616760e-d787-11ef-1a7e-43a2532b2fa8":[240.0424,1001.9515,619.0,5.641896],"0563bb54-d787-11ef-1a7e-43a2532b2fa8":[566.798,336.08267,513.0,25.97724],"05e58fbc-d787-11ef-1a7e-43a2532b2fa8":[235.39737,771.0454,580.0,7.484821],"0637cca0-d787-11ef-1a7e-43a2532b2fa8":[7.45033,564.229,825.0,11.283792],"05c57e3e-d787-11ef-2539-0599d90a4ae6":[898.9944,627.32166,550.0,13.493452],"05c0f4b0-d787-11ef-1a7e-43a2532b2fa8":[860.9659,754.8562,490.0,13.44619],"05acfae4-d787-11ef-1a7e-43a2532b2fa8":[10.398231,643.37164,717.0,10.881695],"0610fa26-d787-11ef-1a7e-43a2532b2fa8":[26.046736,304.01553,603.0,6.3830767],"05bb623c-d787-11ef-1a59-6be8ccc438a2":[897.02106,134.36444,486.0,16.42945],"06420ee0-d787-11ef-1a7e-43a2532b2fa8":[1018.64056,10.300712,644.0,6.3830767],"05b787fc-d787-11ef-1a59-6be8ccc438a2":[589.98114,484.11118,571.0,16.925688],"05801e20-d787-11ef-1a7e-43a2532b2fa8":[425.6569,85.629486,608.0,10.464158],"052c8fbc-d787-11ef-1a7e-43a2532b2fa8":[1016.1135,561.89935,453.0,13.39876],"05daf93a-d787-11ef-1a7e-43a2532b2fa8":[524.51794,9.759473,701.0,8.884867],"063b9832-d787-11ef-1a7e-43a2532b2fa8":[590.8641,39.14693,657.0,11.227231],"059afc5e-d787-11ef-1a7e-43a2532b2fa8":[115.499565,818.0162,567.0,10.280024],"06107bdc-d787-11ef-1a7e-43a2532b2fa8":[448.5572,903.9784,598.0,6.0765076],"06876198-d787-11ef-1a7e-43a2532b2fa8":[721.47034,57.00806,845.0,7.484821],"05dbf968-d787-11ef-1a7e-43a2532b2fa8":[469.07697,448.50015,509.0,15.635281],"0599dbee-d787-11ef-1a7e-43a2532b2fa8":[815.9815,324.9981,424.0,27.937355],"05baa1da-d787-11ef-2eac-81ac2e6b05df":[1016.59155,415.43652,555.0,9.640876],"06024f62-d787-11ef-1a7e-43a2532b2fa8":[1003.9092,794.06006,604.0,7.0467257],"05814b18-d787-11ef-1a7e-43a2532b2fa8":[33.014725,245.00613,619.0,15.430353],"055930c6-d787-11ef-1a7e-43a2532b2fa8":[1019.4316,641.98663,369.0,8.812923],"0646f95a-d787-11ef-1a7e-43a2532b2fa8":[6.23736,415.51297,798.0,9.373021],"05d495b8-d787-11ef-1a7e-43a2532b2fa8":[908.90137,54.956905,642.0,12.565099],"061c50ce-d787-11ef-1a7e-43a2532b2fa8":[29.393673,750.4748,642.0,5.2925673],"057a61d8-d787-11ef-1a7e-43a2532b2fa8":[706.5823,888.2619,511.0,15.430353],"05c57e02-d787-11ef-1a7e-43a2532b2fa8":[487.39392,791.1024,698.0,10.940042],"06418e52-d787-11ef-1a7e-43a2532b2fa8":[8.967556,68.08099,705.0,7.9788456],"0578eb14-d787-11ef-1a7e-43a2532b2fa8":[607.8758,59.824715,572.0,16.58372],"05317e78-d787-11ef-1a7e-43a2532b2fa8":[524.44775,62.65479,556.0,14.625465],"0588b670-d787-11ef-1a7e-43a2532b2fa8":[501.6758,699.89154,539.0,14.183506],"05bf0e32-d787-11ef-1a59-6be8ccc438a2":[679.8954,578.4849,533.0,12.565099],"05c02128-d787-11ef-1a7e-43a2532b2fa8":[347.99884,664.02435,617.0,10.09253],"05c57e2a-d787-11ef-2eac-81ac2e6b05df":[738.4219,647.5303,617.0,16.351768]}