{"289a7e10-d786-11ef-1a7e-43a2532b2fa8":[128.58412,458.965,550.0,11.941643],"29002c56-d786-11ef-1a7e-43a2532b2fa8":[8.878458,140.32202,816.0,12.565099],"29192bfc-d786-11ef-1a7e-43a2532b2fa8":[31.8635,606.52936,656.0,6.0765076],"292c739c-d786-11ef-1a7e-43a2532b2fa8":[238.9869,867.0755,628.0,5.86323],"28e4e248-d786-11ef-1a59-6be8ccc438a2":[521.6899,763.6311,505.0,14.841511],"27e2e87c-d786-11ef-1a7e-43a2532b2fa8":[723.1526,403.44,575.0,26.773754],"28a5c090-d786-11ef-1a7e-43a2532b2fa8":[10.632672,234.59363,637.0,9.440698],"28e4e20c-d786-11ef-1a7e-43a2532b2fa8":[359.56357,383.55502,626.0,8.29186],"2877c2d0-d786-11ef-1a7e-43a2532b2fa8":[593.8149,121.73754,640.0,13.0619335],"28c83954-d786-11ef-1a7e-43a2532b2fa8":[519.34644,961.7499,699.0,12.565099],"2813fe3c-d786-11ef-1a7e-43a2532b2fa8":[451.87314,683.71326,575.0,17.517155],"28d9c1a8-d786-11ef-1a59-6be8ccc438a2":[771.7067,921.7916,506.0,16.312788],"27e1ea94-d786-11ef-19b6-2351fdb02228":[837.23553,874.45044,510.0,22.903595],"28968b36-d786-11ef-1a7e-43a2532b2fa8":[576.47614,1008.7401,511.0,9.574615],"2906d060-d786-11ef-1a7e-43a2532b2fa8":[39.5539,147.53943,585.0,9.027034],"28f42c12-d786-11ef-1a59-6be8ccc438a2":[1014.1016,561.07733,521.0,9.507892],"28cbbfb4-d786-11ef-1a7e-43a2532b2fa8":[688.8688,255.06374,480.0,14.712264],"28da3eba-d786-11ef-1a7e-43a2532b2fa8":[479.9471,139.93446,511.0,15.675944],"28e84028-d786-11ef-1a7e-43a2532b2fa8":[192.9794,1017.08453,552.0,8.59348],"28ffac92-d786-11ef-1a7e-43a2532b2fa8":[219.02464,1020.609,515.0,5.170883],"291eb8f6-d786-11ef-1a7e-43a2532b2fa8":[343.49936,516.05383,585.0,8.884867],"290abc5c-d786-11ef-1a7e-43a2532b2fa8":[8.547156,65.780594,678.0,9.027034],"290f4ede-d786-11ef-1a7e-43a2532b2fa8":[450.3523,713.36487,538.0,11.672045],"28b89b0c-d786-11ef-1a59-6be8ccc438a2":[806.0035,844.221,486.0,17.000746],"28a64222-d786-11ef-1a7e-43a2532b2fa8":[402.48254,18.664328,571.0,11.83454],"28c77c1c-d786-11ef-1a59-6be8ccc438a2":[740.4573,307.33658,621.0,16.545286],"28d6966e-d786-11ef-1a7e-43a2532b2fa8":[106.50821,998.0448,509.0,10.217908],"291f3b1e-d786-11ef-1a7e-43a2532b2fa8":[549.0135,39.95982,641.0,8.667245],"285da2a6-d786-11ef-1a7e-43a2532b2fa8":[508.1976,393.7491,483.0,16.155931],"28a1ca08-d786-11ef-1a7e-43a2532b2fa8":[494.56345,421.57745,494.0,20.18506],"28d05fa8-d786-11ef-1a7e-43a2532b2fa8":[866.6073,453.69318,502.0,12.91489],"29561e5e-d786-11ef-1a7e-43a2532b2fa8":[996.9667,51.108948,698.0,6.3830767],"28f39b1c-d786-11ef-1a7e-43a2532b2fa8":[128.63708,509.00366,616.0,9.097283],"288ff13e-d786-11ef-1a7e-43a2532b2fa8":[1016.936,141.51515,427.0,10.940042],"2941c10c-d786-11ef-1a7e-43a2532b2fa8":[51.920105,359.4845,687.0,7.898654],"28a1ca14-d786-11ef-1a59-6be8ccc438a2":[713.5642,494.11395,508.0,16.812471],"28b4f6dc-d786-11ef-1a59-6be8ccc438a2":[1018.7277,67.917336,485.0,8.214725],"28d8be64-d786-11ef-1a7e-43a2532b2fa8":[247.63722,486.90775,532.0,12.91489],"292058e6-d786-11ef-1a7e-43a2532b2fa8":[218.278,4.9750504,609.0,5.7536273],"28ee06f2-d786-11ef-1a59-6be8ccc438a2":[377.8005,577.36566,510.0,15.012109],"28cfad9c-d786-11ef-1a7e-43a2532b2fa8":[903.9766,287.4839,494.0,15.512649],"29147fd0-d786-11ef-1a7e-43a2532b2fa8":[809.94366,978.0345,604.0,8.667245]}