{"09bd8572-d787-11ef-1a7e-43a2532b2fa8":[497.08926,42.391434,622.0,8.667245],"099a3ffe-d787-11ef-1a7e-43a2532b2fa8":[501.05,706.0429,543.0,13.819766],"098a78ee-d787-11ef-1a7e-43a2532b2fa8":[10.464255,650.3849,686.0,13.727325],"09aaee08-d787-11ef-1a7e-43a2532b2fa8":[234.85391,776.65125,576.0,8.214725],"0a0a91aa-d787-11ef-1a7e-43a2532b2fa8":[56.18922,623.5215,685.0,7.3127327],"09e04062-d787-11ef-1a7e-43a2532b2fa8":[240.01607,1004.99524,599.0,5.641896],"098f7cd6-d787-11ef-1a7e-43a2532b2fa8":[467.87967,453.39212,637.0,8.884867],"09f57996-d787-11ef-1a7e-43a2532b2fa8":[1018.9687,15.635838,647.0,7.735778],"09486fb2-d787-11ef-1a7e-43a2532b2fa8":[1015.8323,571.53723,513.0,10.09253],"09a085f6-d787-11ef-1a59-6be8ccc438a2":[575.9601,326.70172,542.0,13.44619],"09900be2-d787-11ef-1a7e-43a2532b2fa8":[898.413,634.58105,544.0,12.41217],"09d014dc-d787-11ef-1a7e-43a2532b2fa8":[26.03536,307.1566,605.0,5.7536273],"0992a2b2-d787-11ef-1a7e-43a2532b2fa8":[120.0224,796.22076,608.0,8.956232],"0993cbf4-d787-11ef-1a59-6be8ccc438a2":[524.5895,12.134338,505.0,10.09253],"09812a96-d787-11ef-1a59-6be8ccc438a2":[1016.6959,422.11578,539.0,9.965575],"09c3c130-d787-11ef-1a7e-43a2532b2fa8":[1004.3861,798.0187,597.0,7.3127327],"0933e5ec-d787-11ef-1a7e-43a2532b2fa8":[1019.99713,649.651,404.0,7.9788456],"0a062228-d787-11ef-1a7e-43a2532b2fa8":[590.90796,41.559734,741.0,6.0765076],"09422454-d787-11ef-1a7e-43a2532b2fa8":[32.473717,254.70879,598.0,16.698486],"09ae0700-d787-11ef-1a7e-43a2532b2fa8":[702.0448,101.031845,600.0,8.444016],"097155e4-d787-11ef-1a7e-43a2532b2fa8":[681.2327,583.3014,476.0,14.798554],"09fd477a-d787-11ef-1a7e-43a2532b2fa8":[7.4188204,570.35956,821.0,10.704744],"091dbe5c-d787-11ef-1a7e-43a2532b2fa8":[707.1544,895.84015,508.0,15.138795],"09e36c4c-d787-11ef-1a7e-43a2532b2fa8":[24.103506,1003.8002,611.0,7.5693974],"098a7934-d787-11ef-1a59-6be8ccc438a2":[908.9597,61.231884,644.0,13.207339],"09950dc2-d787-11ef-1a7e-43a2532b2fa8":[867.8764,117.21526,504.0,18.333992],"09cddcb0-d787-11ef-1a7e-43a2532b2fa8":[448.60684,906.962,590.0,7.1364965],"0902b6a2-d787-11ef-1a7e-43a2532b2fa8":[564.69543,350.91858,491.0,20.560047],"0a0de730-d787-11ef-1a7e-43a2532b2fa8":[6.2499475,421.40326,789.0,8.444016],"0a07193a-d787-11ef-1a7e-43a2532b2fa8":[9.565952,70.00698,673.0,6.675581],"0a7bb47a-d787-11ef-1a7e-43a2532b2fa8":[721.48376,67.43247,850.0,7.225152],"09422468-d787-11ef-1a59-6be8ccc438a2":[606.7252,65.62722,477.0,19.446135],"098e5c02-d787-11ef-1a59-6be8ccc438a2":[738.4754,653.57104,504.0,19.14923],"095438bc-d787-11ef-1a7e-43a2532b2fa8":[116.03242,823.9175,557.0,11.283792],"095cc71e-d787-11ef-1a7e-43a2532b2fa8":[526.11346,70.27,515.0,14.450304],"098f7d30-d787-11ef-2eac-81ac2e6b05df":[896.3411,141.81711,510.0,15.917747],"098f7d26-d787-11ef-1a59-6be8ccc438a2":[861.6913,760.43756,487.0,13.351162],"08b7417c-d787-11ef-1a7e-43a2532b2fa8":[814.6673,331.33884,402.0,28.790258],"09e4bd40-d787-11ef-1a7e-43a2532b2fa8":[29.458897,752.9757,637.0,5.641896],"095438bc-d787-11ef-1a59-6be8ccc438a2":[424.53406,91.095535,470.0,17.18696],"09d9b882-d787-11ef-1a7e-43a2532b2fa8":[346.89362,668.5598,571.0,15.837556],"09a74a82-d787-11ef-1a7e-43a2532b2fa8":[375.83044,839.0164,495.0,15.797308],"097645fe-d787-11ef-1a59-6be8ccc438a2":[590.0666,489.31824,573.0,16.273716],"099472e0-d787-11ef-1a7e-43a2532b2fa8":[488.06693,797.0613,696.0,10.998079]}