{"d36d2d64-d785-11ef-1a7e-43a2532b2fa8":[361.4109,1018.8814,497.0,8.136858],"d38c985e-d785-11ef-1a7e-43a2532b2fa8":[108.944435,908.8309,576.0,8.444016],"d3618e52-d785-11ef-1a7e-43a2532b2fa8":[770.695,808.54663,510.0,16.234549],"d3e492f2-d785-11ef-1a7e-43a2532b2fa8":[51.508266,257.5326,688.0,7.735778],"d3cce774-d785-11ef-1a7e-43a2532b2fa8":[239.02962,814.00867,630.0,5.641896],"d395dd60-d785-11ef-1a59-6be8ccc438a2":[380.48843,477.44046,623.0,7.9788456],"d3c07f5e-d785-11ef-1a7e-43a2532b2fa8":[799.96625,48.18217,744.0,7.0467257],"d3f0b366-d785-11ef-1a7e-43a2532b2fa8":[341.96912,77.81719,633.0,3.9088202],"d38961ca-d785-11ef-1a7e-43a2532b2fa8":[3.1940105,470.59116,473.0,2.7639532],"d39246ac-d785-11ef-1a7e-43a2532b2fa8":[605.0126,1002.5142,656.0,9.027034],"d39093e6-d785-11ef-1a7e-43a2532b2fa8":[1016.5648,470.05444,609.0,7.1364965],"d3656d88-d785-11ef-1a7e-43a2532b2fa8":[552.2904,929.3295,619.0,25.78044],"d3c45014-d785-11ef-1a7e-43a2532b2fa8":[959.50586,61.415737,604.0,6.5795245],"d4032b90-d785-11ef-1a7e-43a2532b2fa8":[4.0579977,998.54333,686.0,5.641896],"d3c34d2c-d785-11ef-1a7e-43a2532b2fa8":[33.8269,550.53424,698.0,7.65304],"d359ac00-d785-11ef-1a7e-43a2532b2fa8":[907.572,153.43665,503.0,15.347616],"d393944c-d785-11ef-1a7e-43a2532b2fa8":[221.53448,948.36444,570.0,7.9788456],"d3a0abf0-d785-11ef-1a7e-43a2532b2fa8":[588.53674,36.02427,643.0,6.0765076],"d382e7b4-d785-11ef-1a7e-43a2532b2fa8":[132.36139,399.50104,621.0,9.027034],"d37745bc-d785-11ef-1a7e-43a2532b2fa8":[363.5273,274.56244,627.0,8.29186],"d3788b52-d785-11ef-1a59-6be8ccc438a2":[868.5058,336.07294,492.0,13.773623],"d3437728-d785-11ef-1a7e-43a2532b2fa8":[741.7734,174.73929,501.0,19.5115],"d3522ff4-d785-11ef-1a7e-43a2532b2fa8":[277.61707,995.5445,637.0,9.507892],"d3c5518c-d785-11ef-1a7e-43a2532b2fa8":[346.0288,459.0539,667.0,9.507892],"d3622678-d785-11ef-1a7e-43a2532b2fa8":[504.73288,277.4248,513.0,23.695963],"d37c6a94-d785-11ef-1a59-6be8ccc438a2":[522.98895,660.118,630.0,8.058239],"d34e7560-d785-11ef-1a7e-43a2532b2fa8":[10.651234,75.04453,617.0,9.640876],"d28419dc-d785-11ef-3e25-c90a89acb5a6":[839.22754,563.2764,611.0,18.982275],"d34f6874-d785-11ef-1a59-6be8ccc438a2":[578.59247,879.8476,436.0,17.18696],"d35162f2-d785-11ef-1a7e-43a2532b2fa8":[996.07605,935.44244,591.0,15.012109],"d3371294-d785-11ef-1a7e-43a2532b2fa8":[690.59863,132.48431,451.0,16.888033],"d3c196e4-d785-11ef-1a59-6be8ccc438a2":[359.95547,6.112549,660.0,8.136858],"d30d46f8-d785-11ef-1a7e-43a2532b2fa8":[132.90135,319.99985,556.0,11.396071],"d2ba8d84-d785-11ef-1a7e-43a2532b2fa8":[455.57776,515.80695,635.0,14.884343],"d33712a8-d785-11ef-1a59-6be8ccc438a2":[716.5081,339.86606,511.0,16.351768],"d341f7cc-d785-11ef-1a7e-43a2532b2fa8":[485.39026,15.444066,512.0,11.72646],"d383c990-d785-11ef-1a7e-43a2532b2fa8":[251.42596,377.0374,587.0,7.898654],"d3b146fe-d785-11ef-1a7e-43a2532b2fa8":[45.627777,86.47472,592.0,8.519076],"d37c6a6a-d785-11ef-1a7e-43a2532b2fa8":[195.50937,938.0523,588.0,8.444016],"d323a3a0-d785-11ef-1a7e-43a2532b2fa8":[405.62686,854.95996,588.0,12.153015],"d36d2d8e-d785-11ef-1a59-6be8ccc438a2":[520.6723,829.34894,729.0,10.704744],"d3b34904-d785-11ef-1a7e-43a2532b2fa8":[452.93326,640.54205,607.0,5.5279064],"d34c6ae0-d785-11ef-1a7e-43a2532b2fa8":[804.8155,704.0958,484.0,17.22396],"d28419d2-d785-11ef-19b6-2351fdb02228":[722.5516,140.47499,543.0,23.749634],"d4019136-d785-11ef-1a7e-43a2532b2fa8":[881.5915,79.97469,660.0,3.5682483]}