{"9de6c8e0-d786-11ef-1a7e-43a2532b2fa8":[1008.9417,687.51373,599.0,7.5693974],"9dffa84c-d786-11ef-1a7e-43a2532b2fa8":[30.9723,684.4613,634.0,6.2825494],"9dc3b1d4-d786-11ef-1a59-6be8ccc438a2":[901.0292,1007.7545,507.0,10.645108],"9db7ddc8-d786-11ef-1a7e-43a2532b2fa8":[9.73928,458.56058,610.0,8.884867],"9e352f58-d786-11ef-1a7e-43a2532b2fa8":[54.001736,501.46268,681.0,8.368284],"9db75a92-d786-11ef-2eac-81ac2e6b05df":[739.7165,493.0101,517.0,18.437868],"9dbc7eaa-d786-11ef-1a59-6be8ccc438a2":[684.573,432.5646,535.0,11.780624],"9e46b7c8-d786-11ef-1a7e-43a2532b2fa8":[911.9612,956.3805,708.0,6.4820447],"9e1f3ca2-d786-11ef-1a7e-43a2532b2fa8":[239.50891,940.51855,634.0,5.5279064],"9e4aa2d2-d786-11ef-1a7e-43a2532b2fa8":[432.05518,945.69775,649.0,4.370194],"9d1d3480-d786-11ef-1a7e-43a2532b2fa8":[122.13076,657.2723,511.0,17.841242],"9e366ee8-d786-11ef-1a7e-43a2532b2fa8":[503.4684,957.6473,631.0,6.0765076],"9cdc125c-d786-11ef-1a7e-43a2532b2fa8":[721.50305,773.0838,684.0,19.867165],"9dc66f00-d786-11ef-1a59-6be8ccc438a2":[862.8377,617.4738,490.0,13.634257],"9dd7caca-d786-11ef-1a7e-43a2532b2fa8":[353.89084,537.5955,567.0,12.100518],"9d81eefc-d786-11ef-1a7e-43a2532b2fa8":[1017.0848,256.75906,509.0,10.155413],"9e01480a-d786-11ef-1a7e-43a2532b2fa8":[31.457129,233.07866,603.0,5.5279064],"9d7751ec-d786-11ef-1a7e-43a2532b2fa8":[1019.9892,457.53503,397.0,7.5693974],"9dffa8a6-d786-11ef-1a59-6be8ccc438a2":[580.0432,229.47969,637.0,6.5795245],"9da0d088-d786-11ef-1a7e-43a2532b2fa8":[805.5544,13.48616,500.0,11.888212],"9daa124c-d786-11ef-1a7e-43a2532b2fa8":[240.47548,641.9186,529.0,11.562446],"9db2ef3e-d786-11ef-1a7e-43a2532b2fa8":[504.58078,560.484,545.0,11.170383],"9cd77cc4-d786-11ef-1a7e-43a2532b2fa8":[448.6042,934.6896,646.0,13.68087],"9d7b65dc-d786-11ef-1a7e-43a2532b2fa8":[1016.9406,373.16696,532.0,8.444016],"9e0d7986-d786-11ef-1a7e-43a2532b2fa8":[340.384,596.0351,666.0,9.640876],"9ddb9fba-d786-11ef-1a7e-43a2532b2fa8":[376.08636,717.40643,620.0,7.9788456],"9e2c820e-d786-11ef-1a7e-43a2532b2fa8":[7.426745,257.4713,785.0,10.029253],"9d46fc84-d786-11ef-1a7e-43a2532b2fa8":[42.02692,14.698779,651.0,13.303394],"9e5a07d8-d786-11ef-1a7e-43a2532b2fa8":[592.98444,996.64557,723.0,7.0467257],"9ddc44e2-d786-11ef-1a59-6be8ccc438a2":[873.03986,996.99133,679.0,8.136858],"9e12a602-d786-11ef-1a7e-43a2532b2fa8":[8.596407,371.81033,826.0,11.780624],"9cdd92d0-d786-11ef-1a7e-43a2532b2fa8":[827.18933,124.7692,943.0,24.227327],"9d04023a-d786-11ef-1a7e-43a2532b2fa8":[568.434,103.71325,511.0,19.115955],"9db75a7e-d786-11ef-1a59-6be8ccc438a2":[593.56226,319.49036,651.0,9.965575],"9e50f882-d786-11ef-1a7e-43a2532b2fa8":[16.11352,12.118679,651.0,3.7424104],"9dc98118-d786-11ef-1a7e-43a2532b2fa8":[523.6787,910.13776,509.0,15.180789],"9d4816be-d786-11ef-1a7e-43a2532b2fa8":[709.50275,707.8508,510.0,16.155931],"9df88206-d786-11ef-1a7e-43a2532b2fa8":[448.52286,816.9443,598.0,6.180387],"9db1ddf6-d786-11ef-1a59-6be8ccc438a2":[489.4931,622.9713,702.0,10.764051],"9da96d92-d786-11ef-1a7e-43a2532b2fa8":[900.4973,473.97495,484.0,16.037281],"9df24a30-d786-11ef-1a7e-43a2532b2fa8":[705.9434,987.0494,612.0,7.0467257],"9e2e6150-d786-11ef-1a7e-43a2532b2fa8":[774.02655,58.748447,651.0,7.1364965],"9d7210a4-d786-11ef-1a7e-43a2532b2fa8":[809.64966,150.24829,468.0,16.195288],"9dc17b8c-d786-11ef-1a7e-43a2532b2fa8":[472.91806,308.07098,499.0,16.660318]}