{"15cfe91e-d786-11ef-1a7e-43a2532b2fa8":[32.388428,594.6345,637.0,8.058239],"156e51a4-d786-11ef-1a7e-43a2532b2fa8":[10.590722,198.06514,706.0,13.351162],"15ab9f8c-d786-11ef-1a7e-43a2532b2fa8":[105.74567,977.47,572.0,9.027034],"16063f3c-d786-11ef-1a7e-43a2532b2fa8":[276.98514,62.17059,677.0,5.9708214],"15ab2066-d786-11ef-1a7e-43a2532b2fa8":[548.49475,12.389004,620.0,11.170383],"15d3e6ea-d786-11ef-1a7e-43a2532b2fa8":[41.071583,133.45801,627.0,5.411516],"15a9a11e-d786-11ef-1a59-6be8ccc438a2":[219.37392,1008.08325,509.0,8.884867],"1545a9d4-d786-11ef-1a59-6be8ccc438a2":[1018.78326,36.16489,465.0,8.956232],"15d546cc-d786-11ef-1a7e-43a2532b2fa8":[451.50677,696.96533,607.0,5.86323],"150418ca-d786-11ef-1a7e-43a2532b2fa8":[1017.6249,103.392265,434.0,10.940042],"15acd1a4-d786-11ef-1a7e-43a2532b2fa8":[866.4918,426.54956,572.0,9.706685],"16747222-d786-11ef-1a7e-43a2532b2fa8":[552.00183,66.00368,792.0,6.3830767],"15cf4948-d786-11ef-1a7e-43a2532b2fa8":[344.4407,503.00107,614.0,4.918491],"150f21fc-d786-11ef-1a7e-43a2532b2fa8":[401.12036,999.80945,498.0,17.407785],"1593384a-d786-11ef-1a7e-43a2532b2fa8":[194.20099,1002.03046,499.0,10.998079],"1601ca36-d786-11ef-1a7e-43a2532b2fa8":[238.98819,855.08887,636.0,5.5279064],"159f0ccc-d786-11ef-1a7e-43a2532b2fa8":[520.00635,932.47076,703.0,12.205287],"15401aaa-d786-11ef-1a7e-43a2532b2fa8":[805.5503,811.4453,455.0,19.31474],"15a4a1a0-d786-11ef-1a59-6be8ccc438a2":[248.59807,463.06223,581.0,8.214725],"1545a990-d786-11ef-1a7e-43a2532b2fa8":[510.48596,365.49426,540.0,13.207339],"15b73844-d786-11ef-1a7e-43a2532b2fa8":[594.49805,92.06745,559.0,19.7708],"14adf026-d786-11ef-07ce-9747c186ce7e":[835.89905,804.5822,509.0,22.847937],"156dd5f8-d786-11ef-1a7e-43a2532b2fa8":[741.0679,278.59552,622.0,16.812471],"14fbeaf6-d786-11ef-1a7e-43a2532b2fa8":[493.66104,389.7528,483.0,21.616634],"1560efb4-d786-11ef-1a7e-43a2532b2fa8":[576.97546,979.39984,511.0,12.257336],"15531cb6-d786-11ef-1a7e-43a2532b2fa8":[714.0017,458.4161,508.0,15.716503],"15b41612-d786-11ef-1a59-6be8ccc438a2":[379.02698,554.97546,623.0,7.898654],"155a5762-d786-11ef-1a7e-43a2532b2fa8":[688.78925,229.03792,537.0,11.83454],"1556defc-d786-11ef-1a7e-43a2532b2fa8":[905.04504,256.9418,492.0,16.116478],"15a4a196-d786-11ef-1a7e-43a2532b2fa8":[130.12938,485.20166,614.0,8.884867],"1616dec8-d786-11ef-1a59-6be8ccc438a2":[811.48615,946.658,633.0,3.5682483],"15206462-d786-11ef-1a7e-43a2532b2fa8":[454.0714,647.55707,661.0,13.159049],"159d0a80-d786-11ef-1a7e-43a2532b2fa8":[996.9805,18.857325,651.0,11.562446],"15b2ca94-d786-11ef-1a7e-43a2532b2fa8":[7.6764803,34.20643,704.0,10.645108],"1616dde0-d786-11ef-1a7e-43a2532b2fa8":[52.57359,336.4889,691.0,7.484821],"15c1c4ec-d786-11ef-1a7e-43a2532b2fa8":[9.42776,105.21627,745.0,10.341766],"15409b12-d786-11ef-1a7e-43a2532b2fa8":[129.57622,427.45804,538.0,11.888212],"15933866-d786-11ef-1a59-6be8ccc438a2":[480.90652,109.1715,505.0,16.351768],"15aa1eee-d786-11ef-1a7e-43a2532b2fa8":[360.52185,359.01608,504.0,15.635281],"14adf01c-d786-11ef-1a7e-43a2532b2fa8":[724.20953,343.94574,597.0,26.17256],"15a2afe4-d786-11ef-1a7e-43a2532b2fa8":[522.48254,740.0762,627.0,8.136858],"15926602-d786-11ef-1a7e-43a2532b2fa8":[772.99255,896.593,503.0,16.273716],"15c136c6-d786-11ef-1a7e-43a2532b2fa8":[1014.8899,540.55804,614.0,6.675581]}