{"01b17d52-d787-11ef-2eac-81ac2e6b05df":[1020.01666,637.27686,378.0,8.214725],"0276a212-d787-11ef-1a7e-43a2532b2fa8":[25.11729,993.1668,633.0,4.370194],"02f1787a-d787-11ef-1a7e-43a2532b2fa8":[720.9644,44.74051,873.0,9.097283],"02656ac4-d787-11ef-1a7e-43a2532b2fa8":[54.100124,614.52527,679.0,8.058239],"01ed134e-d787-11ef-1a7e-43a2532b2fa8":[10.474083,636.37854,709.0,12.815924],"02345772-d787-11ef-1a7e-43a2532b2fa8":[448.49747,900.45276,600.0,5.86323],"0241d2ee-d787-11ef-1a7e-43a2532b2fa8":[29.439827,747.9763,644.0,5.411516],"02314152-d787-11ef-1a7e-43a2532b2fa8":[27.06793,300.91986,616.0,5.046265],"01707f64-d787-11ef-1a7e-43a2532b2fa8":[706.4951,881.9085,503.0,15.716503],"02733672-d787-11ef-1a7e-43a2532b2fa8":[5.640467,408.75388,769.0,7.9788456],"027d6cb4-d787-11ef-1a7e-43a2532b2fa8":[9.564536,66.04458,677.0,6.770275],"020dbff4-d787-11ef-1a59-6be8ccc438a2":[375.0734,828.311,611.0,8.519076],"01741d54-d787-11ef-1a7e-43a2532b2fa8":[33.632675,235.34146,600.0,17.33449],"023c4548-d787-11ef-1a7e-43a2532b2fa8":[240.00754,1000.562,622.0,5.170883],"01d1a3c2-d787-11ef-1a59-6be8ccc438a2":[487.37384,784.0489,696.0,11.283792],"01f04e6a-d787-11ef-1a7e-43a2532b2fa8":[908.8932,51.039284,634.0,12.565099],"01f25c78-d787-11ef-1a59-6be8ccc438a2":[523.3994,1019.3994,502.0,7.484821],"026f7fdc-d787-11ef-1a7e-43a2532b2fa8":[1018.75275,6.823238,652.0,6.770275],"01f355ce-d787-11ef-1a7e-43a2532b2fa8":[468.24872,443.67947,490.0,16.774563],"020984a2-d787-11ef-1a7e-43a2532b2fa8":[236.02403,767.1755,577.0,8.058239],"01d96aec-d787-11ef-1a59-6be8ccc438a2":[602.442,45.159664,572.0,22.73621],"01e7162e-d787-11ef-1a59-6be8ccc438a2":[898.4183,622.02655,490.0,15.38904],"014ccae2-d787-11ef-1a7e-43a2532b2fa8":[525.031,55.133785,565.0,13.303394],"025eb31e-d787-11ef-1a7e-43a2532b2fa8":[7.3970656,557.4137,835.0,11.507255],"01fc5868-d787-11ef-1a7e-43a2532b2fa8":[119.4491,785.5627,614.0,9.027034],"01e2f602-d787-11ef-1a7e-43a2532b2fa8":[425.0427,79.81032,604.0,10.881695],"01e2f640-d787-11ef-1a59-6be8ccc438a2":[1016.5484,410.1554,555.0,8.884867],"02037c04-d787-11ef-1a7e-43a2532b2fa8":[860.8936,749.9136,492.0,13.303394],"01128924-d787-11ef-1a7e-43a2532b2fa8":[567.5076,330.09473,575.0,19.049232],"022572b4-d787-11ef-1a7e-43a2532b2fa8":[1004.9906,788.96643,597.0,7.1364965],"0200c146-d787-11ef-1a7e-43a2532b2fa8":[701.94995,89.93469,589.0,9.236181],"01cbd792-d787-11ef-1a7e-43a2532b2fa8":[867.8065,104.61269,506.0,17.841242],"01128924-d787-11ef-1a59-6be8ccc438a2":[816.4355,316.30002,513.0,20.560047],"02214100-d787-11ef-1a7e-43a2532b2fa8":[495.8101,34.924465,545.0,11.562446],"020cec0a-d787-11ef-1a7e-43a2532b2fa8":[347.40054,658.35956,612.0,10.464158],"0239fa12-d787-11ef-1a7e-43a2532b2fa8":[523.93524,7.770811,696.0,7.8176403],"01f4ffd2-d787-11ef-1a7e-43a2532b2fa8":[680.5472,572.4055,530.0,11.780624],"01c1ddbe-d787-11ef-1a59-6be8ccc438a2":[589.3667,478.38736,476.0,18.299234],"0184634e-d787-11ef-1a7e-43a2532b2fa8":[1015.9855,555.13354,447.0,12.964089],"0156c40c-d787-11ef-1a7e-43a2532b2fa8":[114.24088,812.0828,560.0,10.881695],"01cca17c-d787-11ef-1a7e-43a2532b2fa8":[500.416,694.35864,538.0,12.964089],"01e64dfc-d787-11ef-1a7e-43a2532b2fa8":[737.82074,641.6221,689.0,10.464158],"01aaac72-d787-11ef-1a7e-43a2532b2fa8":[897.06006,130.39034,506.0,15.797308]}