{"4b018fe8-d786-11ef-1a7e-43a2532b2fa8":[53.165962,400.4783,688.0,7.735778],"4ad53ac4-d786-11ef-1a7e-43a2532b2fa8":[8.487733,122.62569,741.0,9.706685],"4ac3ba24-d786-11ef-1a7e-43a2532b2fa8":[7.699595,209.07344,796.0,11.562446],"4a72d168-d786-11ef-1a7e-43a2532b2fa8":[1018.1548,121.950905,494.0,9.027034],"4aba7f40-d786-11ef-1a59-6be8ccc438a2":[581.80554,151.36955,565.0,12.360774],"4a42e244-d786-11ef-1a7e-43a2532b2fa8":[1017.6073,209.18181,464.0,10.155413],"4ac5cf62-d786-11ef-1a7e-43a2532b2fa8":[218.51295,33.036232,579.0,6.5795245],"4a7255da-d786-11ef-1a7e-43a2532b2fa8":[508.0736,441.40802,485.0,15.471556],"4ac3ba4c-d786-11ef-1a59-6be8ccc438a2":[192.4968,29.4472,595.0,7.5693974],"49aaf94c-d786-11ef-07ce-9747c186ce7e":[834.73035,1000.4744,510.0,24.798683],"49d5f122-d786-11ef-1a7e-43a2532b2fa8":[450.8188,753.9789,513.0,23.124891],"4ac9dd3c-d786-11ef-1a7e-43a2532b2fa8":[37.508842,171.9857,610.0,5.86323],"4a93023a-d786-11ef-1a7e-43a2532b2fa8":[105.53209,10.6933775,506.0,9.027034],"4bc97b7a-d786-11ef-1a7e-43a2532b2fa8":[831.92084,3.5902777,969.0,2.5231326],"4a4aa3b4-d786-11ef-1a7e-43a2532b2fa8":[810.49274,12.495354,530.0,12.964089],"4ae11826-d786-11ef-1a7e-43a2532b2fa8":[342.4755,538.4594,613.0,5.046265],"4a9417e2-d786-11ef-1a59-6be8ccc438a2":[864.8252,501.0331,499.0,12.766153],"4a65e732-d786-11ef-1a7e-43a2532b2fa8":[805.4128,899.3943,492.0,16.351768],"49ad4ca4-d786-11ef-1a7e-43a2532b2fa8":[722.6653,512.69586,589.0,26.630705],"4ae762a8-d786-11ef-1a7e-43a2532b2fa8":[239.50494,887.3132,627.0,6.180387],"4a7f3a34-d786-11ef-1a7e-43a2532b2fa8":[772.57574,968.90985,578.0,12.51433],"4ac551e0-d786-11ef-1a7e-43a2532b2fa8":[575.50604,39.084938,588.0,7.8176403],"4a0ec218-d786-11ef-1a7e-43a2532b2fa8":[713.0999,556.54346,370.0,20.897875],"4adc26cc-d786-11ef-1a7e-43a2532b2fa8":[32.587135,628.98724,641.0,5.641896],"4a2b500e-d786-11ef-1a7e-43a2532b2fa8":[126.57024,517.12415,549.0,11.780624],"4adba5f8-d786-11ef-1a7e-43a2532b2fa8":[831.4946,972.0021,684.0,7.8176403],"4a918270-d786-11ef-1a7e-43a2532b2fa8":[244.42398,532.55505,531.0,11.396071],"4a8e6a04-d786-11ef-1a7e-43a2532b2fa8":[902.858,342.02185,498.0,15.26443],"4a6567a8-d786-11ef-1a7e-43a2532b2fa8":[126.45526,554.16656,621.0,8.740388],"4a8b335c-d786-11ef-1a7e-43a2532b2fa8":[358.0026,427.30035,499.0,15.756958],"4a954dce-d786-11ef-1a7e-43a2532b2fa8":[740.5503,362.1128,678.0,11.170383],"4ab67038-d786-11ef-1a7e-43a2532b2fa8":[1011.91833,597.53345,612.0,6.9557962],"4a77c9ac-d786-11ef-2eac-81ac2e6b05df":[687.4201,307.43872,477.0,14.841511],"4a74d95e-d786-11ef-1a7e-43a2532b2fa8":[490.8846,478.79153,493.0,20.18506],"4aa55688-d786-11ef-1a7e-43a2532b2fa8":[378.09116,617.70184,499.0,16.037281],"4a1fbe04-d786-11ef-1a7e-43a2532b2fa8":[596.0642,178.21643,475.0,18.746042],"4ab37e7a-d786-11ef-1a7e-43a2532b2fa8":[522.4653,806.0576,625.0,8.29186],"4a96953a-d786-11ef-1a7e-43a2532b2fa8":[478.0584,188.1699,500.0,16.622063],"4a60526a-d786-11ef-1a7e-43a2532b2fa8":[519.4155,1013.5768,719.0,9.77205],"4b004aac-d786-11ef-1a7e-43a2532b2fa8":[401.544,93.53016,623.0,5.170883],"4b36af5e-d786-11ef-1a7e-43a2532b2fa8":[594.9826,938.5082,739.0,5.170883],"4a706e6e-d786-11ef-1a7e-43a2532b2fa8":[10.754579,299.0096,640.0,9.901487]}