{"bc078810-d785-11ef-1a7e-43a2532b2fa8":[11.045813,30.42126,619.0,12.865502],"bbbd84e0-d785-11ef-1a59-6be8ccc438a2":[798.77454,1019.4087,399.0,8.667245],"bcadbe6a-d785-11ef-1a7e-43a2532b2fa8":[52.068363,229.49083,691.0,7.8176403],"bc78c366-d785-11ef-1a7e-43a2532b2fa8":[881.4789,45.848736,635.0,8.214725],"bc587ed2-d785-11ef-1a7e-43a2532b2fa8":[195.51001,915.5138,587.0,8.368284],"bc505cca-d785-11ef-1a59-6be8ccc438a2":[487.44907,1007.56635,513.0,11.170383],"bc947284-d785-11ef-1a7e-43a2532b2fa8":[238.96013,799.3838,637.0,5.2925673],"bc307a4a-d785-11ef-1a7e-43a2532b2fa8":[359.9398,996.5594,564.0,11.672045],"bc6f5896-d785-11ef-1a7e-43a2532b2fa8":[454.05286,619.976,604.0,6.0765076],"bc3ecbc2-d785-11ef-1a59-6be8ccc438a2":[744.02783,140.1192,695.0,10.645108],"bc8b444a-d785-11ef-1a7e-43a2532b2fa8":[347.0283,442.95975,618.0,5.170883],"bc027a82-d785-11ef-1a59-6be8ccc438a2":[994.8806,895.8155,574.0,15.138795],"bc6174ec-d785-11ef-1a59-6be8ccc438a2":[590.0057,15.046435,557.0,10.704744],"bc43724e-d785-11ef-1a7e-43a2532b2fa8":[133.95847,369.47775,622.0,8.59348],"bc116aa6-d785-11ef-1a59-6be8ccc438a2":[717.60345,299.02493,514.0,16.234549],"bc1e3ede-d785-11ef-1a59-6be8ccc438a2":[908.0577,116.35381,478.0,16.736568],"bb53e2f6-d785-11ef-0779-6fb39d34804e":[840.07556,477.25662,514.0,22.511093],"bc61f296-d785-11ef-1a7e-43a2532b2fa8":[221.52554,926.9639,576.0,7.399277],"bc02f9b0-d785-11ef-1a7e-43a2532b2fa8":[805.4564,666.1406,470.0,18.678],"bc2b6ba4-d785-11ef-2eac-81ac2e6b05df":[799.01855,10.627338,658.0,10.029253],"bc3281c0-d785-11ef-1a7e-43a2532b2fa8":[869.04816,302.77155,489.0,14.002817],"bbc0309e-d785-11ef-1a7e-43a2532b2fa8":[454.90466,472.6924,663.0,13.0619335],"bc43fcf0-d785-11ef-1a59-6be8ccc438a2":[522.1439,631.82794,505.0,15.430353],"bc54cfda-d785-11ef-1a7e-43a2532b2fa8":[381.45828,449.95822,623.0,7.898654],"bb53e2f6-d785-11ef-3931-4175e38e818b":[724.1383,70.12735,583.0,25.231325],"bc8cf978-d785-11ef-1a7e-43a2532b2fa8":[35.07117,534.97943,637.0,6.2825494],"bc39c5e6-d785-11ef-1a7e-43a2532b2fa8":[254.00746,346.9655,586.0,7.9788456],"bc847576-d785-11ef-1a7e-43a2532b2fa8":[958.94104,38.00049,597.0,8.058239],"bc9d0584-d785-11ef-1a7e-43a2532b2fa8":[341.55634,56.228046,624.0,7.1364965],"bcac22f0-d785-11ef-1a7e-43a2532b2fa8":[606.4655,963.89764,709.0,5.5279064],"bc0ee8bc-d785-11ef-1a7e-43a2532b2fa8":[548.01294,910.53864,622.0,10.823032],"bb85cd02-d785-11ef-1a7e-43a2532b2fa8":[403.91235,804.5797,508.0,17.661928],"bc570ec6-d785-11ef-1a7e-43a2532b2fa8":[110.53098,882.5183,578.0,8.29186],"bbbd84d6-d785-11ef-1a7e-43a2532b2fa8":[564.77216,853.35004,733.0,23.615227],"bc116a92-d785-11ef-1a7e-43a2532b2fa8":[520.8894,792.4773,537.0,19.248707],"bc0fef46-d785-11ef-1a7e-43a2532b2fa8":[134.94495,283.13266,576.0,10.155413],"bc7a1452-d785-11ef-1a7e-43a2532b2fa8":[46.449238,70.59004,600.0,7.5693974],"bc458eda-d785-11ef-1a7e-43a2532b2fa8":[364.9781,243.2552,497.0,15.837556],"bc3ecbae-d785-11ef-1a7e-43a2532b2fa8":[693.5219,98.03262,543.0,12.360774],"bc5d47e8-d785-11ef-1a7e-43a2532b2fa8":[1016.9096,444.94452,616.0,6.770275],"bc4b72fa-d785-11ef-1a59-6be8ccc438a2":[770.1054,776.9515,506.0,16.155931],"bbf9fede-d785-11ef-1a7e-43a2532b2fa8":[276.99475,963.5135,632.0,10.5851345],"bc0cc53c-d785-11ef-1a7e-43a2532b2fa8":[504.25745,240.52916,511.0,24.095585]}