{"64a5cbba-d786-11ef-1a7e-43a2532b2fa8":[7.840954,166.09613,776.0,10.881695],"646aa8c0-d786-11ef-1a59-6be8ccc438a2":[687.01263,347.56625,590.0,8.368284],"6385f1c6-d786-11ef-1a7e-43a2532b2fa8":[721.38446,595.39734,565.0,24.042686],"649e6ff2-d786-11ef-1a7e-43a2532b2fa8":[581.5453,175.6085,638.0,6.675581],"6491ffa6-d786-11ef-1a7e-43a2532b2fa8":[104.468285,39.961536,587.0,6.8636627],"64b50a46-d786-11ef-1a7e-43a2532b2fa8":[520.5128,34.325253,726.0,10.645108],"63c30016-d786-11ef-1a7e-43a2532b2fa8":[449.9615,810.1763,612.0,16.273716],"646fb176-d786-11ef-1a59-6be8ccc438a2":[523.6162,838.37177,621.0,8.368284],"6443b0bc-d786-11ef-1a7e-43a2532b2fa8":[475.96042,224.84538,641.0,9.166996],"646fb144-d786-11ef-1a7e-43a2532b2fa8":[126.043076,587.94116,619.0,8.812923],"644bc838-d786-11ef-1a7e-43a2532b2fa8":[903.30566,384.72357,497.0,15.512649],"64367a34-d786-11ef-1a7e-43a2532b2fa8":[773.1502,1003.9186,493.0,12.615663],"63b02766-d786-11ef-1a7e-43a2532b2fa8":[830.06323,11.566228,461.0,13.587484],"6470a55e-d786-11ef-1a7e-43a2532b2fa8":[243.49983,568.08325,581.0,7.9788456],"64b32578-d786-11ef-1a7e-43a2532b2fa8":[240.10739,904.45905,626.0,5.86323],"64acc71e-d786-11ef-1a7e-43a2532b2fa8":[342.5334,557.01294,611.0,5.046265],"649ef080-d786-11ef-1a59-6be8ccc438a2":[217.48114,57.387306,585.0,6.0765076],"64d98740-d786-11ef-1a7e-43a2532b2fa8":[830.0986,1018.7103,859.0,9.706685],"649c7c1a-d786-11ef-1a7e-43a2532b2fa8":[8.050117,260.99973,724.0,9.027034],"647d90d4-d786-11ef-1a7e-43a2532b2fa8":[571.95514,989.2983,639.0,10.464158],"642cb0f6-d786-11ef-1a7e-43a2532b2fa8":[806.019,942.72754,496.0,17.297726],"64755b1e-d786-11ef-1a59-6be8ccc438a2":[375.87906,649.90137,619.0,7.9788456],"6491608a-d786-11ef-1a7e-43a2532b2fa8":[1011.5342,625.98303,600.0,7.0467257],"648e6d14-d786-11ef-1a7e-43a2532b2fa8":[449.89276,767.03485,532.0,12.257336],"6448d210-d786-11ef-1a7e-43a2532b2fa8":[10.101965,348.8879,614.0,8.667245],"64f01aca-d786-11ef-1a7e-43a2532b2fa8":[833.98584,71.623116,704.0,4.6524267],"64702b12-d786-11ef-1a59-6be8ccc438a2":[357.10126,463.7248,511.0,14.798554],"6451fe62-d786-11ef-1a7e-43a2532b2fa8":[506.42313,480.15448,474.0,16.622063],"64a9c884-d786-11ef-1a7e-43a2532b2fa8":[31.957418,647.0837,646.0,5.9708214],"642a29bc-d786-11ef-1a7e-43a2532b2fa8":[595.9131,224.0278,477.0,18.678],"645baaee-d786-11ef-1a7e-43a2532b2fa8":[865.17834,538.70105,488.0,13.819766],"64633df4-d786-11ef-1a59-6be8ccc438a2":[739.35846,404.18082,510.0,18.437868],"642b4400-d786-11ef-1a59-6be8ccc438a2":[1017.6547,262.41867,465.0,10.5851345],"6435f936-d786-11ef-1a7e-43a2532b2fa8":[1017.59827,166.03503,492.0,9.304853],"64b20a3a-d786-11ef-1a7e-43a2532b2fa8":[192.00208,55.150448,625.0,4.918491],"649c7c1a-d786-11ef-1a59-6be8ccc438a2":[35.50762,191.51173,611.0,5.86323],"640f6abe-d786-11ef-1a7e-43a2532b2fa8":[811.2533,55.046413,536.0,13.865755],"644f5be4-d786-11ef-1a7e-43a2532b2fa8":[491.15094,527.2395,505.0,19.31474],"642f4532-d786-11ef-1a7e-43a2532b2fa8":[123.28106,560.02936,573.0,9.574615],"64c982fa-d786-11ef-1a7e-43a2532b2fa8":[53.056126,432.99924,686.0,8.368284],"64fdd92e-d786-11ef-1a7e-43a2532b2fa8":[594.4802,958.43164,739.0,5.641896]}