{"c806f288-d785-11ef-1a7e-43a2532b2fa8":[46.513683,78.5391,602.0,7.3127327],"c8380178-d785-11ef-1a7e-43a2532b2fa8":[238.97865,806.94995,632.0,5.86323],"c7b91610-d785-11ef-1a7e-43a2532b2fa8":[486.47964,6.212269,508.0,9.236181],"c820f0be-d785-11ef-1a7e-43a2532b2fa8":[34.514736,542.4898,649.0,5.5279064],"c74ce1ca-d785-11ef-1a7e-43a2532b2fa8":[1020.6407,54.686752,352.0,5.7536273],"c7f52a92-d785-11ef-1a7e-43a2532b2fa8":[1017.6522,457.51373,637.0,8.519076],"c808ce32-d785-11ef-1a7e-43a2532b2fa8":[606.52844,983.6723,658.0,9.836982],"c7feb012-d785-11ef-1a7e-43a2532b2fa8":[589.548,25.530985,580.0,10.403142],"c7f83516-d785-11ef-1a7e-43a2532b2fa8":[221.47446,937.39764,580.0,7.1364965],"c827b26e-d785-11ef-1a7e-43a2532b2fa8":[346.49213,451.01022,615.0,5.411516],"c7bf5942-d785-11ef-1a7e-43a2532b2fa8":[361.21902,1010.55756,489.0,13.44619],"c794b252-d785-11ef-1a7e-43a2532b2fa8":[561.63916,877.54675,512.0,31.715284],"c8083b0a-d785-11ef-1a7e-43a2532b2fa8":[453.49478,629.4196,606.0,5.9708214],"c7d57e4a-d785-11ef-1a7e-43a2532b2fa8":[364.55664,258.97412,625.0,8.29186],"c854a95e-d785-11ef-1a7e-43a2532b2fa8":[342.0304,66.747185,646.0,4.068429],"c7d7fc24-d785-11ef-1a59-6be8ccc438a2":[799.48083,26.909378,661.0,10.704744],"c7bb5218-d785-11ef-1a7e-43a2532b2fa8":[867.8217,319.51498,503.0,13.110581],"c79de3b8-d785-11ef-1a7e-43a2532b2fa8":[742.2375,154.27542,490.0,19.706295],"c7d7247a-d785-11ef-1a7e-43a2532b2fa8":[379.68442,463.29602,501.0,15.30608],"c6dbd00c-d785-11ef-1121-29b685de3439":[838.9486,520.0079,511.0,22.680141],"c8563d50-d785-11ef-1a7e-43a2532b2fa8":[52.194717,243.52475,691.0,7.399277],"c747639e-d785-11ef-1a7e-43a2532b2fa8":[405.04233,830.076,591.0,12.41217],"c849a714-d785-11ef-1a7e-43a2532b2fa8":[880.9867,64.28087,637.0,7.3127327],"c783417a-d785-11ef-1a59-6be8ccc438a2":[716.3544,319.98898,512.0,16.037281],"c7c85c92-d785-11ef-1a7e-43a2532b2fa8":[504.86868,259.604,508.0,24.30603],"c782b2aa-d785-11ef-1a7e-43a2532b2fa8":[995.9919,914.5728,570.0,17.260881],"c7bc505a-d785-11ef-1a7e-43a2532b2fa8":[520.0184,810.82513,728.0,10.464158],"c7aa8930-d785-11ef-1a7e-43a2532b2fa8":[908.1499,134.89131,496.0,15.635281],"c7bac6e0-d785-11ef-1a7e-43a2532b2fa8":[806.2663,684.9868,472.0,18.472363],"c72b76de-d785-11ef-1a7e-43a2532b2fa8":[455.47815,493.8152,511.0,18.712051],"c833866e-d785-11ef-1a7e-43a2532b2fa8":[959.4828,50.606697,611.0,6.770275],"c7efeac8-d785-11ef-1a7e-43a2532b2fa8":[110.68882,894.97034,590.0,7.5693974],"c7741d30-d785-11ef-1a7e-43a2532b2fa8":[133.97968,302.16638,554.0,11.617374],"c6dd2da8-d785-11ef-1a7e-43a2532b2fa8":[721.2764,105.42967,338.0,29.054394],"c82f6086-d785-11ef-1a7e-43a2532b2fa8":[486.4199,1017.6239,727.0,8.444016],"c7b71d06-d785-11ef-1a7e-43a2532b2fa8":[276.36926,979.493,635.0,10.341766],"c7e81050-d785-11ef-1a7e-43a2532b2fa8":[133.52815,385.1107,622.0,8.812923],"c7cf62e6-d785-11ef-1a7e-43a2532b2fa8":[770.04553,792.4211,510.0,15.997536],"c77a8e2c-d785-11ef-1a7e-43a2532b2fa8":[548.15027,926.00507,815.0,18.194567],"c7d50014-d785-11ef-1a7e-43a2532b2fa8":[522.9517,644.205,508.0,14.927053],"c7f2acd6-d785-11ef-1a7e-43a2532b2fa8":[194.2665,926.4545,596.0,7.898654],"c78ac756-d785-11ef-1a7e-43a2532b2fa8":[691.1535,114.374275,465.0,15.877703],"c77d23da-d785-11ef-1a7e-43a2532b2fa8":[10.552714,52.450638,619.0,9.574615],"c7c8dbfe-d785-11ef-1a7e-43a2532b2fa8":[252.45699,361.98016,533.0,11.83454]}