{"1c643b12-d787-11ef-1a7e-43a2532b2fa8":[961.4243,985.6706,837.0,7.65304],"1c38fd58-d787-11ef-1a7e-43a2532b2fa8":[447.53763,923.9957,592.0,6.0765076],"1c63bb74-d787-11ef-1a7e-43a2532b2fa8":[8.5186405,81.03026,687.0,6.3830767],"1b5c498a-d787-11ef-1a7e-43a2532b2fa8":[1015.22906,607.5264,487.0,11.562446],"1c3bfde6-d787-11ef-1a7e-43a2532b2fa8":[524.5371,34.888515,621.0,8.884867],"1bc75892-d787-11ef-1a7e-43a2532b2fa8":[1016.18475,451.48514,517.0,11.83454],"1be159a4-d787-11ef-1a7e-43a2532b2fa8":[8.727512,687.2509,642.0,9.706685],"1bf0bf3e-d787-11ef-1a7e-43a2532b2fa8":[234.48682,799.81525,572.0,8.444016],"1c6da67c-d787-11ef-1a59-6be8ccc438a2":[591.03217,54.555176,721.0,6.9557962],"1c7b6e04-d787-11ef-1a7e-43a2532b2fa8":[21.112461,1021.28265,696.0,4.918491],"1c721728-d787-11ef-1a7e-43a2532b2fa8":[987.50635,966.63306,642.0,5.7536273],"1c63bb94-d787-11ef-1a59-6be8ccc438a2":[56.00019,645.9628,680.0,8.058239],"1c17fd9c-d787-11ef-1a7e-43a2532b2fa8":[1004.4299,818.53357,585.0,7.0467257],"1bfc79fa-d787-11ef-1a7e-43a2532b2fa8":[866.58856,142.9888,517.0,17.517155],"1c1c5888-d787-11ef-1a7e-43a2532b2fa8":[22.878359,5.5952377,511.0,8.214725],"1c35681c-d787-11ef-1a7e-43a2532b2fa8":[24.576454,319.88562,601.0,6.3830767],"1c0a7064-d787-11ef-1a7e-43a2532b2fa8":[861.12415,786.3465,580.0,8.444016],"1be348cc-d787-11ef-1a7e-43a2532b2fa8":[422.514,121.87634,617.0,9.77205],"1c2153e2-d787-11ef-1a7e-43a2532b2fa8":[495.7384,62.566666,553.0,13.303394],"1be6d142-d787-11ef-1a7e-43a2532b2fa8":[679.5097,612.45984,532.0,12.100518],"1bdab57c-d787-11ef-1a7e-43a2532b2fa8":[898.66626,664.86804,486.0,15.917747],"1bdc4888-d787-11ef-1a7e-43a2532b2fa8":[605.81506,98.83516,491.0,18.229523],"1bd37cda-d787-11ef-1a59-6be8ccc438a2":[499.92276,732.6528,537.0,12.153015],"1c6da5bc-d787-11ef-1a7e-43a2532b2fa8":[6.8622923,451.47748,809.0,9.236181],"1bf45b08-d787-11ef-1a7e-43a2532b2fa8":[118.91373,819.37524,612.0,9.304853],"1c3dfef2-d787-11ef-1a7e-43a2532b2fa8":[575.5648,346.53784,634.0,6.180387],"1c4e5312-d787-11ef-1a7e-43a2532b2fa8":[239.94086,1016.9405,602.0,7.3127327],"1cdc80fc-d787-11ef-1a7e-43a2532b2fa8":[721.06366,126.142044,834.0,5.170883],"1baa0800-d787-11ef-1a7e-43a2532b2fa8":[1019.9837,687.8951,419.0,6.675581],"1c409a84-d787-11ef-1a7e-43a2532b2fa8":[29.52267,765.47174,603.0,7.5693974],"1b7bb806-d787-11ef-1a7e-43a2532b2fa8":[563.627,395.92316,504.0,20.466944],"1bf1bdee-d787-11ef-1a59-6be8ccc438a2":[737.84247,683.13837,505.0,18.847649],"1b8ec9f0-d787-11ef-1a7e-43a2532b2fa8":[705.99884,930.9237,401.0,18.81384],"1c3e7bac-d787-11ef-1a7e-43a2532b2fa8":[1017.9446,31.962452,659.0,8.740388],"1bfb7e30-d787-11ef-1a7e-43a2532b2fa8":[909.08875,84.6393,672.0,10.645108],"1be760e2-d787-11ef-1a7e-43a2532b2fa8":[587.74,521.5544,560.0,15.553634],"1ba190a8-d787-11ef-1a7e-43a2532b2fa8":[816.5994,367.42545,342.0,33.982765],"1c5b99e4-d787-11ef-1a7e-43a2532b2fa8":[8.099686,608.15955,831.0,11.396071],"1bfe9e24-d787-11ef-1a7e-43a2532b2fa8":[466.35565,481.07355,636.0,9.097283],"1b71b91e-d787-11ef-1a7e-43a2532b2fa8":[522.84674,106.458534,547.0,15.222667],"1bf45b1c-d787-11ef-1a59-6be8ccc438a2":[488.11758,828.50946,691.0,11.340071],"1bb60376-d787-11ef-1a7e-43a2532b2fa8":[32.254868,300.34766,597.0,16.698486],"1bb21892-d787-11ef-1a7e-43a2532b2fa8":[114.3843,854.41046,556.0,10.704744],"1be9ffb4-d787-11ef-1a7e-43a2532b2fa8":[895.9495,170.83344,493.0,16.42945],"1bca7f6a-d787-11ef-1a7e-43a2532b2fa8":[346.5067,686.84436,512.0,20.806284],"1bf0434c-d787-11ef-1a7e-43a2532b2fa8":[375.22742,860.88824,512.0,13.865755],"1c0f17a4-d787-11ef-1a7e-43a2532b2fa8":[700.27704,126.52464,507.0,14.138551]}