{"c3b2ae32-d785-11ef-1a7e-43a2532b2fa8":[276.40063,974.00507,631.0,10.52482],"c3c86722-d785-11ef-1a7e-43a2532b2fa8":[359.9848,1006.0342,593.0,8.519076],"c38abc54-d785-11ef-1a7e-43a2532b2fa8":[995.4404,909.4924,575.0,15.26443],"c3d8002e-d785-11ef-1a7e-43a2532b2fa8":[486.99225,1015.1485,727.0,11.83454],"c3356846-d785-11ef-1a7e-43a2532b2fa8":[455.54404,487.60223,511.0,18.054068],"c3e4f586-d785-11ef-1a7e-43a2532b2fa8":[133.39122,380.14276,615.0,9.236181],"c3ddd940-d785-11ef-1a7e-43a2532b2fa8":[194.89297,923.0545,593.0,7.898654],"c3ad4b90-d785-11ef-1a7e-43a2532b2fa8":[799.47546,19.651636,652.0,10.155413],"c446b19c-d785-11ef-1a7e-43a2532b2fa8":[51.58012,239.54184,688.0,7.8176403],"c3e699f4-d785-11ef-1a59-6be8ccc438a2":[523.5333,639.93396,625.0,8.368284],"c40068fc-d785-11ef-1a7e-43a2532b2fa8":[452.97702,626.54156,605.0,5.86323],"c3aa5746-d785-11ef-1a7e-43a2532b2fa8":[743.5694,151.62137,523.0,18.299234],"c432dd66-d785-11ef-1a59-6be8ccc438a2":[605.5248,975.57367,644.0,7.9788456],"c3dcafca-d785-11ef-1a7e-43a2532b2fa8":[381.5768,458.78796,509.0,14.841511],"c3cefcae-d785-11ef-1a7e-43a2532b2fa8":[252.97464,356.97678,585.0,7.9788456],"c4108d4a-d785-11ef-1a7e-43a2532b2fa8":[46.48691,76.03957,600.0,8.058239],"c3ef4c5c-d785-11ef-1a7e-43a2532b2fa8":[1017.47675,453.55142,616.0,6.5795245],"c37831bc-d785-11ef-1a7e-43a2532b2fa8":[716.97815,313.03674,512.0,15.30608],"c3eab052-d785-11ef-1a7e-43a2532b2fa8":[109.979034,890.4171,589.0,7.3127327],"c2e2bc4a-d785-11ef-3931-4175e38e818b":[724.20465,93.57751,565.0,25.256544],"c38e330e-d785-11ef-1a7e-43a2532b2fa8":[10.625685,45.456062,613.0,10.881695],"c3ebaf98-d785-11ef-1a7e-43a2532b2fa8":[588.84033,21.895891,566.0,9.574615],"c42f9dca-d785-11ef-1a7e-43a2532b2fa8":[881.0056,57.14436,657.0,7.0467257],"c421b598-d785-11ef-1a7e-43a2532b2fa8":[346.42297,447.9463,617.0,5.046265],"c3a287fa-d785-11ef-1a7e-43a2532b2fa8":[133.90594,294.95935,558.0,11.055813],"c4272960-d785-11ef-1a7e-43a2532b2fa8":[238.99138,804.4478,632.0,5.7536273],"c3d92db4-d785-11ef-1a7e-43a2532b2fa8":[770.0746,788.1022,504.0,16.312788],"c432dcb0-d785-11ef-1a7e-43a2532b2fa8":[341.98193,62.780174,647.0,3.9088202],"c427a84a-d785-11ef-1a7e-43a2532b2fa8":[959.99445,46.584694,612.0,6.5795245],"c375805c-d785-11ef-1a7e-43a2532b2fa8":[520.0958,805.46875,726.0,10.940042],"c3d92dd0-d785-11ef-1a59-6be8ccc438a2":[868.43463,313.8804,500.0,13.159049],"c3a95e90-d785-11ef-1a7e-43a2532b2fa8":[806.19977,678.4705,469.0,18.678],"c40a82d6-d785-11ef-1a7e-43a2532b2fa8":[34.54414,539.9811,642.0,5.9708214],"c3476ff8-d785-11ef-1a7e-43a2532b2fa8":[562.6109,869.521,513.0,30.38254],"c390545e-d785-11ef-1a59-6be8ccc438a2":[692.3356,109.34993,414.0,19.446135],"c382b56a-d785-11ef-1a7e-43a2532b2fa8":[504.20865,254.19017,510.0,24.06915],"c2e2bc4a-d785-11ef-1121-29b685de3439":[840.11487,506.43652,534.0,20.989065],"c3e5cbd2-d785-11ef-1a7e-43a2532b2fa8":[363.86804,254.47273,626.0,8.214725],"c4e28822-d785-11ef-1a7e-43a2532b2fa8":[370.74524,460.97653,902.0,4.222008],"c31a0928-d785-11ef-1a7e-43a2532b2fa8":[404.5755,819.92194,508.0,17.805523],"c3f7f794-d785-11ef-1a7e-43a2532b2fa8":[221.52248,933.90717,575.0,7.65304],"c3b199a2-d785-11ef-1a59-6be8ccc438a2":[907.4565,128.94595,505.0,15.180789],"c3480eec-d785-11ef-1a7e-43a2532b2fa8":[547.58655,920.86334,494.0,16.506763]}