{"0e6e472e-d786-11ef-1a7e-43a2532b2fa8":[33.442074,588.5428,661.0,6.5795245],"0e356b7a-d786-11ef-1a7e-43a2532b2fa8":[220.08919,1001.0602,583.0,5.7536273],"0e215b44-d786-11ef-1a7e-43a2532b2fa8":[249.70523,453.09543,534.0,12.91489],"0e69baf6-d786-11ef-1a7e-43a2532b2fa8":[344.47913,497.49084,613.0,5.046265],"0e41246a-d786-11ef-1a7e-43a2532b2fa8":[7.5321193,22.20188,709.0,9.965575],"0e439e98-d786-11ef-1a7e-43a2532b2fa8":[1016.43335,531.4907,605.0,6.9557962],"0e356bb8-d786-11ef-1a59-6be8ccc438a2":[521.76044,730.52704,505.0,15.471556],"0e0d0464-d786-11ef-1a7e-43a2532b2fa8":[904.35394,244.94081,495.0,15.837556],"0e22ccac-d786-11ef-1a7e-43a2532b2fa8":[107.018776,968.2119,552.0,10.280024],"0e0df8c6-d786-11ef-1a7e-43a2532b2fa8":[481.35556,99.61066,510.0,16.116478],"0de9f140-d786-11ef-1a7e-43a2532b2fa8":[740.151,268.11426,492.0,20.026743],"0e62343e-d786-11ef-1a7e-43a2532b2fa8":[41.593178,127.99082,609.0,8.29186],"0e38633e-d786-11ef-1a7e-43a2532b2fa8":[129.47812,473.94742,618.0,9.236181],"0e76861e-d786-11ef-1a7e-43a2532b2fa8":[547.9757,7.1941023,759.0,9.373021],"0e2e07a4-d786-11ef-1a7e-43a2532b2fa8":[193.57396,993.992,586.0,7.735778],"0d7e927e-d786-11ef-1a7e-43a2532b2fa8":[403.41748,982.5813,511.0,17.112717],"0e1ee5ec-d786-11ef-1a59-6be8ccc438a2":[689.939,216.86908,486.0,13.819766],"0e1e6bf0-d786-11ef-1a7e-43a2532b2fa8":[360.46042,349.03644,513.0,14.538149],"0e3c28ac-d786-11ef-1a7e-43a2532b2fa8":[378.97455,545.924,620.0,8.136858],"0e0bddf0-d786-11ef-1a7e-43a2532b2fa8":[576.3108,968.0819,532.0,13.0131035],"0e970b46-d786-11ef-1a7e-43a2532b2fa8":[52.0023,326.97583,687.0,8.058239],"0d41ff9e-d786-11ef-1a7e-43a2532b2fa8":[722.37585,319.26602,580.0,26.702324],"0e0b62ba-d786-11ef-1a7e-43a2532b2fa8":[510.97974,353.99457,549.0,13.865755],"0e575172-d786-11ef-1a7e-43a2532b2fa8":[452.01715,690.03564,605.0,5.9708214],"0e3f14b0-d786-11ef-1a7e-43a2532b2fa8":[9.239691,89.00739,737.0,10.155413],"0d9535f6-d786-11ef-1a7e-43a2532b2fa8":[1016.4934,89.14097,397.0,12.047792],"0de0566a-d786-11ef-1a7e-43a2532b2fa8":[595.6973,82.0081,512.0,24.148369],"0e19a17e-d786-11ef-1a7e-43a2532b2fa8":[547.3924,1018.7723,511.0,8.59348],"0df8e100-d786-11ef-1a7e-43a2532b2fa8":[130.02283,415.64893,569.0,10.464158],"0e0f1326-d786-11ef-1a7e-43a2532b2fa8":[520.0234,920.5293,727.0,11.170383],"0e886ece-d786-11ef-1a7e-43a2532b2fa8":[276.99402,51.77471,680.0,5.411516],"0d3a0fb4-d786-11ef-19b6-2351fdb02228":[836.2097,777.8513,507.0,23.069767],"0dceff54-d786-11ef-1a7e-43a2532b2fa8":[715.13025,445.02838,413.0,18.541162],"0e2563c4-d786-11ef-1a7e-43a2532b2fa8":[771.03937,887.396,508.0,16.07693],"0e10a8f8-d786-11ef-1a59-6be8ccc438a2":[997.0464,10.589216,721.0,13.255454],"0e362588-d786-11ef-1a7e-43a2532b2fa8":[867.0188,416.14328,544.0,12.565099],"0d452610-d786-11ef-1a7e-43a2532b2fa8":[454.1749,630.21765,513.0,19.867165],"0e021cfc-d786-11ef-1a7e-43a2532b2fa8":[10.039873,183.03697,642.0,9.836982],"0ee39a22-d786-11ef-1a7e-43a2532b2fa8":[552.01807,47.22133,820.0,8.519076],"0e7c3a0a-d786-11ef-1a7e-43a2532b2fa8":[238.43091,849.9866,634.0,5.411516],"0dbca654-d786-11ef-1a7e-43a2532b2fa8":[806.6487,799.79755,447.0,19.835096],"0dc23ec0-d786-11ef-1a7e-43a2532b2fa8":[493.55698,377.50238,703.0,10.704744]}