{"6b705278-d786-11ef-1a7e-43a2532b2fa8":[376.40393,658.8534,513.0,14.272993],"6b4ec036-d786-11ef-1a7e-43a2532b2fa8":[686.482,358.44336,483.0,14.317527],"6b99eb56-d786-11ef-1a7e-43a2532b2fa8":[35.573685,197.04034,607.0,5.5279064],"6b7b51fc-d786-11ef-1a7e-43a2532b2fa8":[356.52176,473.6231,620.0,8.59348],"6b93a142-d786-11ef-1a7e-43a2532b2fa8":[449.9473,773.4328,541.0,11.227231],"6b4b8d1c-d786-11ef-1a7e-43a2532b2fa8":[864.48126,549.0799,487.0,13.773623],"6b169d00-d786-11ef-1a7e-43a2532b2fa8":[1017.0819,276.73773,443.0,11.507255],"6b1e3f2e-d786-11ef-1a7e-43a2532b2fa8":[900.7466,395.9443,771.0,16.42945],"6bd209dc-d786-11ef-1a7e-43a2532b2fa8":[192.00075,64.43605,641.0,4.222008],"6b9cd870-d786-11ef-1a7e-43a2532b2fa8":[8.524814,276.70435,807.0,11.994835],"6b883bfe-d786-11ef-1a7e-43a2532b2fa8":[1010.93567,634.4986,581.0,8.884867],"6baf6e70-d786-11ef-1a7e-43a2532b2fa8":[8.446711,177.99779,783.0,10.881695],"6b341682-d786-11ef-1a59-6be8ccc438a2":[808.9573,68.113686,546.0,13.44619],"6bd7e906-d786-11ef-1a7e-43a2532b2fa8":[54.302723,441.50482,690.0,7.735778],"6b15a4b8-d786-11ef-1a7e-43a2532b2fa8":[571.0019,1006.74994,609.0,12.463355],"6bb1f75a-d786-11ef-1a7e-43a2532b2fa8":[238.933,909.46765,626.0,6.0765076],"6aee954e-d786-11ef-1a7e-43a2532b2fa8":[124.04519,576.2318,375.0,20.652729],"6b6603a4-d786-11ef-1a59-6be8ccc438a2":[740.7308,415.49875,692.0,10.5851345],"6baa0374-d786-11ef-1a7e-43a2532b2fa8":[342.02737,561.9526,611.0,5.046265],"6b3c4140-d786-11ef-1a7e-43a2532b2fa8":[10.255852,364.0235,691.0,14.317527],"6b4f4e02-d786-11ef-1a7e-43a2532b2fa8":[124.945496,597.9123,608.0,9.373021],"6b2d6f58-d786-11ef-1a7e-43a2532b2fa8":[490.5172,539.327,496.0,19.673964],"6b67075e-d786-11ef-1a7e-43a2532b2fa8":[596.0574,236.44086,651.0,9.77205],"6b73e438-d786-11ef-1a7e-43a2532b2fa8":[243.56654,577.56305,584.0,7.735778],"6b271040-d786-11ef-1a7e-43a2532b2fa8":[773.72845,1013.33673,499.0,13.634257],"6b23f9e4-d786-11ef-1a7e-43a2532b2fa8":[507.0765,491.64954,603.0,9.027034],"6b8b9088-d786-11ef-1a7e-43a2532b2fa8":[582.12256,183.55728,633.0,6.9557962],"6b4c8294-d786-11ef-1a7e-43a2532b2fa8":[1018.22156,177.94745,508.0,9.304853],"6b3b49a2-d786-11ef-1a7e-43a2532b2fa8":[805.9998,954.5635,472.0,18.194567],"6b9dcfc8-d786-11ef-1a7e-43a2532b2fa8":[104.49342,46.704723,585.0,6.4820447],"6b057ebc-d786-11ef-1a7e-43a2532b2fa8":[829.4364,20.679783,535.0,13.493452],"6bf4e402-d786-11ef-1a7e-43a2532b2fa8":[520.9651,46.568306,797.0,6.0765076],"6b64608a-d786-11ef-1a7e-43a2532b2fa8":[475.45905,237.58322,642.0,8.956232],"6ba7a71e-d786-11ef-1a7e-43a2532b2fa8":[32.00056,652.03107,652.0,5.170883],"6a80e8c8-d786-11ef-2eac-81ac2e6b05df":[719.87103,618.47235,512.0,24.82434],"6bc1dcc4-d786-11ef-1a7e-43a2532b2fa8":[217.40733,65.29358,606.0,5.2925673],"6c0006d4-d786-11ef-1a7e-43a2532b2fa8":[594.4501,962.68823,735.0,5.86323],"6ac068ec-d786-11ef-1a7e-43a2532b2fa8":[450.53992,826.743,513.0,17.589691],"6b7839e8-d786-11ef-1a7e-43a2532b2fa8":[522.4615,847.9147,616.0,8.956232]}