{"46867030-d786-11ef-1a7e-43a2532b2fa8":[1018.1802,116.047195,483.0,9.304853],"471f5e1e-d786-11ef-1a7e-43a2532b2fa8":[830.9904,963.9909,703.0,5.2925673],"4726f1ec-d786-11ef-1a7e-43a2532b2fa8":[52.51753,396.0011,687.0,7.3127327],"45d7d3a6-d786-11ef-1a59-6be8ccc438a2":[835.4739,986.18866,556.0,22.053968],"4713aa92-d786-11ef-1a7e-43a2532b2fa8":[239.57059,885.4288,627.0,5.86323],"46f49fe4-d786-11ef-1a7e-43a2532b2fa8":[37.41438,168.92511,606.0,6.8636627],"46c293be-d786-11ef-1a7e-43a2532b2fa8":[507.95816,436.01645,551.0,14.450304],"46b53f2a-d786-11ef-1a7e-43a2532b2fa8":[902.857,336.03647,482.0,16.850294],"470aec2c-d786-11ef-1a7e-43a2532b2fa8":[342.50354,536.5431,613.0,5.2925673],"46dd18f8-d786-11ef-1a7e-43a2532b2fa8":[576.55615,32.5268,578.0,9.027034],"4708421a-d786-11ef-1a7e-43a2532b2fa8":[7.7872663,114.2882,714.0,9.304853],"46ed091e-d786-11ef-1a7e-43a2532b2fa8":[583.07324,145.36671,551.0,13.303394],"461b20fc-d786-11ef-1a7e-43a2532b2fa8":[711.3875,549.03955,510.0,15.553634],"469efc6a-d786-11ef-1a7e-43a2532b2fa8":[10.703065,291.4853,693.0,14.450304],"46cb04ea-d786-11ef-1a7e-43a2532b2fa8":[771.59326,963.3634,599.0,11.617374],"466460a0-d786-11ef-1a7e-43a2532b2fa8":[1016.89594,201.4744,447.0,10.704744],"46b2193a-d786-11ef-1a7e-43a2532b2fa8":[126.443886,547.96564,621.0,8.740388],"46f8aa58-d786-11ef-1a7e-43a2532b2fa8":[218.52199,29.537062,567.0,7.735778],"46aab334-d786-11ef-1a7e-43a2532b2fa8":[522.4745,800.96674,509.0,14.712264],"47302776-d786-11ef-1a7e-43a2532b2fa8":[401.9519,85.02771,623.0,4.068429],"46bd77d0-d786-11ef-1a7e-43a2532b2fa8":[520.02954,1009.8759,709.0,9.440698],"46d491b8-d786-11ef-1a7e-43a2532b2fa8":[357.43582,423.57303,575.0,13.255454],"467b1fe8-d786-11ef-1a7e-43a2532b2fa8":[125.36388,511.11584,561.0,10.764051],"4741b2c0-d786-11ef-1a7e-43a2532b2fa8":[548.98584,81.94261,658.0,3.9088202],"46d09aa6-d786-11ef-1a7e-43a2532b2fa8":[477.3392,181.83873,519.0,15.138795],"46c9afc8-d786-11ef-1a7e-43a2532b2fa8":[105.52444,8.264645,584.0,7.1364965],"46d8820a-d786-11ef-1a59-6be8ccc438a2":[378.15784,613.494,621.0,7.9788456],"46c293d2-d786-11ef-1a59-6be8ccc438a2":[687.292,303.33203,475.0,15.26443],"473a2ba4-d786-11ef-1a7e-43a2532b2fa8":[810.72595,1019.34766,803.0,8.444016],"46f6aae6-d786-11ef-1a7e-43a2532b2fa8":[8.434925,201.58087,806.0,12.100518],"469fa0ac-d786-11ef-1a59-6be8ccc438a2":[805.46643,892.8044,482.0,17.553461],"46ec0c44-d786-11ef-1a7e-43a2532b2fa8":[1012.97614,592.9582,602.0,7.484821],"47084224-d786-11ef-1a59-6be8ccc438a2":[32.623566,626.4857,654.0,5.641896],"46b3cfca-d786-11ef-1a7e-43a2532b2fa8":[490.99445,473.36533,697.0,11.227231],"46bf6568-d786-11ef-1a59-6be8ccc438a2":[864.802,496.16888,494.0,13.44619],"46f212a6-d786-11ef-1a7e-43a2532b2fa8":[192.54233,25.491009,600.0,6.770275],"464b4d90-d786-11ef-1a7e-43a2532b2fa8":[811.1744,10.65118,541.0,12.309163],"46ce8e30-d786-11ef-1a7e-43a2532b2fa8":[244.9728,528.72974,534.0,12.41217],"45dafbda-d786-11ef-1a7e-43a2532b2fa8":[721.5179,500.17218,592.0,26.53491],"468273c4-d786-11ef-1a7e-43a2532b2fa8":[596.0767,171.15318,467.0,19.380548],"46062600-d786-11ef-1a7e-43a2532b2fa8":[451.30826,746.7148,509.0,20.806284],"46ba5d2a-d786-11ef-1a7e-43a2532b2fa8":[739.9523,356.16757,513.0,18.403307]}