{"d7146768-d785-11ef-1a7e-43a2532b2fa8":[11.157798,80.99074,617.0,9.640876],"d766cc10-d785-11ef-1a7e-43a2532b2fa8":[221.03926,951.798,523.0,11.396071],"d78b1c96-d785-11ef-1a7e-43a2532b2fa8":[587.9115,39.56786,624.0,8.214725],"d797095c-d785-11ef-1a7e-43a2532b2fa8":[346.58447,460.86722,615.0,5.046265],"d792c28e-d785-11ef-1a7e-43a2532b2fa8":[239.59293,816.50116,629.0,5.7536273],"d71049da-d785-11ef-1a7e-43a2532b2fa8":[359.4384,1020.63324,424.0,5.046265],"d74ec58e-d785-11ef-1a7e-43a2532b2fa8":[769.23737,812.7238,513.0,15.957691],"d78fc890-d785-11ef-1a7e-43a2532b2fa8":[5.1444597,1007.2147,631.0,8.444016],"d74a4dec-d785-11ef-1a59-6be8ccc438a2":[359.92804,8.339022,651.0,9.706685],"d7246296-d785-11ef-1a7e-43a2532b2fa8":[276.98987,1001.107,625.0,10.09253],"d723e5f8-d785-11ef-1a7e-43a2532b2fa8":[577.9185,885.5211,524.0,12.360774],"d652f178-d785-11ef-1a7e-43a2532b2fa8":[552.8456,936.2749,708.0,22.847937],"d78e4984-d785-11ef-1a7e-43a2532b2fa8":[453.04617,643.5468,607.0,5.7536273],"d748c3e6-d785-11ef-1a7e-43a2532b2fa8":[109.00108,912.1246,573.0,8.740388],"d722b5f2-d785-11ef-1a59-6be8ccc438a2":[484.7714,20.859293,530.0,11.283792],"d7979af2-d785-11ef-1a7e-43a2532b2fa8":[958.98285,65.39532,603.0,5.9708214],"d715632c-d785-11ef-1a7e-43a2532b2fa8":[195.00232,941.4779,578.0,9.373021],"d7494712-d785-11ef-1a59-6be8ccc438a2":[604.48364,1008.9271,662.0,9.097283],"d6d99de0-d785-11ef-1a7e-43a2532b2fa8":[1020.6142,82.66912,367.0,6.3830767],"d6d070f8-d785-11ef-1a7e-43a2532b2fa8":[691.3334,138.67819,416.0,19.215605],"d72cabde-d785-11ef-1a7e-43a2532b2fa8":[806.8147,710.57635,480.0,17.480776],"d78c9cf8-d785-11ef-1a7e-43a2532b2fa8":[33.96302,553.0254,638.0,6.3830767],"d7c10b80-d785-11ef-1a59-6be8ccc438a2":[341.994,82.35384,639.0,2.2567585],"d7165c1c-d785-11ef-1a7e-43a2532b2fa8":[905.7413,159.42136,475.0,16.850294],"d6ad08d6-d785-11ef-1a7e-43a2532b2fa8":[455.6118,524.3424,569.0,18.229523],"d74c7a0e-d785-11ef-1a59-6be8ccc438a2":[380.4662,482.5202,513.0,14.450304],"d74e3e66-d785-11ef-1a7e-43a2532b2fa8":[522.9647,664.5554,628.0,8.368284],"d74a4de2-d785-11ef-1a7e-43a2532b2fa8":[132.46574,403.3538,617.0,9.236181],"d77bbc88-d785-11ef-1a7e-43a2532b2fa8":[45.11299,90.135124,598.0,7.399277],"d7c10b4e-d785-11ef-1a7e-43a2532b2fa8":[52.102676,261.45227,692.0,8.214725],"d70bf678-d785-11ef-1a7e-43a2532b2fa8":[716.49274,348.03625,512.0,15.38904],"d713eba8-d785-11ef-1a7e-43a2532b2fa8":[134.0843,327.18533,573.0,10.029253],"d74ad014-d785-11ef-1a7e-43a2532b2fa8":[520.64417,836.0022,728.0,10.764051],"d760700e-d785-11ef-1a7e-43a2532b2fa8":[1017.1115,474.00085,607.0,7.0467257],"d6548312-d785-11ef-1a7e-43a2532b2fa8":[838.22424,577.5943,632.0,18.194567],"d7381b10-d785-11ef-1a7e-43a2532b2fa8":[252.11221,381.9317,584.0,7.735778],"d7431810-d785-11ef-1a7e-43a2532b2fa8":[867.90137,341.64188,492.0,13.54055],"d674a124-d785-11ef-1a7e-43a2532b2fa8":[731.5644,163.28761,336.0,40.637318],"d757d7b4-d785-11ef-1a7e-43a2532b2fa8":[362.97952,279.59317,626.0,8.214725],"d6b152b8-d785-11ef-1a7e-43a2532b2fa8":[404.54108,862.2592,566.0,13.493452],"d7069be2-d785-11ef-1a7e-43a2532b2fa8":[996.0897,940.6002,507.0,18.089294],"d72c0dd2-d785-11ef-1a7e-43a2532b2fa8":[504.83664,284.04645,496.0,24.977737],"d7ada090-d785-11ef-1a7e-43a2532b2fa8":[799.9546,56.087704,731.0,6.5795245]}