{"55d905fe-d786-11ef-1a7e-43a2532b2fa8":[10.238619,319.92233,618.0,8.884867],"5626debe-d786-11ef-1a59-6be8ccc438a2":[36.55871,180.5088,606.0,6.3830767],"55f9924c-d786-11ef-1a59-6be8ccc438a2":[520.5692,11.8126135,713.0,10.5851345],"55ca0c70-d786-11ef-1a7e-43a2532b2fa8":[1017.5993,141.75531,488.0,9.304853],"56675520-d786-11ef-1a7e-43a2532b2fa8":[53.725826,413.966,690.0,7.898654],"562fd118-d786-11ef-1a7e-43a2532b2fa8":[217.48346,44.402763,609.0,6.770275],"56206c64-d786-11ef-1a7e-43a2532b2fa8":[7.7996907,230.9496,797.0,11.4517975],"562cdfba-d786-11ef-1a7e-43a2532b2fa8":[191.49388,40.92741,604.0,7.9788456],"55eab740-d786-11ef-1a7e-43a2532b2fa8":[771.73035,985.0792,513.0,17.22396],"56979848-d786-11ef-1a7e-43a2532b2fa8":[16.934334,990.9128,717.0,4.370194],"563a04d0-d786-11ef-1a7e-43a2532b2fa8":[238.9601,894.3952,626.0,5.641896],"55dd7e2c-d786-11ef-1a59-6be8ccc438a2":[476.42566,204.6264,639.0,9.166996],"55111508-d786-11ef-2eac-81ac2e6b05df":[720.65674,559.66394,510.0,28.141695],"5621ed1e-d786-11ef-1a7e-43a2532b2fa8":[8.349222,139.79242,745.0,8.884867],"55b5ac1c-d786-11ef-1a7e-43a2532b2fa8":[491.0489,502.1905,698.0,10.998079],"569308aa-d786-11ef-1a7e-43a2532b2fa8":[594.5242,946.57733,740.0,5.411516],"5620ed10-d786-11ef-1a7e-43a2532b2fa8":[576.0342,54.560425,585.0,7.735778],"55984fbe-d786-11ef-1a7e-43a2532b2fa8":[834.8501,19.557306,662.0,15.957691],"55db28d4-d786-11ef-1a7e-43a2532b2fa8":[805.547,919.7154,503.0,16.468151],"563b07c2-d786-11ef-1a7e-43a2532b2fa8":[343.06604,546.4436,615.0,4.7873073],"55fc0a9c-d786-11ef-1a7e-43a2532b2fa8":[125.95349,569.0484,613.0,9.440698],"56265b92-d786-11ef-1a7e-43a2532b2fa8":[1012.45905,610.03406,594.0,7.484821],"55b184d4-d786-11ef-1a7e-43a2532b2fa8":[810.69635,29.599417,470.0,16.312788],"55ef2e10-d786-11ef-1a7e-43a2532b2fa8":[686.86145,324.47528,480.0,14.361922],"56030fd4-d786-11ef-1a7e-43a2532b2fa8":[244.54741,547.4907,581.0,8.058239],"564046a6-d786-11ef-1a7e-43a2532b2fa8":[31.979622,636.49023,639.0,6.4820447],"557ebaea-d786-11ef-1a7e-43a2532b2fa8":[449.7801,778.8422,581.0,17.33449],"561ed1f4-d786-11ef-1a7e-43a2532b2fa8":[582.6164,159.01825,552.0,13.0619335],"55fb0d34-d786-11ef-1a7e-43a2532b2fa8":[865.0094,516.2866,499.0,12.964089],"561342dc-d786-11ef-1a7e-43a2532b2fa8":[451.19052,754.1461,534.0,11.83454],"55e446ee-d786-11ef-1a7e-43a2532b2fa8":[740.74396,380.14227,517.0,17.912464],"55eea0a6-d786-11ef-1a7e-43a2532b2fa8":[830.994,995.6065,664.0,11.396071],"55fb8ce6-d786-11ef-1a7e-43a2532b2fa8":[523.14514,820.66455,512.0,14.668929],"555f614a-d786-11ef-1a7e-43a2532b2fa8":[1016.98193,230.20021,458.0,10.704744],"5625dbfe-d786-11ef-1a59-6be8ccc438a2":[105.02051,23.64191,585.0,6.770275],"55dcf1c8-d786-11ef-1a7e-43a2532b2fa8":[507.5047,457.4357,543.0,14.183506],"5671e31e-d786-11ef-1a7e-43a2532b2fa8":[549.00745,102.89665,656.0,3.7424104],"55b50e62-d786-11ef-1a7e-43a2532b2fa8":[125.498985,536.16925,562.0,11.055813],"55f1373c-d786-11ef-1a7e-43a2532b2fa8":[357.5236,442.93857,626.0,8.136858],"55d2d774-d786-11ef-1a7e-43a2532b2fa8":[903.0919,360.01816,481.0,16.195288],"55f6f61a-d786-11ef-1a7e-43a2532b2fa8":[376.177,631.9599,510.0,14.755472],"55af027c-d786-11ef-1a7e-43a2532b2fa8":[595.74835,197.21394,499.0,17.14988]}