{"eac8e2e8-d785-11ef-1a7e-43a2532b2fa8":[800.0241,90.52127,679.0,4.068429],"eaa24928-d785-11ef-1a7e-43a2532b2fa8":[52.03513,285.01968,688.0,8.519076],"e9fbb758-d785-11ef-1a7e-43a2532b2fa8":[997.06366,973.75714,584.0,15.553634],"ea491df6-d785-11ef-1a7e-43a2532b2fa8":[194.49762,959.927,594.0,8.214725],"ea5d4bfa-d785-11ef-1a7e-43a2532b2fa8":[359.9783,31.514563,610.0,7.898654],"ea4b5c92-d785-11ef-1a7e-43a2532b2fa8":[108.524734,931.90985,575.0,8.812923],"ea3b350e-d785-11ef-1a7e-43a2532b2fa8":[485.30252,49.47683,570.0,12.615663],"ea53e86c-d785-11ef-1a7e-43a2532b2fa8":[219.82352,970.0075,572.0,7.65304],"ea01abce-d785-11ef-1a7e-43a2532b2fa8":[1020.1617,21.804262,485.0,9.304853],"ea8499b4-d785-11ef-1a7e-43a2532b2fa8":[345.49414,474.0231,613.0,4.918491],"e945d480-d785-11ef-1a59-6be8ccc438a2":[552.51764,979.27527,583.0,22.511093],"ea2fd634-d785-11ef-1a7e-43a2532b2fa8":[275.68924,1019.98303,490.0,7.484821],"ea512ec4-d785-11ef-1a59-6be8ccc438a2":[1016.26526,493.93143,627.0,8.058239],"ea652136-d785-11ef-1a7e-43a2532b2fa8":[276.41803,8.796553,699.0,10.764051],"ea7c3920-d785-11ef-1a7e-43a2532b2fa8":[34.049522,565.5372,637.0,6.2825494],"ea4db546-d785-11ef-1a7e-43a2532b2fa8":[587.57196,58.054867,633.0,7.9788456],"e98469f2-d785-11ef-1a7e-43a2532b2fa8":[481.0309,322.97867,115.0,3.1915383],"e9ef2c1a-d785-11ef-1a7e-43a2532b2fa8":[11.481794,118.03422,798.0,14.40618],"e9b2e05c-d785-11ef-1a7e-43a2532b2fa8":[604.19415,18.019157,582.0,12.41217],"ea743e82-d785-11ef-1a7e-43a2532b2fa8":[44.051533,102.8519,641.0,7.1364965],"eab1d15c-d785-11ef-1a7e-43a2532b2fa8":[342.016,101.9728,634.0,2.7639532],"e945d480-d785-11ef-07ce-9747c186ce7e":[838.568,648.8701,512.0,22.652054],"ea92bd00-d785-11ef-1a7e-43a2532b2fa8":[239.56155,827.9133,633.0,5.411516],"ea4f3fba-d785-11ef-1a7e-43a2532b2fa8":[7.09396,19.449923,683.0,12.257336],"e9fcb8a8-d785-11ef-1a7e-43a2532b2fa8":[131.89345,357.97128,567.0,10.5851345],"ea22ae0a-d785-11ef-1a7e-43a2532b2fa8":[689.4897,165.92087,445.0,17.407785],"ea13b15c-d785-11ef-1a7e-43a2532b2fa8":[805.365,741.96674,480.0,17.625847],"ea3552ee-d785-11ef-1a7e-43a2532b2fa8":[130.92725,429.49258,619.0,8.667245],"ea469d38-d785-11ef-1a7e-43a2532b2fa8":[363.1624,304.59982,626.0,8.214725],"ea6dee10-d785-11ef-1a7e-43a2532b2fa8":[453.16022,659.94037,533.0,11.562446],"ea0de5c4-d785-11ef-1a59-6be8ccc438a2":[906.5644,191.16197,497.0,15.59451],"ea0663c6-d785-11ef-1a7e-43a2532b2fa8":[579.6331,914.5857,513.0,12.100518],"e9d17b82-d785-11ef-1a7e-43a2532b2fa8":[714.9507,382.53754,511.0,15.837556],"ea558b90-d785-11ef-1a59-6be8ccc438a2":[379.99536,504.99612,622.0,8.058239],"ea4a59a0-d785-11ef-1a7e-43a2532b2fa8":[770.50995,839.47394,510.0,15.797308],"ea422032-d785-11ef-1a59-6be8ccc438a2":[867.42487,368.0874,550.0,11.83454],"ea43c2d4-d785-11ef-1a7e-43a2532b2fa8":[523.06573,688.1195,567.0,13.865755],"e98b10cc-d785-11ef-1a7e-43a2532b2fa8":[403.42902,906.081,566.0,13.634257],"e945d480-d785-11ef-19b6-2351fdb02228":[730.2445,212.64166,380.0,34.50332],"ea30578a-d785-11ef-1a7e-43a2532b2fa8":[250.43295,408.11295,582.0,8.058239],"ea407ade-d785-11ef-1a59-6be8ccc438a2":[519.3716,865.2751,727.0,10.823032],"e979bc82-d785-11ef-1a7e-43a2532b2fa8":[454.45175,561.9907,587.0,16.42945],"e99d8b62-d785-11ef-1a7e-43a2532b2fa8":[503.85843,313.35916,473.0,26.916042]}