{"bffcf040-d785-11ef-1a7e-43a2532b2fa8":[487.47293,1012.64575,512.0,11.83454],"c063428c-d785-11ef-1a7e-43a2532b2fa8":[958.9867,42.056393,606.0,6.0765076],"c021078c-d785-11ef-1a59-6be8ccc438a2":[522.99286,635.44116,629.0,8.136858],"bfb6487a-d785-11ef-1a7e-43a2532b2fa8":[799.48254,14.840906,471.0,14.272993],"c055b5c2-d785-11ef-1a7e-43a2532b2fa8":[33.981846,537.50867,643.0,5.9708214],"bfd00062-d785-11ef-1a7e-43a2532b2fa8":[135.02931,288.4501,560.0,11.283792],"c0282b16-d785-11ef-1a7e-43a2532b2fa8":[109.955376,886.41736,580.0,8.136858],"bf1a81c4-d785-11ef-1a7e-43a2532b2fa8":[839.5001,492.17328,514.0,22.652054],"c06b0d28-d785-11ef-1a7e-43a2532b2fa8":[341.5312,58.72641,650.0,5.046265],"bfd079a2-d785-11ef-1a7e-43a2532b2fa8":[277.01813,967.7541,604.0,12.766153],"c072ec6e-d785-11ef-1a7e-43a2532b2fa8":[52.055054,234.48907,685.0,7.8176403],"c07af80a-d785-11ef-1a7e-43a2532b2fa8":[606.55615,969.4796,662.0,8.29186],"c05d0b4c-d785-11ef-1a7e-43a2532b2fa8":[238.94073,802.5338,633.0,5.5279064],"bfd8d7a0-d785-11ef-1a7e-43a2532b2fa8":[995.55554,902.90265,582.0,16.234549],"c02a1b92-d785-11ef-1a7e-43a2532b2fa8":[1017.52014,448.98328,630.0,7.225152],"c0167cd6-d785-11ef-1a7e-43a2532b2fa8":[366.2108,249.01804,623.0,8.812923],"bf1b360a-d785-11ef-1a59-6be8ccc438a2":[722.21765,81.04613,744.0,18.609707],"c016f8c8-d785-11ef-1a7e-43a2532b2fa8":[867.84894,308.46628,588.0,8.29186],"bfe3eb10-d785-11ef-1a7e-43a2532b2fa8":[805.49677,672.64185,475.0,18.229523],"c03bac9a-d785-11ef-1a7e-43a2532b2fa8":[590.09863,18.537756,563.0,9.706685],"c004bd52-d785-11ef-1a7e-43a2532b2fa8":[744.2511,144.11867,519.0,18.643883],"bf4322d2-d785-11ef-1a7e-43a2532b2fa8":[404.00034,812.5136,489.0,19.576647],"bfe4fa30-d785-11ef-1a7e-43a2532b2fa8":[908.11365,122.3137,493.0,16.155931],"c04a2cca-d785-11ef-1a7e-43a2532b2fa8":[47.07877,73.65936,597.0,7.65304],"c0391b24-d785-11ef-1a7e-43a2532b2fa8":[452.99304,622.9662,603.0,6.2825494],"bfc6e734-d785-11ef-1a7e-43a2532b2fa8":[694.0945,104.69567,512.0,13.493452],"bfa7c022-d785-11ef-1a7e-43a2532b2fa8":[1021.22577,40.71828,379.0,4.918491],"bfb5ba68-d785-11ef-1a7e-43a2532b2fa8":[547.5611,916.0276,483.0,16.812471],"c011296e-d785-11ef-1a7e-43a2532b2fa8":[505.28226,249.29376,513.0,24.43664],"bfdb9e90-d785-11ef-1a7e-43a2532b2fa8":[10.555179,37.420216,620.0,10.764051],"c06b0e22-d785-11ef-1a59-6be8ccc438a2":[880.97363,52.76732,638.0,7.399277],"bfbcf76a-d785-11ef-1a7e-43a2532b2fa8":[518.4213,800.11194,730.0,10.645108],"c01de3a4-d785-11ef-1a7e-43a2532b2fa8":[221.55777,929.85004,580.0,7.3127327],"c0043186-d785-11ef-1a7e-43a2532b2fa8":[360.63974,1001.54663,564.0,11.4517975],"c05b2a02-d785-11ef-1a7e-43a2532b2fa8":[347.0678,445.43118,616.0,4.918491],"c0142cce-d785-11ef-1a7e-43a2532b2fa8":[133.9995,375.10074,614.0,9.507892],"c015f1a8-d785-11ef-1a7e-43a2532b2fa8":[770.83264,781.83124,511.0,16.07693],"bf19c57c-d785-11ef-1a59-6be8ccc438a2":[564.6422,861.88605,732.0,23.45292],"bf934c58-d785-11ef-1a7e-43a2532b2fa8":[455.64304,480.1912,584.0,16.698486],"bfc86794-d785-11ef-1a7e-43a2532b2fa8":[718.2014,306.0446,511.0,15.917747],"c02055b0-d785-11ef-1a7e-43a2532b2fa8":[195.45537,918.4129,590.0,8.444016],"c00e7cac-d785-11ef-1a59-6be8ccc438a2":[254.09705,351.9553,588.0,7.735778],"c021837e-d785-11ef-1a7e-43a2532b2fa8":[382.04144,454.46274,618.0,8.519076]}