{"e66619be-d785-11ef-1a59-6be8ccc438a2":[693.23065,160.4062,480.0,14.668929],"e6321f88-d785-11ef-1a59-6be8ccc438a2":[577.36444,908.69275,513.0,12.666025],"e576ee40-d785-11ef-2539-0599d90a4ae6":[838.0512,634.61633,511.0,23.152405],"e6693e32-d785-11ef-1a59-6be8ccc438a2":[251.63553,402.57498,532.0,11.83454],"e64de56a-d785-11ef-1a7e-43a2532b2fa8":[805.43994,736.15625,493.0,17.297726],"e6839c5a-d785-11ef-1a7e-43a2532b2fa8":[109.06273,927.99506,581.0,7.898654],"e6c23762-d785-11ef-1a7e-43a2532b2fa8":[239.55502,826.0082,634.0,5.046265],"e6fb46c2-d785-11ef-1a7e-43a2532b2fa8":[799.99207,83.37285,682.0,4.068429],"e5b58f74-d785-11ef-1a7e-43a2532b2fa8":[454.98947,554.93494,511.0,20.683533],"e576ee34-d785-11ef-1a7e-43a2532b2fa8":[552.57025,972.09076,648.0,21.938198],"e652f500-d785-11ef-1a7e-43a2532b2fa8":[276.37946,1017.16693,599.0,10.029253],"e6693e5c-d785-11ef-2eac-81ac2e6b05df":[484.54108,44.038834,598.0,12.91489],"e6a6f0ba-d785-11ef-1a7e-43a2532b2fa8":[44.064487,99.899,605.0,7.484821],"e687ee68-d785-11ef-1a59-6be8ccc438a2":[587.51715,55.730934,564.0,12.666025],"e66c8128-d785-11ef-1a7e-43a2532b2fa8":[6.5222836,12.353125,666.0,12.047792],"e6d4b31a-d785-11ef-1a7e-43a2532b2fa8":[51.41334,280.48718,685.0,7.5693974],"e65801ee-d785-11ef-1a7e-43a2532b2fa8":[131.54202,424.50162,615.0,9.166996],"e67f7cb0-d785-11ef-1a7e-43a2532b2fa8":[221.0366,965.84,565.0,8.812923],"e6988fac-d785-11ef-1a7e-43a2532b2fa8":[453.00232,656.9467,606.0,5.9708214],"e626ae1e-d785-11ef-1a7e-43a2532b2fa8":[715.4867,373.84076,518.0,15.38904],"e679971e-d785-11ef-1a7e-43a2532b2fa8":[193.8769,957.03973,592.0,8.667245],"e67b3786-d785-11ef-1a59-6be8ccc438a2":[1016.2422,491.15195,599.0,7.5693974],"e6e5f828-d785-11ef-1a7e-43a2532b2fa8":[341.94467,97.909386,634.0,3.7424104],"e6389f8e-d785-11ef-1a7e-43a2532b2fa8":[11.105693,109.97955,695.0,13.54055],"e67de74c-d785-11ef-1a7e-43a2532b2fa8":[378.56107,501.25864,507.0,15.471556],"e662ae16-d785-11ef-1a7e-43a2532b2fa8":[520.0324,860.4992,727.0,10.645108],"e6e67a64-d785-11ef-1a7e-43a2532b2fa8":[277.08926,4.939707,780.0,7.0467257],"e62f0280-d785-11ef-1a7e-43a2532b2fa8":[730.6486,199.13425,368.0,35.431824],"e669c08c-d785-11ef-1a7e-43a2532b2fa8":[361.9813,299.543,625.0,8.368284],"e5ac7c72-d785-11ef-1a7e-43a2532b2fa8":[403.916,897.45355,465.0,16.58372],"e5f6d748-d785-11ef-1a7e-43a2532b2fa8":[604.1388,13.210248,497.0,13.9115925],"e62d0340-d785-11ef-1a59-6be8ccc438a2":[996.4713,967.3578,584.0,15.675944],"e642d30a-d785-11ef-1a7e-43a2532b2fa8":[770.649,833.79645,511.0,15.797308],"e6ab5b46-d785-11ef-1a7e-43a2532b2fa8":[34.51583,562.426,645.0,5.641896],"e6993760-d785-11ef-1a7e-43a2532b2fa8":[359.4091,25.322104,617.0,7.484821],"e5a88ac0-d785-11ef-1a7e-43a2532b2fa8":[503.21756,306.71014,481.0,26.6546],"e6a3f798-d785-11ef-1a7e-43a2532b2fa8":[346.00638,470.9618,598.0,7.399277],"e5f196c0-d785-11ef-1a7e-43a2532b2fa8":[133.59615,353.1924,564.0,10.823032],"e667a4f0-d785-11ef-2eac-81ac2e6b05df":[906.4944,183.88547,495.0,15.917747],"e67a18f6-d785-11ef-1a7e-43a2532b2fa8":[523.05414,684.13525,625.0,8.667245],"e671217e-d785-11ef-1a7e-43a2532b2fa8":[867.44916,361.8899,592.0,7.898654]}