{"7744fb58-d786-11ef-1a7e-43a2532b2fa8":[216.991,75.10441,567.0,4.918491],"7710682a-d786-11ef-1a7e-43a2532b2fa8":[1011.5188,647.0247,567.0,9.574615],"764489f8-d786-11ef-1a7e-43a2532b2fa8":[828.9722,43.534058,551.0,17.297726],"773ef0aa-d786-11ef-1a7e-43a2532b2fa8":[342.1427,570.57825,614.0,4.6524267],"76baedbe-d786-11ef-1a7e-43a2532b2fa8":[11.328444,385.4734,739.0,12.463355],"77213b3a-d786-11ef-1a7e-43a2532b2fa8":[450.08145,784.04706,603.0,6.0765076],"7737129a-d786-11ef-1a7e-43a2532b2fa8":[104.06647,59.006004,552.0,5.2925673],"76f8a352-d786-11ef-1a59-6be8ccc438a2":[375.41507,673.08374,622.0,7.898654],"7656dcfc-d786-11ef-1a7e-43a2532b2fa8":[570.94763,13.345573,588.0,12.964089],"772acd78-d786-11ef-1a7e-43a2532b2fa8":[8.49464,298.5412,804.0,11.780624],"76d35840-d786-11ef-1a7e-43a2532b2fa8":[505.90298,507.99234,546.0,13.819766],"7755be48-d786-11ef-1a7e-43a2532b2fa8":[574.9564,107.4782,596.0,3.1915383],"770a17d6-d786-11ef-1a59-6be8ccc438a2":[773.98486,9.462272,656.0,8.214725],"772a4b96-d786-11ef-1a7e-43a2532b2fa8":[34.523247,205.53918,611.0,6.0765076],"76775ef0-d786-11ef-1a7e-43a2532b2fa8":[1019.9935,385.48367,392.0,6.5795245],"76d5cde6-d786-11ef-1a7e-43a2532b2fa8":[356.00885,486.94623,622.0,8.444016],"77489862-d786-11ef-1a7e-43a2532b2fa8":[238.89384,916.45953,629.0,5.5279064],"76dbdc36-d786-11ef-1a7e-43a2532b2fa8":[474.86545,252.80203,509.0,15.877703],"76f778da-d786-11ef-1a7e-43a2532b2fa8":[685.9846,374.9537,544.0,13.39876],"779114fc-d786-11ef-1a7e-43a2532b2fa8":[520.4856,64.337654,756.0,5.7536273],"7674a8fe-d786-11ef-1a7e-43a2532b2fa8":[810.28485,87.02885,430.0,18.159544],"76a88c4e-d786-11ef-1a7e-43a2532b2fa8":[1017.5485,195.83769,490.0,10.341766],"76e9d03e-d786-11ef-1a7e-43a2532b2fa8":[122.78469,601.5157,559.0,16.351768],"772556cc-d786-11ef-1a7e-43a2532b2fa8":[581.0395,193.40312,551.0,13.255454],"76df1b76-d786-11ef-1a59-6be8ccc438a2":[739.3995,433.4642,513.0,18.541162],"7686e3f2-d786-11ef-1a7e-43a2532b2fa8":[1016.93665,298.47528,461.0,10.823032],"7738671c-d786-11ef-1a7e-43a2532b2fa8":[31.456467,658.9244,625.0,6.9557962],"7697a070-d786-11ef-1a7e-43a2532b2fa8":[449.90298,851.3794,583.0,16.812471],"76eb4f0e-d786-11ef-1a7e-43a2532b2fa8":[804.7793,974.7573,512.0,16.468151],"76056b38-d786-11ef-1a59-6be8ccc438a2":[718.4245,649.5402,514.0,26.986904],"7794fe0a-d786-11ef-1a7e-43a2532b2fa8":[593.99133,970.0128,734.0,5.9708214],"76fd6d4a-d786-11ef-1a7e-43a2532b2fa8":[864.6728,563.909,578.0,8.740388],"774b3cca-d786-11ef-1a7e-43a2532b2fa8":[7.823132,196.58545,786.0,10.998079],"76f8a352-d786-11ef-1a7e-43a2532b2fa8":[243.01598,593.1017,583.0,8.058239],"7680f9e2-d786-11ef-1a7e-43a2532b2fa8":[489.32785,557.84845,483.0,19.963066],"76fb3768-d786-11ef-1a7e-43a2532b2fa8":[521.91736,863.6175,625.0,8.136858],"76e38d52-d786-11ef-1a7e-43a2532b2fa8":[594.4151,255.98503,572.0,16.925688],"76d0a27e-d786-11ef-1a7e-43a2532b2fa8":[901.4208,413.89615,497.0,15.222667],"7784b04a-d786-11ef-1a7e-43a2532b2fa8":[16.88978,1011.8076,672.0,4.370194],"77682c72-d786-11ef-1a7e-43a2532b2fa8":[54.17483,455.99924,693.0,8.058239]}