{"e575fca8-d786-11ef-1a7e-43a2532b2fa8":[1017.2734,367.59998,511.0,10.464158],"e52e4e08-d786-11ef-1a7e-43a2532b2fa8":[609.4815,9.403628,497.0,13.634257],"e579301a-d786-11ef-1a59-6be8ccc438a2":[909.38556,17.490139,662.0,9.236181],"e5c102c0-d786-11ef-1a7e-43a2532b2fa8":[28.006937,281.96707,607.0,5.7536273],"e58d2824-d786-11ef-1a7e-43a2532b2fa8":[870.7663,69.204926,529.0,16.468151],"e4fa52ba-d786-11ef-1a7e-43a2532b2fa8":[526.9137,10.453245,465.0,12.615663],"e614e46c-d786-11ef-1a7e-43a2532b2fa8":[611.3016,1017.5238,883.0,9.965575],"e5dd0e0c-d786-11ef-1a7e-43a2532b2fa8":[240.07257,983.43744,620.0,5.86323],"e5d60c2e-d786-11ef-1a7e-43a2532b2fa8":[29.531435,730.4977,619.0,6.3830767],"e5f4c6be-d786-11ef-1a7e-43a2532b2fa8":[447.47623,52.692364,723.0,7.3127327],"e5feadd2-d786-11ef-1a7e-43a2532b2fa8":[5.581444,366.93335,777.0,8.519076],"e524f880-d786-11ef-1a7e-43a2532b2fa8":[426.323,34.116463,558.0,15.877703],"e596a9ee-d786-11ef-1a7e-43a2532b2fa8":[704.1269,55.091003,567.0,11.994835],"e6005bdc-d786-11ef-1a7e-43a2532b2fa8":[9.922881,51.628925,691.0,7.225152],"e57e9160-d786-11ef-1a7e-43a2532b2fa8":[10.143453,586.4282,778.0,13.587484],"e57d96ac-d786-11ef-1a7e-43a2532b2fa8":[499.11462,9.994051,557.0,10.280024],"e5ecb0c6-d786-11ef-1a7e-43a2532b2fa8":[54.323013,582.98376,684.0,7.3127327],"e5800f2c-d786-11ef-1a7e-43a2532b2fa8":[861.4119,713.54926,482.0,14.272993],"e5f3f1da-d786-11ef-1a7e-43a2532b2fa8":[526.876,1017.67847,856.0,11.113246],"e578af98-d786-11ef-1a7e-43a2532b2fa8":[237.50871,730.88763,578.0,7.898654],"e59317b6-d786-11ef-1a59-6be8ccc438a2":[502.05063,656.90356,601.0,8.667245],"e590e928-d786-11ef-1a7e-43a2532b2fa8":[524.11945,994.3111,515.0,12.153015],"e53437bc-d786-11ef-1a7e-43a2532b2fa8":[1015.2831,504.9049,466.0,11.941643],"e5aba70e-d786-11ef-1a7e-43a2532b2fa8":[576.98303,295.463,544.0,14.048207],"e551ae3e-d786-11ef-1a7e-43a2532b2fa8":[898.0018,89.44042,510.0,15.512649],"e5b71594-d786-11ef-1a7e-43a2532b2fa8":[1005.8931,760.99664,601.0,7.735778],"e5051768-d786-11ef-1a7e-43a2532b2fa8":[36.20332,173.95131,583.0,17.444319],"e5e5600c-d786-11ef-1a7e-43a2532b2fa8":[8.053684,505.01767,833.0,11.562446],"e4b97aa6-d786-11ef-1a7e-43a2532b2fa8":[816.9304,267.66757,512.0,19.738573],"e4d524e2-d786-11ef-1a7e-43a2532b2fa8":[117.90222,761.1323,553.0,16.660318],"e4b10ca4-d786-11ef-1a7e-43a2532b2fa8":[721.0212,986.4756,683.0,20.775663],"e5324bf2-d786-11ef-1a7e-43a2532b2fa8":[708.0618,833.36523,509.0,16.390654],"e559ac12-d786-11ef-1a7e-43a2532b2fa8":[899.005,581.6862,478.0,16.622063],"e517c584-d786-11ef-1a7e-43a2532b2fa8":[1019.3809,586.3439,394.0,8.29186],"e4aa44c8-d786-11ef-1a7e-43a2532b2fa8":[566.03186,267.27682,511.0,20.216576],"e574fd76-d786-11ef-1a7e-43a2532b2fa8":[739.2938,600.00024,508.0,18.472363],"e58a05ea-d786-11ef-1a7e-43a2532b2fa8":[375.04785,798.4579,514.0,13.819766],"e5f85f9a-d786-11ef-1a7e-43a2532b2fa8":[591.95435,18.93009,680.0,7.9788456],"e5b5d472-d786-11ef-1a7e-43a2532b2fa8":[447.36942,877.0775,598.0,6.4820447],"e5841ebe-d786-11ef-1a7e-43a2532b2fa8":[469.3343,406.24072,509.0,15.997536],"e57e12ee-d786-11ef-1a7e-43a2532b2fa8":[488.11996,737.9457,702.0,10.403142],"e5884304-d786-11ef-1a7e-43a2532b2fa8":[680.90314,532.93677,533.0,13.727325],"e4e3f1aa-d786-11ef-1a7e-43a2532b2fa8":[884.8538,91.97796,144.0,4.6524267],"e57e9174-d786-11ef-2eac-81ac2e6b05df":[347.3666,630.9934,486.0,22.680141],"e56b0e4c-d786-11ef-1a7e-43a2532b2fa8":[590.44464,432.80585,568.0,16.312788]}