{"012eb9d6-d786-11ef-1a7e-43a2532b2fa8":[345.1098,490.62906,616.0,4.918491],"00baf5b4-d786-11ef-1a7e-43a2532b2fa8":[11.02108,162.02411,724.0,11.888212],"012199d6-d786-11ef-1a7e-43a2532b2fa8":[238.48827,841.8988,628.0,5.9708214],"005041ec-d786-11ef-1a7e-43a2532b2fa8":[1017.4888,67.306656,434.0,9.901487],"00f493f0-d786-11ef-1a7e-43a2532b2fa8":[108.10284,956.9328,575.0,9.166996],"011130de-d786-11ef-1a7e-43a2532b2fa8":[5.7752643,6.026997,620.0,6.9557962],"010b8d3a-d786-11ef-1a59-6be8ccc438a2":[1021.3002,6.1836157,528.0,5.046265],"00aaef52-d786-11ef-1a7e-43a2532b2fa8":[577.5709,950.6871,560.0,10.764051],"00edb6fc-d786-11ef-1a7e-43a2532b2fa8":[194.58716,982.4971,591.0,8.368284],"01847330-d786-11ef-1a7e-43a2532b2fa8":[5.2361107,1021.9083,786.0,4.513517],"01195e56-d786-11ef-1a7e-43a2532b2fa8":[276.95544,35.214443,649.0,8.368284],"011be430-d786-11ef-1a7e-43a2532b2fa8":[42.059826,120.04032,606.0,6.675581],"00a48d12-d786-11ef-1a7e-43a2532b2fa8":[997.61566,1011.9692,574.0,12.565099],"00f26da0-d786-11ef-1a59-6be8ccc438a2":[219.95502,989.8798,509.0,10.403142],"00e685d0-d786-11ef-1a7e-43a2532b2fa8":[523.7208,716.6554,567.0,13.54055],"00fddb7c-d786-11ef-1a7e-43a2532b2fa8":[9.248266,65.37347,719.0,11.562446],"01520044-d786-11ef-1a7e-43a2532b2fa8":[51.3811,312.99103,685.0,8.444016],"010b8c7c-d786-11ef-1a7e-43a2532b2fa8":[452.56976,679.98486,602.0,6.180387],"0134ef36-d786-11ef-1a7e-43a2532b2fa8":[359.40482,60.21445,640.0,4.6524267],"00cf3132-d786-11ef-1a7e-43a2532b2fa8":[689.8155,199.26572,474.0,15.512649],"01689336-d786-11ef-1a7e-43a2532b2fa8":[799.9889,132.9047,663.0,2.7639532],"00c1880c-d786-11ef-1a7e-43a2532b2fa8":[131.01207,395.97507,575.0,9.836982],"010ea376-d786-11ef-1a7e-43a2532b2fa8":[584.8167,80.39846,632.0,7.5693974],"00b8cac8-d786-11ef-1a7e-43a2532b2fa8":[906.1669,226.3234,482.0,16.390654],"ffee0478-d785-11ef-0779-6fb39d34804e":[837.42444,733.3257,461.0,26.196873],"00cbee52-d786-11ef-1a7e-43a2532b2fa8":[770.45435,869.115,508.0,15.756958],"ffee0478-d785-11ef-2eac-81ac2e6b05df":[553.0234,13.998578,647.0,19.380548],"00b9de5e-d786-11ef-1a7e-43a2532b2fa8":[600.825,57.296143,577.0,15.716503],"ffee0478-d785-11ef-1a59-6be8ccc438a2":[501.69308,348.7955,453.0,29.229158],"0117c848-d786-11ef-1a7e-43a2532b2fa8":[34.044277,581.57837,639.0,6.5795245],"00622d08-d786-11ef-1a59-6be8ccc438a2":[741.4631,249.47926,511.0,19.478844],"00dc9ad4-d786-11ef-1a7e-43a2532b2fa8":[482.50714,83.81263,508.0,16.58372],"003a2038-d786-11ef-1a7e-43a2532b2fa8":[453.5782,607.34985,577.0,17.589691],"009b2248-d786-11ef-1a7e-43a2532b2fa8":[806.06104,779.26184,479.0,17.480776],"00f3e2de-d786-11ef-1a7e-43a2532b2fa8":[361.58252,333.4362,626.0,8.29186],"00f26d8c-d786-11ef-1a7e-43a2532b2fa8":[130.01112,459.53033,611.0,9.640876],"fffb20fe-d785-11ef-1a7e-43a2532b2fa8":[723.6949,283.2469,580.0,26.221163],"009d9a7a-d786-11ef-1a7e-43a2532b2fa8":[715.0276,423.50034,510.0,16.774563],"0064b49c-d786-11ef-1a7e-43a2532b2fa8":[548.60095,1007.3739,472.0,15.957691],"00d4a69c-d786-11ef-1a59-6be8ccc438a2":[867.6945,400.14746,507.0,12.7161875],"004cf9ba-d786-11ef-1a7e-43a2532b2fa8":[402.92545,957.4413,565.0,13.865755],"00dee7c4-d786-11ef-1a7e-43a2532b2fa8":[519.9884,902.5321,724.0,11.055813],"00fce468-d786-11ef-1a59-6be8ccc438a2":[1015.98486,519.5304,605.0,7.0467257],"00e77d28-d786-11ef-1a7e-43a2532b2fa8":[249.52194,436.93176,584.0,8.058239],"00f5ced2-d786-11ef-1a7e-43a2532b2fa8":[378.74738,532.4845,514.0,14.625465]}