{"9112fe9a-d786-11ef-1a7e-43a2532b2fa8":[448.7916,908.0304,650.0,13.39876],"918a4446-d786-11ef-1a7e-43a2532b2fa8":[1020.6309,435.87497,418.0,6.3830767],"92358068-d786-11ef-1a7e-43a2532b2fa8":[239.01631,933.5898,626.0,6.0765076],"9200d796-d786-11ef-1a59-6be8ccc438a2":[1009.44543,674.9606,585.0,7.9788456],"91b7ab5c-d786-11ef-1a7e-43a2532b2fa8":[1017.63385,239.49179,509.0,9.77205],"91bd0796-d786-11ef-1a7e-43a2532b2fa8":[806.61334,1014.8012,494.0,14.272993],"92961d12-d786-11ef-1a7e-43a2532b2fa8":[911.45074,942.2287,714.0,3.5682483],"919b2536-d786-11ef-1a7e-43a2532b2fa8":[1017.59924,349.84723,478.0,10.155413],"91c2df54-d786-11ef-1a7e-43a2532b2fa8":[42.497856,1010.4075,688.0,13.44619],"91dc39fe-d786-11ef-1a59-6be8ccc438a2":[863.5299,602.1062,490.0,13.773623],"923dccd2-d786-11ef-1a7e-43a2532b2fa8":[872.98016,981.8505,678.0,8.444016],"91d41814-d786-11ef-1a7e-43a2532b2fa8":[9.636346,435.4432,631.0,8.812923],"927cc4a0-d786-11ef-1a7e-43a2532b2fa8":[14.484098,4.0524144,690.0,5.7536273],"91ddcfa8-d786-11ef-1a7e-43a2532b2fa8":[685.0111,414.28973,478.0,14.969642],"921aae44-d786-11ef-1a7e-43a2532b2fa8":[7.9089494,350.53217,805.0,11.4517975],"921e946e-d786-11ef-1a7e-43a2532b2fa8":[773.5389,42.47557,647.0,8.956232],"9226de1e-d786-11ef-1a7e-43a2532b2fa8":[32.57396,223.86327,613.0,5.411516],"91d4cef0-d786-11ef-1a7e-43a2532b2fa8":[503.3796,543.8427,593.0,9.373021],"91ca4c30-d786-11ef-1a7e-43a2532b2fa8":[901.6803,455.88577,491.0,15.635281],"9257973e-d786-11ef-1a7e-43a2532b2fa8":[52.889442,487.49005,682.0,7.399277],"91eab4d4-d786-11ef-1a7e-43a2532b2fa8":[240.92249,627.5504,579.0,8.136858],"92125a78-d786-11ef-1a7e-43a2532b2fa8":[449.49503,807.6877,538.0,10.823032],"915e7e74-d786-11ef-1a7e-43a2532b2fa8":[569.5226,76.25438,554.0,16.58372],"91ee8bf6-d786-11ef-1a7e-43a2532b2fa8":[523.52075,895.42035,620.0,9.027034],"9259b5b4-d786-11ef-1a7e-43a2532b2fa8":[504.49875,946.00507,642.0,5.9708214],"923018e4-d786-11ef-1a7e-43a2532b2fa8":[341.48764,588.5934,604.0,6.3830767],"90fa5a66-d786-11ef-1a7e-43a2532b2fa8":[720.71875,736.3187,582.0,26.844992],"913759b6-d786-11ef-1a7e-43a2532b2fa8":[121.97713,641.06915,555.0,16.037281],"91e18436-d786-11ef-1a59-6be8ccc438a2":[739.5035,474.94244,608.0,16.963259],"91a149f2-d786-11ef-1a7e-43a2532b2fa8":[710.5836,688.9509,509.0,15.997536],"91fc771e-d786-11ef-1a7e-43a2532b2fa8":[375.46545,703.9512,621.0,7.898654],"9231ca18-d786-11ef-1a7e-43a2532b2fa8":[30.468874,676.9767,639.0,6.9557962],"91313c16-d786-11ef-1a59-6be8ccc438a2":[810.3652,129.001,456.0,16.468151],"92ad212c-d786-11ef-1a7e-43a2532b2fa8":[805.8778,5.019973,872.0,7.735778],"920a59f6-d786-11ef-2eac-81ac2e6b05df":[900.4822,991.7507,628.0,9.027034],"91e18418-d786-11ef-1a7e-43a2532b2fa8":[594.7123,301.14294,571.0,15.957691],"917b2bbe-d786-11ef-1a7e-43a2532b2fa8":[828.0017,101.78968,508.0,15.837556],"91b4eade-d786-11ef-1a7e-43a2532b2fa8":[472.74023,293.42392,512.0,15.917747],"91cbf27e-d786-11ef-1a59-6be8ccc438a2":[488.93857,603.4855,699.0,10.998079],"928d4082-d786-11ef-1a7e-43a2532b2fa8":[593.54926,987.8952,745.0,6.675581],"924be25e-d786-11ef-1a7e-43a2532b2fa8":[6.687184,238.19763,767.0,9.166996],"91e80dce-d786-11ef-1a7e-43a2532b2fa8":[354.97272,522.59204,625.0,7.8176403],"920f965a-d786-11ef-1a7e-43a2532b2fa8":[579.3956,218.94307,547.0,13.351162],"923580e0-d786-11ef-1a59-6be8ccc438a2":[707.03284,970.3923,616.0,6.770275]}