{"37e438d6-d786-11ef-1a7e-43a2532b2fa8":[7.910184,91.55679,698.0,9.77205],"37a9283e-d786-11ef-1a7e-43a2532b2fa8":[519.9034,987.04004,724.0,10.704744],"37b4a060-d786-11ef-1a7e-43a2532b2fa8":[771.4678,943.57855,521.0,15.716503],"376650ce-d786-11ef-1a7e-43a2532b2fa8":[1017.58386,91.51954,462.0,10.464158],"37503d30-d786-11ef-1a7e-43a2532b2fa8":[1017.5507,170.76683,447.0,10.341766],"37d43aba-d786-11ef-1a7e-43a2532b2fa8":[1013.4888,577.0496,598.0,7.225152],"37bbf3f6-d786-11ef-1a59-6be8ccc438a2":[245.88802,507.45895,583.0,7.9788456],"37b9dfa8-d786-11ef-1a59-6be8ccc438a2":[193.59076,10.687561,514.0,10.09253],"37801d36-d786-11ef-1a7e-43a2532b2fa8":[712.49066,521.54095,509.0,16.736568],"37ad5cec-d786-11ef-1a7e-43a2532b2fa8":[741.13086,332.714,510.0,18.847649],"3790af84-d786-11ef-1a7e-43a2532b2fa8":[903.4481,310.65512,492.0,15.957691],"37afaf74-d786-11ef-1a59-6be8ccc438a2":[865.4598,473.93442,587.0,7.898654],"378dfc26-d786-11ef-1a7e-43a2532b2fa8":[805.4531,867.9302,474.0,17.983404],"378bc6d6-d786-11ef-1a7e-43a2532b2fa8":[10.688186,262.94513,639.0,9.640876],"381dff10-d786-11ef-1a59-6be8ccc438a2":[548.49225,60.753407,678.0,3.3851376],"38285cd0-d786-11ef-1a7e-43a2532b2fa8":[358.94196,130.03947,632.0,2.2567585],"37d66c54-d786-11ef-1a7e-43a2532b2fa8":[219.02267,16.015003,581.0,5.641896],"36e6b1c8-d786-11ef-1a7e-43a2532b2fa8":[449.64404,718.57745,510.0,21.04964],"37a3f4b8-d786-11ef-1a7e-43a2532b2fa8":[810.475,1003.99097,609.0,8.368284],"37dc6014-d786-11ef-1a7e-43a2532b2fa8":[8.950063,170.17526,808.0,12.41217],"37bd91a2-d786-11ef-1a7e-43a2532b2fa8":[358.6196,404.08435,575.0,13.39876],"37e9ca6a-d786-11ef-1a7e-43a2532b2fa8":[38.505146,158.54109,615.0,5.7536273],"379f2c6c-d786-11ef-1a7e-43a2532b2fa8":[576.0408,9.741632,570.0,8.444016],"37c4fe10-d786-11ef-1a7e-43a2532b2fa8":[522.476,781.93835,621.0,8.667245],"37fcf8b0-d786-11ef-1a7e-43a2532b2fa8":[402.01572,52.228893,664.0,5.9708214],"3806d646-d786-11ef-1a7e-43a2532b2fa8":[238.38579,876.5338,627.0,6.0765076],"36c7fc9c-d786-11ef-2539-0599d90a4ae6":[723.22046,451.54993,574.0,26.050655],"37b9df9e-d786-11ef-1a7e-43a2532b2fa8":[106.03412,1015.1137,559.0,7.898654],"3782d742-d786-11ef-1a7e-43a2532b2fa8":[128.07974,485.02966,550.0,11.562446],"37f4a156-d786-11ef-1a7e-43a2532b2fa8":[343.56723,526.00574,612.0,5.411516],"372ddc56-d786-11ef-1a7e-43a2532b2fa8":[593.5503,140.97148,509.0,23.34409],"375fa858-d786-11ef-1a7e-43a2532b2fa8":[492.0092,449.0785,699.0,11.170383],"38166e1c-d786-11ef-1a7e-43a2532b2fa8":[51.99092,377.5021,683.0,7.65304],"37b42252-d786-11ef-1a7e-43a2532b2fa8":[378.0629,596.0559,514.0,14.668929],"37afaee8-d786-11ef-1a7e-43a2532b2fa8":[127.533165,528.4228,624.0,8.59348],"36c7fc9c-d786-11ef-0779-6fb39d34804e":[835.5095,932.02997,511.0,22.708193],"3783e024-d786-11ef-1a7e-43a2532b2fa8":[688.4257,279.5218,483.0,14.538149],"37b51cf0-d786-11ef-1a7e-43a2532b2fa8":[478.98175,160.6008,499.0,16.468151],"3785ef18-d786-11ef-1a7e-43a2532b2fa8":[508.98135,415.6995,488.0,15.430353],"37f5216c-d786-11ef-1a7e-43a2532b2fa8":[32.48681,616.51807,648.0,5.641896]}