{"8d87a0f0-d786-11ef-1a7e-43a2532b2fa8":[11.427017,428.98352,730.0,11.4517975],"8e023ffc-d786-11ef-1a7e-43a2532b2fa8":[7.359512,233.61557,786.0,10.403142],"8d8901a2-d786-11ef-1a7e-43a2532b2fa8":[1017.601,233.56926,507.0,10.280024],"8db6bf3e-d786-11ef-1a7e-43a2532b2fa8":[354.88242,516.97974,512.0,14.625465],"8cf73524-d786-11ef-1a7e-43a2532b2fa8":[449.2831,900.25055,655.0,13.351162],"8ce0ef58-d786-11ef-1a7e-43a2532b2fa8":[1016.46564,341.60153,470.0,10.704744],"8d861a84-d786-11ef-1a7e-43a2532b2fa8":[862.8669,596.5707,491.0,13.773623],"8da8c85c-d786-11ef-1a7e-43a2532b2fa8":[240.87198,621.8638,536.0,12.309163],"8e14f39c-d786-11ef-1a7e-43a2532b2fa8":[872.9559,974.25964,689.0,8.59348],"8dd8ff4c-d786-11ef-1a7e-43a2532b2fa8":[580.7109,214.9476,556.0,12.309163],"8d94262c-d786-11ef-1a7e-43a2532b2fa8":[685.0395,410.05383,539.0,13.207339],"8d5277a2-d786-11ef-1a7e-43a2532b2fa8":[1020.59753,428.89206,399.0,6.5795245],"8dd24364-d786-11ef-1a7e-43a2532b2fa8":[1009.4323,670.9802,607.0,7.3127327],"8dc6f69c-d786-11ef-1a7e-43a2532b2fa8":[376.0114,700.00446,624.0,7.65304],"8de897d4-d786-11ef-1a7e-43a2532b2fa8":[773.5528,37.55583,642.0,9.373021],"8df73ae6-d786-11ef-1a7e-43a2532b2fa8":[32.51547,222.11154,609.0,5.411516],"8dfe3ef4-d786-11ef-1a7e-43a2532b2fa8":[901.5265,983.31085,647.0,8.59348],"8df033e0-d786-11ef-1a7e-43a2532b2fa8":[30.439236,674.5047,641.0,6.4820447],"8d3a6c90-d786-11ef-1a7e-43a2532b2fa8":[827.98535,95.12892,391.0,21.938198],"8dec91fe-d786-11ef-1a59-6be8ccc438a2":[340.8816,584.43835,607.0,5.7536273],"8db7e422-d786-11ef-1a7e-43a2532b2fa8":[504.58878,540.10596,545.0,12.865502],"8da27cb8-d786-11ef-1a59-6be8ccc438a2":[900.92834,451.33865,481.0,16.42945],"8dc8a05a-d786-11ef-1a7e-43a2532b2fa8":[44.104465,1002.88525,669.0,11.83454],"8d09696a-d786-11ef-1a7e-43a2532b2fa8":[710.6369,681.69684,378.0,20.621881],"8dd3fbbc-d786-11ef-1a7e-43a2532b2fa8":[448.91425,803.4106,599.0,6.2825494],"8e33bbb0-d786-11ef-1a7e-43a2532b2fa8":[15.885953,3.6689847,681.0,4.6524267],"8da15478-d786-11ef-1a7e-43a2532b2fa8":[594.63306,293.96942,649.0,10.029253],"8d3ff7aa-d786-11ef-1a7e-43a2532b2fa8":[569.99567,66.672615,603.0,13.9115925],"8d67f386-d786-11ef-1a7e-43a2532b2fa8":[806.0146,1012.2387,508.0,12.360774],"8d66693a-d786-11ef-1a7e-43a2532b2fa8":[810.36707,126.156906,443.0,17.625847],"8cc5dae2-d786-11ef-1a7e-43a2532b2fa8":[722.0091,724.89404,584.0,26.749966],"8d9ab776-d786-11ef-1a59-6be8ccc438a2":[490.12802,596.99506,699.0,10.940042],"8dacda8c-d786-11ef-1a7e-43a2532b2fa8":[123.03063,634.93616,574.0,15.054456],"8df9a056-d786-11ef-1a7e-43a2532b2fa8":[238.98254,930.3897,618.0,6.8636627],"8dc03df0-d786-11ef-1a59-6be8ccc438a2":[523.51025,891.03186,624.0,8.136858],"8dec91d6-d786-11ef-1a7e-43a2532b2fa8":[7.273666,342.96127,785.0,10.52482],"8e024094-d786-11ef-1a59-6be8ccc438a2":[707.0152,965.37897,615.0,6.8636627],"8e600954-d786-11ef-1a7e-43a2532b2fa8":[593.5286,985.5304,734.0,5.5279064],"8dc03dca-d786-11ef-1a7e-43a2532b2fa8":[473.39697,286.56732,643.0,8.956232],"8e1a6f98-d786-11ef-1a7e-43a2532b2fa8":[53.46567,483.0333,685.0,8.058239],"8dafa442-d786-11ef-1a7e-43a2532b2fa8":[740.09155,468.99,687.0,10.823032]}