{"6f9cec6c-d786-11ef-1a7e-43a2532b2fa8":[342.0543,564.529,612.0,5.2925673],"6e91ef34-d786-11ef-1a7e-43a2532b2fa8":[570.2921,4.911024,290.0,5.9708214],"6f1dbae6-d786-11ef-1a7e-43a2532b2fa8":[1016.9884,184.65944,490.0,9.965575],"6fa4fc5e-d786-11ef-1a7e-43a2532b2fa8":[103.961845,52.650513,593.0,6.8636627],"6ea6f7ee-d786-11ef-1a7e-43a2532b2fa8":[125.573105,599.8398,480.0,17.444319],"6f93ef5e-d786-11ef-1a7e-43a2532b2fa8":[30.919565,653.9306,656.0,5.7536273],"6f5439d6-d786-11ef-1a7e-43a2532b2fa8":[901.9794,402.47934,615.0,8.884867],"6f43b4dc-d786-11ef-1a7e-43a2532b2fa8":[10.311342,371.48776,684.0,13.727325],"6ecf5566-d786-11ef-1a7e-43a2532b2fa8":[1016.0226,283.5488,463.0,10.5851345],"6f596ac0-d786-11ef-1a7e-43a2532b2fa8":[377.1933,664.0689,501.0,15.553634],"6ebd6894-d786-11ef-1a7e-43a2532b2fa8":[830.6536,28.137373,529.0,16.07693],"6f5fe63c-d786-11ef-1a7e-43a2532b2fa8":[863.86804,554.68616,487.0,14.002817],"6fa972d4-d786-11ef-1a7e-43a2532b2fa8":[7.229143,183.93483,775.0,10.52482],"6f8be958-d786-11ef-1a7e-43a2532b2fa8":[35.056988,200.12798,606.0,6.2825494],"6ef65be0-d786-11ef-1a7e-43a2532b2fa8":[571.5813,1012.8005,623.0,12.047792],"6f4d164c-d786-11ef-1a7e-43a2532b2fa8":[740.1025,421.44983,623.0,16.545286],"6ee7fa94-d786-11ef-1a7e-43a2532b2fa8":[125.154564,579.0082,562.0,10.881695],"6f7d5e72-d786-11ef-1a7e-43a2532b2fa8":[580.909,187.21902,534.0,14.755472],"6f5535f2-d786-11ef-1a7e-43a2532b2fa8":[594.32385,242.92108,583.0,15.38904],"6f4f3e36-d786-11ef-1a7e-43a2532b2fa8":[507.0562,495.94196,550.0,14.841511],"6f7e721e-d786-11ef-1a7e-43a2532b2fa8":[450.66806,776.986,541.0,10.704744],"6f5f65e0-d786-11ef-1a7e-43a2532b2fa8":[522.4879,852.95294,621.0,8.667245],"6fc69204-d786-11ef-1a7e-43a2532b2fa8":[53.609703,447.0013,688.0,8.136858],"6fe5e4bc-d786-11ef-1a7e-43a2532b2fa8":[520.5178,53.29881,675.0,5.7536273],"6f8f39f0-d786-11ef-1a7e-43a2532b2fa8":[8.525505,283.56528,812.0,12.360774],"6fa779b4-d786-11ef-1a7e-43a2532b2fa8":[239.52646,911.9836,632.0,5.5279064],"70033e4a-d786-11ef-1a7e-43a2532b2fa8":[772.8777,4.4701414,824.0,6.9557962],"6f7ded8a-d786-11ef-1a7e-43a2532b2fa8":[1010.9865,638.4839,602.0,7.225152],"6f47c7c8-d786-11ef-1a7e-43a2532b2fa8":[687.1482,363.9464,536.0,13.207339],"6f56c56e-d786-11ef-1a7e-43a2532b2fa8":[476.1725,241.87042,518.0,15.430353],"6e77e1d6-d786-11ef-1a7e-43a2532b2fa8":[721.19696,630.2335,521.0,24.121992],"6f0a9736-d786-11ef-1a7e-43a2532b2fa8":[804.698,961.7594,474.0,18.403307],"6efe4670-d786-11ef-1a7e-43a2532b2fa8":[490.6907,545.21765,478.0,20.121883],"6fc34218-d786-11ef-1a7e-43a2532b2fa8":[192.04414,66.88108,622.0,4.370194],"6eca4aee-d786-11ef-1a7e-43a2532b2fa8":[449.98184,834.2233,651.0,13.9115925],"6f58c2d0-d786-11ef-1a59-6be8ccc438a2":[242.9527,583.1398,579.0,7.898654],"6fa87500-d786-11ef-1a7e-43a2532b2fa8":[217.03015,67.699394,601.0,4.7873073],"6fea9572-d786-11ef-1a7e-43a2532b2fa8":[593.9635,965.0601,730.0,6.4820447],"6f47c7d0-d786-11ef-1a59-6be8ccc438a2":[773.0875,1015.43024,505.0,12.565099],"6ef42f32-d786-11ef-1a7e-43a2532b2fa8":[808.8675,75.221375,514.0,13.207339],"6f6288f6-d786-11ef-1a7e-43a2532b2fa8":[355.94388,476.82758,568.0,13.819766]}