{"e33f31ee-d785-11ef-1a7e-43a2532b2fa8":[603.41986,1019.48444,879.0,9.77205],"e2c37068-d785-11ef-1a7e-43a2532b2fa8":[588.13055,51.065037,558.0,12.360774],"e2c4bda6-d785-11ef-1a7e-43a2532b2fa8":[452.95297,653.41376,606.0,6.0765076],"e2bd1bb4-d785-11ef-1a59-6be8ccc438a2":[359.96368,21.50191,603.0,9.373021],"e3347222-d785-11ef-1a7e-43a2532b2fa8":[800.0285,76.43406,681.0,4.513517],"e1a99914-d785-11ef-0779-6fb39d34804e":[839.32104,619.8377,512.0,22.680141],"e25158c0-d785-11ef-1a7e-43a2532b2fa8":[603.45,10.300486,504.0,12.91489],"e28b1060-d785-11ef-1a7e-43a2532b2fa8":[276.95926,1014.6901,635.0,8.812923],"e2f800d0-d785-11ef-1a7e-43a2532b2fa8":[50.284786,276.01352,679.0,8.444016],"e2e8a2ac-d785-11ef-1a7e-43a2532b2fa8":[238.99692,823.4533,634.0,5.7536273],"e2b790e0-d785-11ef-1a7e-43a2532b2fa8":[1020.72186,7.1456404,493.0,6.3830767],"e2bddcd6-d785-11ef-1a7e-43a2532b2fa8":[221.06337,962.36206,555.0,9.706685],"e28242d0-d785-11ef-1a7e-43a2532b2fa8":[485.11365,38.682777,579.0,14.798554],"e2a0fd12-d785-11ef-1a7e-43a2532b2fa8":[251.00824,397.55917,537.0,12.309163],"e2b49732-d785-11ef-1a7e-43a2532b2fa8":[109.678856,923.4327,582.0,7.898654],"e24c0cd0-d785-11ef-1a7e-43a2532b2fa8":[805.55475,729.584,480.0,17.553461],"e2ee694e-d785-11ef-1a7e-43a2532b2fa8":[345.50333,468.31885,676.0,10.645108],"e2a9af0c-d785-11ef-1a7e-43a2532b2fa8":[362.48486,295.1265,624.0,8.444016],"e2db02fa-d785-11ef-1a7e-43a2532b2fa8":[33.92813,559.9435,645.0,5.9708214],"e26a02ee-d785-11ef-1a7e-43a2532b2fa8":[996.6037,962.191,621.0,12.865502],"e28521c8-d785-11ef-1a7e-43a2532b2fa8":[692.6976,155.00032,485.0,14.841511],"e28ed56a-d785-11ef-1a7e-43a2532b2fa8":[867.3597,356.94217,490.0,14.40618],"e24a1af6-d785-11ef-1a7e-43a2532b2fa8":[715.453,368.54153,511.0,16.234549],"e2aa9160-d785-11ef-1a7e-43a2532b2fa8":[378.60397,495.99835,507.0,15.347616],"e31c2816-d785-11ef-1a7e-43a2532b2fa8":[341.92932,94.389755,641.0,2.7639532],"e29ff0a2-d785-11ef-1a59-6be8ccc438a2":[521.6187,678.6375,509.0,14.969642],"e32af5bc-d785-11ef-1a7e-43a2532b2fa8":[881.53754,102.47525,663.0,5.411516],"e2b49822-d785-11ef-2eac-81ac2e6b05df":[1016.18964,486.5395,627.0,7.898654],"e2b49750-d785-11ef-1a59-6be8ccc438a2":[194.53941,952.3682,594.0,7.898654],"e2736eb0-d785-11ef-1a7e-43a2532b2fa8":[132.40747,345.40247,575.0,10.029253],"e2659af8-d785-11ef-1a7e-43a2532b2fa8":[11.164114,103.03572,638.0,9.166996],"e29e6930-d785-11ef-1a59-6be8ccc438a2":[771.3181,828.17523,510.0,15.877703],"e2c20458-d785-11ef-1a7e-43a2532b2fa8":[6.415214,6.86081,636.0,8.956232],"e2e37a34-d785-11ef-1a7e-43a2532b2fa8":[43.499535,97.95302,600.0,7.9788456],"e1a9990c-d785-11ef-1a7e-43a2532b2fa8":[552.5553,961.15717,681.0,20.989065],"e1a9990c-d785-11ef-2539-0599d90a4ae6":[730.5644,190.70996,511.0,29.61861],"e25e0b74-d785-11ef-1a7e-43a2532b2fa8":[907.1721,177.94681,492.0,15.716503],"e2a83d66-d785-11ef-1a7e-43a2532b2fa8":[132.00125,420.09564,612.0,9.373021],"e237872e-d785-11ef-1a7e-43a2532b2fa8":[404.51193,888.9537,586.0,12.666025],"e258c8c6-d785-11ef-1a7e-43a2532b2fa8":[503.88144,300.70898,499.0,25.903614],"e28b1088-d785-11ef-1a59-6be8ccc438a2":[520.60547,853.95496,728.0,10.704744],"e1b10c30-d785-11ef-1a7e-43a2532b2fa8":[454.3601,546.269,513.0,18.368683],"e280d168-d785-11ef-1a7e-43a2532b2fa8":[577.9414,901.9655,516.0,12.666025]}