{"a2d21a72-d785-11ef-1a7e-43a2532b2fa8":[880.03827,11.8528805,504.0,11.994835],"a3478d7a-d785-11ef-1a7e-43a2532b2fa8":[591.5211,1015.9877,674.0,8.368284],"a2de4c8e-d785-11ef-1a7e-43a2532b2fa8":[520.533,759.57886,728.0,10.881695],"a2e83f0a-d785-11ef-1a7e-43a2532b2fa8":[805.25195,626.1395,493.0,16.888033],"a32d45c8-d785-11ef-1a7e-43a2532b2fa8":[48.44704,54.664185,559.0,10.217908],"a2ede7d4-d785-11ef-1a59-6be8ccc438a2":[908.4642,80.12009,554.0,13.0131035],"a3102236-d785-11ef-1a7e-43a2532b2fa8":[367.05902,213.95168,509.0,15.26443],"a310a4d6-d785-11ef-1a7e-43a2532b2fa8":[110.95062,857.4297,581.0,7.9788456],"a2b98856-d785-11ef-1a7e-43a2532b2fa8":[724.7043,1015.87134,815.0,13.493452],"a2b2c46a-d785-11ef-1a7e-43a2532b2fa8":[799.0726,986.407,541.0,15.917747],"a32188c6-d785-11ef-1a7e-43a2532b2fa8":[222.34358,906.5669,581.0,6.675581],"a25b77dc-d785-11ef-1a7e-43a2532b2fa8":[564.3003,800.32806,478.0,30.591356],"a29d2916-d785-11ef-1a7e-43a2532b2fa8":[994.97815,857.42255,502.0,18.089294],"a32f658a-d785-11ef-1a7e-43a2532b2fa8":[6.711627,1012.29724,617.0,9.027034],"a23a663c-d785-11ef-1a7e-43a2532b2fa8":[456.39786,426.53735,580.0,17.18696],"a2f7fe7e-d785-11ef-1a7e-43a2532b2fa8":[547.56696,878.12036,639.0,9.373021],"a32188f0-d785-11ef-1a59-6be8ccc438a2":[454.08636,600.10187,602.0,6.3830767],"a3456cca-d785-11ef-1a7e-43a2532b2fa8":[35.004738,520.6549,629.0,6.5795245],"a33adf12-d785-11ef-1a7e-43a2532b2fa8":[1017.93677,421.15524,657.0,9.236181],"a316c6d6-d785-11ef-1a7e-43a2532b2fa8":[382.4453,423.75342,516.0,14.668929],"a31a63c4-d785-11ef-1a7e-43a2532b2fa8":[958.4833,13.742405,535.0,7.9788456],"a3612c26-d785-11ef-1a7e-43a2532b2fa8":[489.00238,973.9441,664.0,6.5795245],"a2f73582-d785-11ef-1a7e-43a2532b2fa8":[693.98395,63.93059,574.0,10.881695],"a1f578ce-d785-11ef-0779-6fb39d34804e":[840.3814,392.04807,513.0,22.986832],"a1f578ce-d785-11ef-19b6-2351fdb02228":[724.91144,10.390236,361.0,14.002817],"a368bba8-d785-11ef-1a7e-43a2532b2fa8":[50.819046,201.54309,685.0,7.8176403],"a2909536-d785-11ef-1a7e-43a2532b2fa8":[717.9975,257.52588,391.0,19.802975],"a291c60c-d785-11ef-1a7e-43a2532b2fa8":[136.52386,244.61565,562.0,11.283792],"a3128dd2-d785-11ef-1a7e-43a2532b2fa8":[136.05121,339.5104,623.0,8.444016],"a2cf3ecc-d785-11ef-1a7e-43a2532b2fa8":[743.9635,103.13911,495.0,19.609138],"a2027196-d785-11ef-1a7e-43a2532b2fa8":[406.5422,751.89764,484.0,18.712051],"a319e1de-d785-11ef-1a7e-43a2532b2fa8":[196.6579,893.14233,600.0,7.5693974],"a307831a-d785-11ef-1a7e-43a2532b2fa8":[522.9955,602.57336,630.0,8.29186],"a349614a-d785-11ef-1a7e-43a2532b2fa8":[347.5569,427.5151,618.0,5.046265],"a2fe3738-d785-11ef-1a7e-43a2532b2fa8":[254.94084,317.0389,536.0,13.255454],"a302e0e4-d785-11ef-1a7e-43a2532b2fa8":[870.9613,271.491,492.0,13.865755],"a3467c5a-d785-11ef-1a7e-43a2532b2fa8":[342.0509,31.63428,609.0,7.8176403],"a34e1924-d785-11ef-1a7e-43a2532b2fa8":[238.9869,785.5295,636.0,5.7536273],"a2d64926-d785-11ef-1a7e-43a2532b2fa8":[276.26315,930.5142,638.0,10.403142],"a2f44d38-d785-11ef-1a7e-43a2532b2fa8":[769.55035,746.0418,509.0,16.195288],"a2a22d9e-d785-11ef-1a7e-43a2532b2fa8":[506.32327,202.44406,506.0,23.856615],"a303652a-d785-11ef-1a7e-43a2532b2fa8":[361.06497,966.0535,584.0,10.217908]}