{"962cde6e-d786-11ef-1a7e-43a2532b2fa8":[10.236651,443.59644,697.0,13.957279],"968ad42e-d786-11ef-1a7e-43a2532b2fa8":[707.0258,975.3088,618.0,6.4820447],"96704942-d786-11ef-1a7e-43a2532b2fa8":[448.94238,810.4871,599.0,6.180387],"9592f056-d786-11ef-1a7e-43a2532b2fa8":[44.205475,6.1358514,362.0,9.373021],"9672c262-d786-11ef-1a7e-43a2532b2fa8":[31.05628,679.4539,609.0,7.5693974],"95d8e80e-d786-11ef-1a7e-43a2532b2fa8":[1019.9816,442.7806,387.0,6.9557962],"96831e32-d786-11ef-1a7e-43a2532b2fa8":[32.021107,227.58772,606.0,6.675581],"961bcf0c-d786-11ef-1a59-6be8ccc438a2":[1016.9719,245.47939,498.0,10.645108],"96825470-d786-11ef-1a7e-43a2532b2fa8":[340.4562,590.43945,606.0,5.641896],"969d659e-d786-11ef-1a7e-43a2532b2fa8":[504.4704,950.6714,639.0,5.641896],"9670496a-d786-11ef-1a59-6be8ccc438a2":[580.07135,223.11382,723.0,12.360774],"95e5e548-d786-11ef-1a7e-43a2532b2fa8":[1016.41144,357.35178,459.0,11.4517975],"95e701a0-d786-11ef-1a7e-43a2532b2fa8":[710.60187,696.48895,512.0,15.512649],"96c9f732-d786-11ef-1a7e-43a2532b2fa8":[593.49097,991.0739,726.0,5.170883],"95b23718-d786-11ef-1a7e-43a2532b2fa8":[806.59094,1017.5461,472.0,11.055813],"964e52b8-d786-11ef-1a7e-43a2532b2fa8":[523.5115,899.9819,620.0,8.519076],"9642bb3c-d786-11ef-1a7e-43a2532b2fa8":[355.53067,527.5835,625.0,8.058239],"9613d4e6-d786-11ef-1a7e-43a2532b2fa8":[42.29808,1014.9929,692.0,12.865502],"96b36c4a-d786-11ef-1a7e-43a2532b2fa8":[142.98149,525.9843,645.0,3.7424104],"9693e848-d786-11ef-1a7e-43a2532b2fa8":[6.7963533,245.47217,771.0,10.029253],"9566e178-d786-11ef-1a7e-43a2532b2fa8":[569.584,84.61917,509.0,19.41337],"968e004a-d786-11ef-1a7e-43a2532b2fa8":[239.57806,935.45844,629.0,5.9708214],"96ab7490-d786-11ef-1a7e-43a2532b2fa8":[53.462082,492.47296,685.0,7.65304],"96933970-d786-11ef-1a7e-43a2532b2fa8":[872.9799,985.99786,676.0,8.214725],"9679222e-d786-11ef-1a7e-43a2532b2fa8":[7.38296,357.98248,797.0,10.764051],"954f765a-d786-11ef-1a7e-43a2532b2fa8":[827.41516,109.75378,417.0,20.928316],"964ab9fe-d786-11ef-1a7e-43a2532b2fa8":[863.4947,607.63477,488.0,13.865755],"96587402-d786-11ef-1a7e-43a2532b2fa8":[1009.5296,679.52264,605.0,7.0467257],"96b519a0-d786-11ef-1a7e-43a2532b2fa8":[13.860884,6.540446,689.0,5.86323],"960a4b10-d786-11ef-1a7e-43a2532b2fa8":[489.56543,610.05804,687.0,12.41217],"965f4110-d786-11ef-1a7e-43a2532b2fa8":[900.0398,995.9063,654.0,8.812923],"959498b6-d786-11ef-1a7e-43a2532b2fa8":[809.09906,137.35522,433.0,18.575466],"961b4e4a-d786-11ef-1a7e-43a2532b2fa8":[241.58748,632.55835,576.0,8.667245],"962dface-d786-11ef-1a7e-43a2532b2fa8":[592.9482,306.33316,566.0,17.075476],"96882564-d786-11ef-1a7e-43a2532b2fa8":[805.955,7.8680396,798.0,11.170383],"962cdebe-d786-11ef-2eac-81ac2e6b05df":[739.6731,480.7682,508.0,18.746042],"954a117e-d786-11ef-1a7e-43a2532b2fa8":[722.0587,748.8707,584.0,26.630705],"96187302-d786-11ef-1a7e-43a2532b2fa8":[900.3238,461.28876,476.0,16.545286],"964010f6-d786-11ef-1a7e-43a2532b2fa8":[505.0838,550.0017,546.0,11.340071],"964233a4-d786-11ef-1a7e-43a2532b2fa8":[474.04044,296.9272,641.0,8.812923],"964fe01c-d786-11ef-1a7e-43a2532b2fa8":[375.44498,709.0414,618.0,8.136858],"955204d8-d786-11ef-1a7e-43a2532b2fa8":[448.24878,918.2883,646.0,13.54055],"962f0c68-d786-11ef-1a7e-43a2532b2fa8":[685.0546,421.1521,476.0,14.668929],"9674f5fa-d786-11ef-1a7e-43a2532b2fa8":[773.5466,46.90499,641.0,9.027034],"95764d48-d786-11ef-1a7e-43a2532b2fa8":[122.51941,647.0001,570.0,15.635281],"96dc9c82-d786-11ef-1a7e-43a2532b2fa8":[912.11145,946.12054,719.0,3.7424104]}