{"fc24bf80-d785-11ef-07ce-9747c186ce7e":[837.51135,720.76447,532.0,21.20032],"fd6aa076-d785-11ef-1a7e-43a2532b2fa8":[239.01288,840.5122,629.0,5.7536273],"fd117028-d785-11ef-1a7e-43a2532b2fa8":[771.2178,864.8671,502.0,16.390654],"fd128a30-d785-11ef-1a7e-43a2532b2fa8":[577.5258,945.28674,515.0,12.7161875],"fd357fe2-d785-11ef-1a7e-43a2532b2fa8":[219.96721,986.9994,575.0,6.8636627],"fd56a780-d785-11ef-1a7e-43a2532b2fa8":[42.0394,117.65303,604.0,6.180387],"fcd22328-d785-11ef-1a7e-43a2532b2fa8":[1021.20447,154.48413,390.0,5.170883],"fd633a0c-d785-11ef-1a7e-43a2532b2fa8":[32.948135,577.9142,649.0,6.0765076],"fcb3cc84-d785-11ef-1a7e-43a2532b2fa8":[1018.0729,59.880062,454.0,8.956232],"fd0b9b94-d785-11ef-1a7e-43a2532b2fa8":[192.7399,979.63934,590.0,8.368284],"fd7bb064-d785-11ef-1a7e-43a2532b2fa8":[341.99368,121.985794,596.0,3.5682483],"fcec57ca-d785-11ef-1a7e-43a2532b2fa8":[10.4652815,155.03722,628.0,8.667245],"fc7f73f8-d785-11ef-1a7e-43a2532b2fa8":[453.49997,601.15515,525.0,20.775663],"fce10594-d785-11ef-1a7e-43a2532b2fa8":[552.1946,1007.8999,472.0,21.379734],"fd05d5ce-d785-11ef-1a7e-43a2532b2fa8":[248.82251,431.9498,583.0,8.058239],"fce9e2ce-d785-11ef-1a7e-43a2532b2fa8":[131.54707,389.4804,576.0,9.901487],"fd2224b8-d785-11ef-1a7e-43a2532b2fa8":[9.448499,57.910667,819.0,13.54055],"fd222530-d785-11ef-1a59-6be8ccc438a2":[519.3486,896.4165,726.0,10.823032],"fd65f148-d785-11ef-1a7e-43a2532b2fa8":[345.1097,487.54065,614.0,5.2925673],"fcfb37b8-d785-11ef-1a7e-43a2532b2fa8":[805.4714,774.1082,479.0,17.589691],"fd3d0a06-d785-11ef-1a7e-43a2532b2fa8":[108.72746,952.88214,569.0,9.574615],"fd27fa78-d785-11ef-1a7e-43a2532b2fa8":[378.1908,528.085,511.0,14.40618],"fcdb58bc-d785-11ef-1a7e-43a2532b2fa8":[740.61334,242.02025,465.0,21.734118],"fd1b5aa2-d785-11ef-1a7e-43a2532b2fa8":[362.10703,327.9082,625.0,8.59348],"fd1efdce-d785-11ef-1a7e-43a2532b2fa8":[483.06906,77.0813,527.0,15.430353],"fd4c57b0-d785-11ef-1a7e-43a2532b2fa8":[452.57196,676.33966,553.0,9.373021],"fd19861e-d785-11ef-1a7e-43a2532b2fa8":[129.9282,455.11624,609.0,9.640876],"fd1be288-d785-11ef-1a7e-43a2532b2fa8":[867.65607,395.19186,505.0,12.766153],"fd561516-d785-11ef-1a7e-43a2532b2fa8":[5.978116,1018.49347,671.0,7.3127327],"fc2c62a8-d785-11ef-1a59-6be8ccc438a2":[551.54205,11.269195,754.0,16.698486],"fd0955e8-d785-11ef-1a7e-43a2532b2fa8":[601.93616,49.58273,568.0,16.736568],"fce20f9a-d785-11ef-1a59-6be8ccc438a2":[904.8067,219.76982,483.0,16.273716],"fd0073f6-d785-11ef-1a7e-43a2532b2fa8":[523.16046,712.3353,506.0,14.884343],"fd3ec71c-d785-11ef-1a7e-43a2532b2fa8":[1016.4746,515.5429,625.0,7.225152],"fd4136bc-d785-11ef-1a7e-43a2532b2fa8":[276.9911,31.04983,646.0,10.029253],"fcdbe6da-d785-11ef-1a7e-43a2532b2fa8":[716.14886,417.00555,510.0,15.59451],"fd8abd70-d785-11ef-1a7e-43a2532b2fa8":[52.03516,308.49713,688.0,7.735778],"fcf9e8d6-d785-11ef-1a7e-43a2532b2fa8":[502.29495,342.20212,481.0,26.844992],"fd71b456-d785-11ef-1a7e-43a2532b2fa8":[359.4801,55.72544,654.0,5.641896],"fc2be74c-d785-11ef-1a7e-43a2532b2fa8":[723.1016,271.40088,591.0,26.582851],"fc853e3c-d785-11ef-1a7e-43a2532b2fa8":[403.5698,949.53534,569.0,14.002817],"fcb2c53c-d785-11ef-1a7e-43a2532b2fa8":[998.3021,1006.6892,487.0,13.957279],"fd06e0ea-d785-11ef-1a7e-43a2532b2fa8":[690.41284,195.0914,481.0,14.798554],"fd37f8ea-d785-11ef-1a7e-43a2532b2fa8":[586.5373,76.54034,629.0,7.735778]}