{"b2d2aada-d786-11ef-1a7e-43a2532b2fa8":[613.01697,938.5735,700.0,2.7639532],"b21f76f4-d786-11ef-1a7e-43a2532b2fa8":[899.48474,13.375118,737.0,10.764051],"b2c010e6-d786-11ef-1a7e-43a2532b2fa8":[774.9428,81.844604,659.0,4.370194],"b262e948-d786-11ef-1a7e-43a2532b2fa8":[448.95987,833.3846,599.0,5.7536273],"b215d770-d786-11ef-1a7e-43a2532b2fa8":[10.821087,493.97632,724.0,12.153015],"b23c2ccc-d786-11ef-1a7e-43a2532b2fa8":[705.4445,1012.1845,510.0,10.280024],"b21c4736-d786-11ef-1a59-6be8ccc438a2":[872.18896,7.42096,523.0,10.280024],"b2996acc-d786-11ef-1a7e-43a2532b2fa8":[870.831,1017.11725,818.0,10.940042],"b29bf328-d786-11ef-1a7e-43a2532b2fa8":[430.4577,975.8357,688.0,5.7536273],"b27bf744-d786-11ef-1a7e-43a2532b2fa8":[8.015069,410.1055,808.0,10.881695],"b2941bc6-d786-11ef-1a7e-43a2532b2fa8":[501.53165,978.5099,635.0,6.4820447],"b2c09442-d786-11ef-1a7e-43a2532b2fa8":[592.99615,1008.9413,749.0,7.9788456],"b1a9f01e-d786-11ef-1a7e-43a2532b2fa8":[709.0046,743.3426,505.0,16.07693],"b1b81b58-d786-11ef-1a7e-43a2532b2fa8":[447.7355,971.8081,611.0,16.351768],"b251b470-d786-11ef-1a7e-43a2532b2fa8":[375.43198,740.57245,504.0,15.054456],"b1ebdd6c-d786-11ef-1a7e-43a2532b2fa8":[1019.9899,494.8237,394.0,7.1364965],"b2bb290a-d786-11ef-1a7e-43a2532b2fa8":[13.043928,22.07678,687.0,6.5795245],"b27974d6-d786-11ef-1a7e-43a2532b2fa8":[30.475178,246.56259,610.0,6.0765076],"b282b410-d786-11ef-1a7e-43a2532b2fa8":[339.35474,608.48846,661.0,9.304853],"b22b34e4-d786-11ef-1a59-6be8ccc438a2":[472.6962,335.7168,512.0,15.675944],"b27cfbda-d786-11ef-1a59-6be8ccc438a2":[911.00543,979.5318,706.0,8.444016],"b2251be0-d786-11ef-1a7e-43a2532b2fa8":[739.04956,523.1774,515.0,18.299234],"b22a35ee-d786-11ef-1a7e-43a2532b2fa8":[522.4353,932.3422,608.0,9.574615],"b21b399a-d786-11ef-1a7e-43a2532b2fa8":[1017.76556,288.60925,513.0,10.52482],"b2a34768-d786-11ef-1a7e-43a2532b2fa8":[6.1568713,288.6856,770.0,8.812923],"b15fbe68-d786-11ef-1a7e-43a2532b2fa8":[568.6282,149.61676,514.0,19.802975],"b2a3cc2e-d786-11ef-1a59-6be8ccc438a2":[145.01595,564.9408,612.0,1.9544101],"b23a0abe-d786-11ef-1a7e-43a2532b2fa8":[239.47324,666.9686,533.0,12.205287],"b25b4b16-d786-11ef-1a7e-43a2532b2fa8":[1007.34143,708.0066,600.0,7.399277],"b2a3cc24-d786-11ef-1a7e-43a2532b2fa8":[54.054993,524.0304,683.0,7.8176403],"b1dbdfe8-d786-11ef-1a7e-43a2532b2fa8":[121.50641,687.1113,514.0,14.048207],"b1d55620-d786-11ef-1a7e-43a2532b2fa8":[40.642204,58.803406,600.0,15.553634],"b1be8ffe-d786-11ef-1a7e-43a2532b2fa8":[1015.1033,409.96143,508.0,10.464158],"b2453c5e-d786-11ef-1a59-6be8ccc438a2":[863.0005,643.93964,584.0,7.9788456],"b27cfbb2-d786-11ef-1a7e-43a2532b2fa8":[807.0538,43.71354,644.0,8.740388],"b22dc4fc-d786-11ef-1a7e-43a2532b2fa8":[683.5019,458.67993,474.0,14.755472],"b260d34e-d786-11ef-1a7e-43a2532b2fa8":[579.1382,247.92615,558.0,12.360774],"b20a8654-d786-11ef-1a7e-43a2532b2fa8":[504.7653,587.555,482.0,15.512649],"b222a338-d786-11ef-1a7e-43a2532b2fa8":[488.9793,654.80707,615.0,17.805523],"b1a3f68c-d786-11ef-1a7e-43a2532b2fa8":[817.9385,171.24274,378.0,32.01496],"b2664b58-d786-11ef-1a7e-43a2532b2fa8":[31.632315,697.5294,638.0,6.2825494],"b28744a0-d786-11ef-1a7e-43a2532b2fa8":[239.42706,952.39154,623.0,6.5795245],"b24742c4-d786-11ef-1a7e-43a2532b2fa8":[354.65494,561.06067,619.0,8.956232],"b202a952-d786-11ef-1a7e-43a2532b2fa8":[900.53625,503.5693,544.0,13.303394],"b230e5ce-d786-11ef-1a59-6be8ccc438a2":[592.47815,351.47275,573.0,17.000746],"b13b871e-d786-11ef-1a7e-43a2532b2fa8":[722.2352,833.7769,600.0,25.532307]}