{"7f051b8e-d786-11ef-1a7e-43a2532b2fa8":[341.53076,575.57117,613.0,4.6524267],"7f60a166-d786-11ef-1a7e-43a2532b2fa8":[594.0599,975.6231,739.0,6.3830767],"7e7587b2-d786-11ef-1a7e-43a2532b2fa8":[806.70404,987.9873,480.0,18.779972],"7f083c88-d786-11ef-1a7e-43a2532b2fa8":[31.560596,664.4932,628.0,6.3830767],"7ef41c30-d786-11ef-2eac-81ac2e6b05df":[1010.03326,654.48944,599.0,7.0467257],"7ec19d3e-d786-11ef-1a7e-43a2532b2fa8":[773.0283,16.09613,680.0,12.100518],"7f38450c-d786-11ef-1a7e-43a2532b2fa8":[900.99146,961.3752,682.0,5.170883],"7f20d784-d786-11ef-1a7e-43a2532b2fa8":[7.3120646,207.85056,770.0,9.440698],"7f3d3cd0-d786-11ef-1a7e-43a2532b2fa8":[708.0099,946.17175,630.0,3.7424104],"7e581fce-d786-11ef-1a7e-43a2532b2fa8":[449.99042,865.5333,657.0,13.0619335],"7ee21d00-d786-11ef-2eac-81ac2e6b05df":[523.1377,872.55566,619.0,8.812923],"7eb33c24-d786-11ef-1a7e-43a2532b2fa8":[505.47568,517.4622,545.0,13.727325],"7e9ca98c-d786-11ef-1a7e-43a2532b2fa8":[900.7889,426.7175,488.0,16.195288],"7edc0652-d786-11ef-1a7e-43a2532b2fa8":[241.92323,603.13367,581.0,7.898654],"7ec37350-d786-11ef-1a7e-43a2532b2fa8":[1018.1584,208.47021,507.0,9.706685],"7f3b02bc-d786-11ef-1a7e-43a2532b2fa8":[53.561066,463.9989,687.0,8.444016],"7f0e9eca-d786-11ef-1a7e-43a2532b2fa8":[239.52502,920.8497,623.0,6.9557962],"7eb2b574-d786-11ef-1a7e-43a2532b2fa8":[595.12933,268.3714,572.0,16.42945],"7ef63786-d786-11ef-1a7e-43a2532b2fa8":[34.51341,210.52357,611.0,5.5279064],"7e81b08c-d786-11ef-1a7e-43a2532b2fa8":[1016.5231,312.21164,462.0,11.617374],"7e23d73c-d786-11ef-1a7e-43a2532b2fa8":[571.719,29.238201,514.0,20.09022],"7e60e7c4-d786-11ef-1a7e-43a2532b2fa8":[828.4251,61.324245,556.0,16.116478],"7eb604e0-d786-11ef-1a59-6be8ccc438a2":[490.1562,570.46826,699.0,11.113246],"7ed3d182-d786-11ef-1a7e-43a2532b2fa8":[863.4158,574.8706,493.0,12.865502],"7f644f82-d786-11ef-1a7e-43a2532b2fa8":[874.075,955.1981,697.0,3.9088202],"7eda67ea-d786-11ef-1a7e-43a2532b2fa8":[376.00943,681.4687,620.0,8.058239],"7f03e8cc-d786-11ef-1a7e-43a2532b2fa8":[7.9336295,311.5024,794.0,11.055813],"7f84f00c-d786-11ef-1a7e-43a2532b2fa8":[521.02295,75.885185,757.0,4.6524267],"7de9dc26-d786-11ef-1a7e-43a2532b2fa8":[124.60848,612.959,544.0,17.112717],"7e9c13b4-d786-11ef-1a7e-43a2532b2fa8":[10.209128,399.4106,703.0,12.666025],"7ed9d8c0-d786-11ef-1a7e-43a2532b2fa8":[355.4183,497.49225,623.0,8.214725],"7e9f0664-d786-11ef-1a7e-43a2532b2fa8":[685.44977,387.06058,479.0,14.755472],"7eb604d6-d786-11ef-1a7e-43a2532b2fa8":[473.89032,265.12506,639.0,9.304853],"7dd3f9ba-d786-11ef-1a7e-43a2532b2fa8":[718.9984,666.97894,514.0,27.291851],"7eb5498a-d786-11ef-1a7e-43a2532b2fa8":[739.4408,445.56702,620.0,16.698486],"7f64cef8-d786-11ef-1a7e-43a2532b2fa8":[14.906977,1015.894,698.0,6.2825494],"7ef41bcc-d786-11ef-1a7e-43a2532b2fa8":[449.5878,789.90594,601.0,5.9708214],"7eab2890-d786-11ef-1a7e-43a2532b2fa8":[809.5597,99.38742,537.0,13.68087],"7efd512e-d786-11ef-1a7e-43a2532b2fa8":[579.93835,201.0014,640.0,6.5795245]}