{"d232af9c-d786-11ef-1a59-6be8ccc438a2":[910.4947,1015.1573,694.0,8.214725],"d267edf4-d786-11ef-1a7e-43a2532b2fa8":[448.51373,859.99713,603.0,5.86323],"d2a95230-d786-11ef-1a7e-43a2532b2fa8":[55.711376,559.9993,685.0,7.1364965],"d225b7c4-d786-11ef-1a7e-43a2532b2fa8":[703.8595,28.256039,513.0,10.998079],"d26be8c0-d786-11ef-1a7e-43a2532b2fa8":[30.597187,718.58514,637.0,5.9708214],"d26d4616-d786-11ef-1a7e-43a2532b2fa8":[8.050824,468.60385,815.0,11.227231],"d283e70e-d786-11ef-1a7e-43a2532b2fa8":[239.47293,971.3257,609.0,8.214725],"d1cae45c-d786-11ef-1a7e-43a2532b2fa8":[1020.0038,551.078,399.0,7.898654],"d24c975e-d786-11ef-1a7e-43a2532b2fa8":[527.8554,989.35614,618.0,9.236181],"d21ecf2c-d786-11ef-1a59-6be8ccc438a2":[863.80804,687.0533,485.0,13.9115925],"d2a3c380-d786-11ef-1a7e-43a2532b2fa8":[429.18488,1018.2427,800.0,9.236181],"d20f3014-d786-11ef-1a7e-43a2532b2fa8":[502.5101,630.52216,544.0,14.048207],"d2174798-d786-11ef-1a7e-43a2532b2fa8":[10.400052,550.4516,710.0,11.617374],"d1575384-d786-11ef-1a7e-43a2532b2fa8":[120.01257,732.11786,509.0,18.054068],"d210c2f8-d786-11ef-1a7e-43a2532b2fa8":[899.4855,550.8332,477.0,16.468151],"d2554da4-d786-11ef-1a7e-43a2532b2fa8":[577.4544,277.11533,553.0,12.766153],"d2a5fdf8-d786-11ef-1a7e-43a2532b2fa8":[6.898995,337.6979,777.0,9.166996],"d218cdd4-d786-11ef-1a59-6be8ccc438a2":[682.58344,504.35635,534.0,13.44619],"d2406f9c-d786-11ef-1a7e-43a2532b2fa8":[1006.9854,741.5513,601.0,7.399277],"d237058a-d786-11ef-1a7e-43a2532b2fa8":[374.99036,775.2295,506.0,14.884343],"d1b45be2-d786-11ef-1a7e-43a2532b2fa8":[39.04912,129.00674,586.0,17.553461],"d2609f56-d786-11ef-1a7e-43a2532b2fa8":[610.97003,991.8294,664.0,10.217908],"d2585ef4-d786-11ef-1a7e-43a2532b2fa8":[499.4717,1011.2839,559.0,9.097283],"d26eb3fc-d786-11ef-1a7e-43a2532b2fa8":[29.026283,268.5375,610.0,5.5279064],"d238a0fa-d786-11ef-1a59-6be8ccc438a2":[522.18677,969.8002,585.0,11.83454],"d1eaca9c-d786-11ef-1a7e-43a2532b2fa8":[439.9628,13.196033,512.0,20.058506],"d230848a-d786-11ef-1a7e-43a2532b2fa8":[237.9375,706.4432,534.0,12.615663],"d2ab06f4-d786-11ef-1a7e-43a2532b2fa8":[11.523052,39.475624,684.0,6.770275],"d220fbe4-d786-11ef-1a7e-43a2532b2fa8":[487.9719,705.9238,680.0,12.41217],"d17a7a30-d786-11ef-1a7e-43a2532b2fa8":[1015.8768,467.78192,456.0,12.205287],"d1d2e4d6-d786-11ef-1a7e-43a2532b2fa8":[1017.12585,337.03314,514.0,10.464158],"d2a72638-d786-11ef-1a7e-43a2532b2fa8":[592.44855,7.8406153,688.0,8.136858],"d214ce28-d786-11ef-1a7e-43a2532b2fa8":[470.4907,377.833,503.0,16.390654],"d216c8cc-d786-11ef-1a7e-43a2532b2fa8":[352.93692,601.2726,490.0,16.116478],"d1cef4de-d786-11ef-1a7e-43a2532b2fa8":[871.896,42.028965,527.0,17.444319],"d21ada2a-d786-11ef-1a7e-43a2532b2fa8":[738.44824,569.73,505.0,19.281752],"d221f99a-d786-11ef-1a7e-43a2532b2fa8":[591.5976,401.38,564.0,16.037281],"d1402b46-d786-11ef-1a7e-43a2532b2fa8":[719.7288,928.486,576.0,24.695784],"d2758c7c-d786-11ef-1a7e-43a2532b2fa8":[338.89713,629.46893,663.0,9.574615],"d1fc5d2a-d786-11ef-1a7e-43a2532b2fa8":[708.01807,798.4432,509.0,16.116478],"d149b968-d786-11ef-1a59-6be8ccc438a2":[817.866,230.90253,512.0,19.641579],"d15924e8-d786-11ef-1a7e-43a2532b2fa8":[566.50055,222.48474,508.0,20.928316],"d204848a-d786-11ef-1a7e-43a2532b2fa8":[899.1392,61.279793,513.0,15.957691]}