{"f95b947c-d785-11ef-1a7e-43a2532b2fa8":[8.490634,50.162052,701.0,11.340071],"f9a39f06-d785-11ef-1a7e-43a2532b2fa8":[239.01427,838.5438,630.0,5.641896],"f94ae032-d785-11ef-1a7e-43a2532b2fa8":[483.0649,72.74706,628.0,10.998079],"f92b3372-d785-11ef-1a7e-43a2532b2fa8":[577.39996,938.0913,569.0,10.280024],"f906b7b8-d785-11ef-1a7e-43a2532b2fa8":[997.2858,999.6325,492.0,12.666025],"f9af2ab0-d785-11ef-1a7e-43a2532b2fa8":[5.116726,1016.52185,649.0,8.812923],"f9607f14-d785-11ef-1a7e-43a2532b2fa8":[361.5821,324.02014,621.0,8.740388],"f931f1da-d785-11ef-1a7e-43a2532b2fa8":[804.7612,767.53265,494.0,16.812471],"f928afe4-d785-11ef-2eac-81ac2e6b05df":[904.8197,214.42236,482.0,16.390654],"f928afda-d785-11ef-1a59-6be8ccc438a2":[716.15216,409.9859,520.0,15.38904],"f8746fb6-d785-11ef-19b6-2351fdb02228":[838.1186,705.4409,514.0,22.623932],"f96ef756-d785-11ef-1a7e-43a2532b2fa8":[109.321686,948.36053,572.0,8.884867],"f96e2356-d785-11ef-1a7e-43a2532b2fa8":[220.56393,983.4595,515.0,10.52482],"f9813f92-d785-11ef-1a7e-43a2532b2fa8":[1016.4122,511.5387,598.0,7.399277],"f95c10f0-d785-11ef-1a7e-43a2532b2fa8":[131.12215,450.00906,616.0,9.304853],"f9347a72-d785-11ef-1a7e-43a2532b2fa8":[195.1588,974.9108,588.0,8.444016],"f961dda0-d785-11ef-1a59-6be8ccc438a2":[867.63293,389.51416,591.0,7.484821],"f9b20846-d785-11ef-1a7e-43a2532b2fa8":[359.4906,50.70717,654.0,4.513517],"f8b85e24-d785-11ef-1a7e-43a2532b2fa8":[451.71457,593.0789,605.0,16.736568],"f9098100-d785-11ef-1a7e-43a2532b2fa8":[502.77484,336.7036,507.0,24.849974],"f9aa2c4a-d785-11ef-1a7e-43a2532b2fa8":[344.4662,484.42233,614.0,5.641896],"f965d478-d785-11ef-1a7e-43a2532b2fa8":[380.02866,522.4446,624.0,7.9788456],"f9bc3fa2-d785-11ef-1a7e-43a2532b2fa8":[552.6201,7.379374,831.0,12.41217],"f9a2ffc4-d785-11ef-1a7e-43a2532b2fa8":[34.03294,576.0663,649.0,5.86323],"f93a3796-d785-11ef-1a7e-43a2532b2fa8":[691.08514,188.34875,481.0,14.969642],"f9041e40-d785-11ef-1a7e-43a2532b2fa8":[1016.3993,50.9678,391.0,10.704744],"f94ff536-d785-11ef-1a7e-43a2532b2fa8":[249.38454,427.51382,583.0,8.136858],"f9842662-d785-11ef-1a7e-43a2532b2fa8":[587.06464,72.50654,638.0,7.399277],"f95336c6-d785-11ef-1a7e-43a2532b2fa8":[519.9813,890.44806,727.0,10.823032],"f8746fb6-d785-11ef-3931-4175e38e818b":[729.309,250.49945,397.0,37.047974],"f9363b32-d785-11ef-1a7e-43a2532b2fa8":[549.7344,1004.655,510.0,24.38448],"f9979d98-d785-11ef-1a7e-43a2532b2fa8":[42.45959,114.58529,606.0,6.5795245],"f957bf14-d785-11ef-1a59-6be8ccc438a2":[769.73175,860.6502,505.0,16.155931],"f94b6228-d785-11ef-1a7e-43a2532b2fa8":[601.3198,44.383377,571.0,16.774563],"f98d404e-d785-11ef-1a59-6be8ccc438a2":[451.88947,673.5072,601.0,6.4820447],"f8b15eee-d785-11ef-1a7e-43a2532b2fa8":[404.21643,940.45483,583.0,13.303394],"f928afb2-d785-11ef-1a7e-43a2532b2fa8":[131.50972,384.16397,575.0,10.155413],"f9c8c2e0-d785-11ef-1a7e-43a2532b2fa8":[52.010593,303.99548,691.0,8.740388],"f98399cc-d785-11ef-1a7e-43a2532b2fa8":[277.0314,24.281227,649.0,8.884867],"f9203ada-d785-11ef-1a7e-43a2532b2fa8":[10.644044,146.41069,808.0,13.634257],"f93ef666-d785-11ef-1a7e-43a2532b2fa8":[522.414,707.03156,510.0,14.494293]}