{"33ad8886-d786-11ef-1a59-6be8ccc438a2":[712.4003,514.42255,506.0,15.997536],"33caac6a-d786-11ef-1a7e-43a2532b2fa8":[128.1185,477.9868,563.0,10.52482],"34365b4a-d786-11ef-1a7e-43a2532b2fa8":[401.48804,44.610264,544.0,5.170883],"33f81808-d786-11ef-2eac-81ac2e6b05df":[866.00323,469.77896,493.0,13.493452],"3410e19e-d786-11ef-1a59-6be8ccc438a2":[592.9225,136.58621,508.0,22.820057],"33d13654-d786-11ef-1a7e-43a2532b2fa8":[575.18,1020.0744,454.0,7.735778],"3400fb9e-d786-11ef-1a59-6be8ccc438a2":[770.7188,938.0057,516.0,15.635281],"3402a9b2-d786-11ef-1a7e-43a2532b2fa8":[127.527596,524.03033,623.0,8.519076],"341fd758-d786-11ef-1a7e-43a2532b2fa8":[7.85658,84.980576,710.0,11.055813],"33f466cc-d786-11ef-1a7e-43a2532b2fa8":[478.35284,154.46849,626.0,10.09253],"33f28adc-d786-11ef-1a7e-43a2532b2fa8":[193.61076,8.64582,593.0,6.9557962],"3410e194-d786-11ef-1a7e-43a2532b2fa8":[522.4567,777.4677,624.0,8.214725],"3420de5a-d786-11ef-1a7e-43a2532b2fa8":[39.051453,156.09283,613.0,5.411516],"3416bfd8-d786-11ef-1a7e-43a2532b2fa8":[219.49124,12.3073845,514.0,8.59348],"33cddaf2-d786-11ef-1a7e-43a2532b2fa8":[805.4607,862.59784,496.0,16.545286],"34409b3c-d786-11ef-1a7e-43a2532b2fa8":[343.43423,523.52527,612.0,5.86323],"33d7eae2-d786-11ef-1a7e-43a2532b2fa8":[11.301237,255.55313,621.0,8.956232],"34373600-d786-11ef-1a7e-43a2532b2fa8":[32.484776,614.0288,645.0,5.7536273],"3419b7f8-d786-11ef-1a7e-43a2532b2fa8":[8.279552,163.9789,804.0,11.994835],"344e53b4-d786-11ef-1a7e-43a2532b2fa8":[239.51584,873.4133,628.0,5.86323],"340b7844-d786-11ef-1a7e-43a2532b2fa8":[575.97784,7.3365145,634.0,9.706685],"33e0743c-d786-11ef-1a7e-43a2532b2fa8":[688.3736,273.4206,479.0,14.712264],"34205c00-d786-11ef-1a7e-43a2532b2fa8":[450.904,713.1066,513.0,22.652054],"33ee6aee-d786-11ef-1a7e-43a2532b2fa8":[519.3641,980.95276,706.0,12.205287],"34183afe-d786-11ef-1a7e-43a2532b2fa8":[1014.68616,572.44775,604.0,7.399277],"33ea0ce0-d786-11ef-1a7e-43a2532b2fa8":[106.604866,1010.13513,513.0,8.956232],"330e8d14-d786-11ef-1a59-6be8ccc438a2":[835.965,916.9691,516.0,22.567583],"33f70e2c-d786-11ef-1a7e-43a2532b2fa8":[811.00354,997.0429,616.0,9.027034],"33f28ae6-d786-11ef-1a59-6be8ccc438a2":[358.59756,398.48584,622.0,8.740388],"339948f0-d786-11ef-1a7e-43a2532b2fa8":[1020.5822,255.55707,398.0,6.0765076],"345b472a-d786-11ef-1a7e-43a2532b2fa8":[51.88785,372.45163,682.0,7.898654],"3390e534-d786-11ef-1a7e-43a2532b2fa8":[1016.84344,163.93013,429.0,10.940042],"33d7eb26-d786-11ef-1a59-6be8ccc438a2":[741.08875,325.99,518.0,18.437868],"34091338-d786-11ef-1a7e-43a2532b2fa8":[378.02124,590.7896,512.0,14.884343],"33e16f36-d786-11ef-1a7e-43a2532b2fa8":[510.99634,410.30884,767.0,16.888033],"33133e18-d786-11ef-1a7e-43a2532b2fa8":[723.1698,438.817,600.0,25.97724],"34635c3a-d786-11ef-1a7e-43a2532b2fa8":[548.48505,56.79502,608.0,5.170883],"33fa6e0a-d786-11ef-1a7e-43a2532b2fa8":[247.03171,503.10233,580.0,8.214725],"33b3fc36-d786-11ef-1a7e-43a2532b2fa8":[1017.58704,84.320885,459.0,9.304853],"33c8285c-d786-11ef-1a7e-43a2532b2fa8":[492.00882,443.26532,508.0,19.14923],"33d1367a-d786-11ef-1a59-6be8ccc438a2":[903.3989,305.36246,481.0,16.660318]}