{"2cdbe05e-d786-11ef-1a7e-43a2532b2fa8":[342.85443,517.4538,614.0,5.411516],"2cafa2ee-d786-11ef-1a7e-43a2532b2fa8":[451.74442,717.0174,520.0,12.91489],"2cca44de-d786-11ef-1a7e-43a2532b2fa8":[8.547151,72.3893,677.0,9.166996],"2cea2d62-d786-11ef-1a7e-43a2532b2fa8":[192.3741,4.9342246,687.0,7.3127327],"2ba44230-d786-11ef-1a7e-43a2532b2fa8":[727.0761,433.22842,8.0,3.5682483],"2c686a52-d786-11ef-1a7e-43a2532b2fa8":[10.520652,241.5707,708.0,10.403142],"2c7ed88c-d786-11ef-1a7e-43a2532b2fa8":[1019.2855,73.792145,503.0,7.399277],"2cdc9706-d786-11ef-1a7e-43a2532b2fa8":[32.487545,608.4401,645.0,5.641896],"2cfaa570-d786-11ef-1a7e-43a2532b2fa8":[51.904457,363.4998,688.0,7.484821],"2ca93e92-d786-11ef-1a7e-43a2532b2fa8":[1014.3458,564.4794,558.0,8.519076],"2ba070ec-d786-11ef-1a59-6be8ccc438a2":[836.51086,889.20746,651.0,17.297726],"2c84d46c-d786-11ef-1a59-6be8ccc438a2":[904.0332,293.51523,500.0,15.38904],"2cbe3522-d786-11ef-1a7e-43a2532b2fa8":[9.458996,148.44594,816.0,13.159049],"2c8433e0-d786-11ef-1a7e-43a2532b2fa8":[106.56519,1002.6553,507.0,9.507892],"2ca5a96c-d786-11ef-1a7e-43a2532b2fa8":[192.97649,1018.8098,549.0,6.675581],"2cdb2c90-d786-11ef-1a59-6be8ccc438a2":[547.97656,44.854504,645.0,7.65304],"2cabe4da-d786-11ef-1a7e-43a2532b2fa8":[218.96054,6.721915,591.0,5.86323],"2c6968bc-d786-11ef-1a7e-43a2532b2fa8":[402.96268,26.976435,600.0,11.780624],"2cc91da4-d786-11ef-1a7e-43a2532b2fa8":[39.06351,150.57806,598.0,7.65304],"2c85fe0a-d786-11ef-1a7e-43a2532b2fa8":[479.43765,144.06877,641.0,9.373021],"2c8e7116-d786-11ef-1a7e-43a2532b2fa8":[866.0123,458.60403,489.0,14.002817],"2c475374-d786-11ef-1a7e-43a2532b2fa8":[1018.1099,149.03792,460.0,9.640876],"2c6bdc46-d786-11ef-1a59-6be8ccc438a2":[577.1118,1014.5656,465.0,12.360774],"2c5b7c54-d786-11ef-1a7e-43a2532b2fa8":[712.9478,500.368,509.0,15.222667],"2c718a0e-d786-11ef-1a7e-43a2532b2fa8":[510.05386,398.5666,545.0,13.493452],"2c84d462-d786-11ef-1a7e-43a2532b2fa8":[740.3848,314.05954,515.0,18.609707],"2c95ef5c-d786-11ef-1a7e-43a2532b2fa8":[247.09729,491.91513,581.0,8.29186],"2c979f04-d786-11ef-1a7e-43a2532b2fa8":[688.32556,262.51425,592.0,8.136858],"2c515342-d786-11ef-1a7e-43a2532b2fa8":[806.1321,848.8898,495.0,16.468151],"2c9da19a-d786-11ef-1a59-6be8ccc438a2":[520.56,968.3394,702.0,12.865502],"2c5c9324-d786-11ef-1a7e-43a2532b2fa8":[593.33405,126.06714,565.0,18.915081],"2cdb2c36-d786-11ef-1a7e-43a2532b2fa8":[238.40117,868.3728,630.0,5.5279064],"2c9ca15a-d786-11ef-1a59-6be8ccc438a2":[359.03543,389.0808,623.0,8.59348],"2c322686-d786-11ef-1a7e-43a2532b2fa8":[128.59421,466.67612,548.0,11.562446],"2c994e7e-d786-11ef-1a59-6be8ccc438a2":[771.0273,926.7297,510.0,16.390654],"2c8d70ea-d786-11ef-1a7e-43a2532b2fa8":[128.02531,514.57764,614.0,9.097283],"2cad21e2-d786-11ef-1a7e-43a2532b2fa8":[378.58917,581.827,519.0,13.819766],"2d398cfe-d786-11ef-1a7e-43a2532b2fa8":[997.0595,59.010555,712.0,4.513517],"2ba17f3c-d786-11ef-1a59-6be8ccc438a2":[722.6359,414.72934,593.0,26.582851],"2bd84f58-d786-11ef-1a7e-43a2532b2fa8":[450.73514,693.6402,507.0,20.279457],"2c8399e4-d786-11ef-1a7e-43a2532b2fa8":[494.5065,427.5224,510.0,19.248707],"2ca2573a-d786-11ef-1a7e-43a2532b2fa8":[522.5063,768.5387,624.0,8.214725],"2cbaaff8-d786-11ef-1a7e-43a2532b2fa8":[810.97375,984.04767,606.0,8.214725]}