{"3f1202a8-d786-11ef-1a7e-43a2532b2fa8":[507.7272,424.31262,478.0,16.116478],"3ece9eb4-d786-11ef-1a7e-43a2532b2fa8":[1016.99304,186.62743,460.0,9.901487],"3eeab8a6-d786-11ef-1a7e-43a2532b2fa8":[359.12338,413.49316,626.0,8.058239],"3f58efc4-d786-11ef-1a7e-43a2532b2fa8":[1013.5009,585.0062,589.0,8.59348],"3f127f1c-d786-11ef-1a7e-43a2532b2fa8":[10.676704,277.50186,680.0,13.159049],"3f907624-d786-11ef-1a7e-43a2532b2fa8":[105.469955,5.6257133,693.0,6.4820447],"3e9bea14-d786-11ef-1a7e-43a2532b2fa8":[452.6178,733.66974,645.0,14.40618],"3ef6224a-d786-11ef-1a7e-43a2532b2fa8":[521.398,792.6787,575.0,12.865502],"3f42f80e-d786-11ef-1a59-6be8ccc438a2":[378.13715,604.2312,518.0,14.138551],"3e49641a-d786-11ef-1a7e-43a2532b2fa8":[835.5589,958.6886,510.0,22.623932],"3f298d7e-d786-11ef-1a7e-43a2532b2fa8":[688.5309,289.66547,485.0,14.668929],"3f75e694-d786-11ef-1a7e-43a2532b2fa8":[8.430699,103.50294,726.0,10.029253],"3f25282e-d786-11ef-1a7e-43a2532b2fa8":[575.46674,20.077127,531.0,11.4517975],"3fb1dc9a-d786-11ef-1a7e-43a2532b2fa8":[548.4573,70.78273,671.0,4.513517],"3ee5d93a-d786-11ef-1a7e-43a2532b2fa8":[713.647,535.59,511.0,15.797308],"3ee66e5e-d786-11ef-1a7e-43a2532b2fa8":[597.16223,159.26106,456.0,19.5115],"3f005f58-d786-11ef-1a7e-43a2532b2fa8":[805.58124,880.45624,465.0,18.881395],"3f057c68-d786-11ef-1a7e-43a2532b2fa8":[126.4425,497.57053,566.0,10.764051],"3ebbfd18-d786-11ef-1a7e-43a2532b2fa8":[490.3241,461.4227,702.0,10.881695],"3f560a02-d786-11ef-1a7e-43a2532b2fa8":[37.990555,164.02957,609.0,6.180387],"3f16c95a-d786-11ef-1a7e-43a2532b2fa8":[1018.75446,102.75173,489.0,8.884867],"3ef6225e-d786-11ef-1a59-6be8ccc438a2":[810.50885,1013.3129,494.0,11.340071],"3f5aa528-d786-11ef-1a7e-43a2532b2fa8":[8.576664,186.45474,714.0,11.396071],"3fa78420-d786-11ef-1a7e-43a2532b2fa8":[52.5921,385.98734,687.0,7.65304],"3f5b4422-d786-11ef-1a7e-43a2532b2fa8":[583.6566,138.33296,543.0,14.002817],"3f4f59a0-d786-11ef-1a7e-43a2532b2fa8":[192.51904,17.40372,588.0,6.770275],"3f7f62d0-d786-11ef-1a7e-43a2532b2fa8":[32.001373,622.0819,640.0,5.7536273],"3f7748b6-d786-11ef-1a7e-43a2532b2fa8":[342.97507,530.3945,610.0,5.2925673],"3f31202a-d786-11ef-1a7e-43a2532b2fa8":[865.4658,484.9874,486.0,14.0934515],"3f38e80a-d786-11ef-1a7e-43a2532b2fa8":[106.18267,1018.32806,535.0,8.214725],"3f26b9f0-d786-11ef-1a59-6be8ccc438a2":[519.91974,998.9284,703.0,11.170383],"3f42f804-d786-11ef-1a7e-43a2532b2fa8":[245.39241,518.03723,582.0,7.9788456],"3f0e3baa-d786-11ef-1a7e-43a2532b2fa8":[739.80707,343.3525,505.0,18.712051],"3f57b92e-d786-11ef-1a7e-43a2532b2fa8":[219.05472,22.268486,520.0,7.5693974],"3f405926-d786-11ef-1a7e-43a2532b2fa8":[126.97665,539.6639,612.0,9.507892],"3e49e806-d786-11ef-1a7e-43a2532b2fa8":[721.47845,475.5695,586.0,26.293898],"3efac3fc-d786-11ef-1a7e-43a2532b2fa8":[903.58496,322.70956,495.0,15.471556],"3f0bc9ba-d786-11ef-1a7e-43a2532b2fa8":[477.12247,171.71632,505.0,16.351768],"3f06ae80-d786-11ef-1a7e-43a2532b2fa8":[771.28485,952.9098,504.0,16.545286],"3f6c16d0-d786-11ef-1a7e-43a2532b2fa8":[239.53387,881.0176,627.0,6.0765076]}