{"106b81d0-d787-11ef-1a7e-43a2532b2fa8":[1015.3478,586.8027,479.0,12.100518],"1139ba82-d787-11ef-1a7e-43a2532b2fa8":[29.52147,757.9613,646.0,5.641896],"10bd0c46-d787-11ef-1a7e-43a2532b2fa8":[10.469467,664.45734,618.0,8.667245],"1130965a-d787-11ef-1a7e-43a2532b2fa8":[448.08563,913.3984,594.0,5.86323],"111e1c82-d787-11ef-1a7e-43a2532b2fa8":[523.9661,21.568254,617.0,8.058239],"10ea71aa-d787-11ef-07ce-9747c186ce7e":[867.20953,127.66051,512.0,17.697935],"11243f40-d787-11ef-1a7e-43a2532b2fa8":[495.46194,50.545666,586.0,10.881695],"113325e6-d787-11ef-1a7e-43a2532b2fa8":[23.06662,1013.13,617.0,8.740388],"10ffa93c-d787-11ef-1a7e-43a2532b2fa8":[700.8545,110.97073,506.0,14.0934515],"11ab79e2-d787-11ef-1a7e-43a2532b2fa8":[960.44714,961.7602,746.0,4.7873073],"10c2f118-d787-11ef-1a7e-43a2532b2fa8":[898.43146,645.9594,545.0,12.815924],"10698a92-d787-11ef-1a7e-43a2532b2fa8":[815.4474,346.47452,383.0,30.901936],"109e80d0-d787-11ef-1a7e-43a2532b2fa8":[33.132095,271.99847,628.0,14.927053],"10f5e078-d787-11ef-1a7e-43a2532b2fa8":[1017.1916,433.43604,576.0,9.965575],"103cf45c-d787-11ef-1a7e-43a2532b2fa8":[895.16016,154.68408,487.0,16.963259],"117873a8-d787-11ef-1a7e-43a2532b2fa8":[108.35659,165.52966,656.0,4.068429],"105b4cac-d787-11ef-1a7e-43a2532b2fa8":[118.323105,806.4356,513.0,14.755472],"110732a6-d787-11ef-1a7e-43a2532b2fa8":[908.53784,70.09301,673.0,10.464158],"10e5425e-d787-11ef-1a7e-43a2532b2fa8":[346.43875,675.98425,543.0,16.925688],"1173d190-d787-11ef-1a7e-43a2532b2fa8":[8.4892845,74.566376,695.0,6.3830767],"1123c008-d787-11ef-1a7e-43a2532b2fa8":[1004.4166,806.00275,617.0,7.225152],"1141d2a8-d787-11ef-1a7e-43a2532b2fa8":[1018.45764,22.645445,651.0,8.29186],"10704abc-d787-11ef-1a7e-43a2532b2fa8":[705.4376,911.09796,510.0,15.512649],"1070d9bc-d787-11ef-1a7e-43a2532b2fa8":[562.966,368.4003,509.0,20.621881],"115a4d7e-d787-11ef-1a7e-43a2532b2fa8":[8.146856,585.44775,838.0,11.617374],"10f89d0e-d787-11ef-1a7e-43a2532b2fa8":[499.89215,716.6005,600.0,8.519076],"1140008e-d787-11ef-1a7e-43a2532b2fa8":[239.98123,1009.9931,638.0,4.7873073],"11ec5630-d787-11ef-1a7e-43a2532b2fa8":[721.02386,91.07897,842.0,4.222008],"10e3e1d4-d787-11ef-1a59-6be8ccc438a2":[739.1641,666.4521,512.0,18.541162],"10fd3134-d787-11ef-1a7e-43a2532b2fa8":[235.71472,786.0281,517.0,11.617374],"1172cfe8-d787-11ef-1a7e-43a2532b2fa8":[592.12006,47.014675,705.0,7.8176403],"10b5269e-d787-11ef-1a7e-43a2532b2fa8":[525.68567,85.0286,603.0,11.113246],"10cb8d9e-d787-11ef-1a7e-43a2532b2fa8":[488.16147,808.8499,505.0,18.948708],"111b0d44-d787-11ef-1a7e-43a2532b2fa8":[26.056036,311.34558,551.0,8.812923],"116e00c4-d787-11ef-1a7e-43a2532b2fa8":[5.637889,434.01813,774.0,7.9788456],"10e04a38-d787-11ef-1a7e-43a2532b2fa8":[860.37585,771.65283,484.0,13.957279],"10c39da2-d787-11ef-1a7e-43a2532b2fa8":[606.96924,77.81067,654.0,11.227231],"11596864-d787-11ef-1a7e-43a2532b2fa8":[55.45776,632.9622,684.0,7.225152],"10c53eaa-d787-11ef-1a7e-43a2532b2fa8":[467.98047,464.55417,637.0,9.304853],"112c724e-d787-11ef-1a7e-43a2532b2fa8":[576.1475,334.88794,549.0,13.110581],"10a4e754-d787-11ef-1a7e-43a2532b2fa8":[1019.3918,664.9932,409.0,7.65304],"10b3f762-d787-11ef-1a7e-43a2532b2fa8":[589.47003,502.36874,563.0,15.756958],"10d0c004-d787-11ef-1a59-6be8ccc438a2":[680.01624,594.89606,530.0,11.507255],"10bfe8b0-d787-11ef-1a7e-43a2532b2fa8":[424.05844,103.5176,621.0,9.77205],"10800798-d787-11ef-1a7e-43a2532b2fa8":[115.467514,836.4199,564.0,10.645108],"10f46908-d787-11ef-1a7e-43a2532b2fa8":[373.90515,848.11395,616.0,8.136858]}