{"8a41dd86-d786-11ef-1a7e-43a2532b2fa8":[901.00934,978.59064,649.0,8.058239],"89eab218-d786-11ef-1a7e-43a2532b2fa8":[473.9901,280.4399,643.0,8.956232],"89dbbffe-d786-11ef-1a7e-43a2532b2fa8":[739.5782,462.8772,513.0,18.609707],"8a3c4a20-d786-11ef-1a7e-43a2532b2fa8":[8.614366,335.42166,815.0,11.780624],"89eab278-d786-11ef-2eac-81ac2e6b05df":[863.4998,590.9831,539.0,11.340071],"8972dc64-d786-11ef-1a7e-43a2532b2fa8":[570.5489,57.198723,514.0,19.835096],"896e80bc-d786-11ef-1a7e-43a2532b2fa8":[1016.5199,334.76196,451.0,11.994835],"88fbba8a-d786-11ef-3931-4175e38e818b":[720.8306,711.8193,590.0,25.95272],"89c5f35e-d786-11ef-1a7e-43a2532b2fa8":[9.709775,421.4597,636.0,10.403142],"8a4bd9a6-d786-11ef-1a7e-43a2532b2fa8":[42.965584,991.5887,595.0,7.399277],"8a5ab778-d786-11ef-1a7e-43a2532b2fa8":[872.4367,969.17865,679.0,7.65304],"89c7d866-d786-11ef-1a7e-43a2532b2fa8":[488.83667,592.67395,507.0,19.115955],"895d7d2e-d786-11ef-1a7e-43a2532b2fa8":[448.5397,891.06226,650.0,13.587484],"89d4d748-d786-11ef-1a7e-43a2532b2fa8":[240.94186,616.84784,529.0,12.205287],"89b16344-d786-11ef-1a7e-43a2532b2fa8":[900.9326,443.2555,484.0,16.155931],"8a2efc46-d786-11ef-1a7e-43a2532b2fa8":[31.605618,671.9782,637.0,6.0765076],"8a4636a4-d786-11ef-1a7e-43a2532b2fa8":[707.5359,961.34705,623.0,6.2825494],"8a24aa86-d786-11ef-1a7e-43a2532b2fa8":[774.0011,32.626545,637.0,7.898654],"8a35a29e-d786-11ef-1a7e-43a2532b2fa8":[33.013874,219.60867,609.0,5.9708214],"89f834ea-d786-11ef-1a7e-43a2532b2fa8":[375.95114,694.26605,756.0,15.837556],"8a40c9c6-d786-11ef-1a7e-43a2532b2fa8":[8.536654,227.7023,779.0,10.155413],"89f4ffc8-d786-11ef-1a7e-43a2532b2fa8":[504.9998,534.5976,547.0,12.205287],"8a127dfa-d786-11ef-1a7e-43a2532b2fa8":[1009.9708,667.47974,619.0,6.770275],"8a580638-d786-11ef-1a7e-43a2532b2fa8":[53.462734,478.46426,683.0,7.735778],"89f6a046-d786-11ef-1a7e-43a2532b2fa8":[355.52573,511.33203,569.0,13.39876],"8a8cfbfc-d786-11ef-1a7e-43a2532b2fa8":[15.058295,1021.444,725.0,4.513517],"8aaf0fe4-d786-11ef-1a7e-43a2532b2fa8":[521.04877,94.03597,754.0,4.068429],"89d6e3f8-d786-11ef-1a7e-43a2532b2fa8":[806.09247,1006.84784,565.0,11.4517975],"893d0146-d786-11ef-1a7e-43a2532b2fa8":[122.95004,630.59344,565.0,16.195288],"8a217a9e-d786-11ef-1a7e-43a2532b2fa8":[580.59424,211.55229,639.0,6.675581],"89eab23e-d786-11ef-1a59-6be8ccc438a2":[592.7679,287.41998,580.0,16.850294],"8a1d6aa8-d786-11ef-1a7e-43a2532b2fa8":[450.0766,799.952,600.0,6.180387],"8a3bd038-d786-11ef-2eac-81ac2e6b05df":[340.94687,581.92694,610.0,5.046265],"89b544e6-d786-11ef-1a7e-43a2532b2fa8":[808.9687,118.27508,448.0,17.18696],"896f981a-d786-11ef-1a7e-43a2532b2fa8":[710.52826,674.5633,504.0,16.234549],"89b645f8-d786-11ef-1a7e-43a2532b2fa8":[1017.6041,226.94223,500.0,9.836982],"8a3bd038-d786-11ef-1a59-6be8ccc438a2":[239.51173,928.51904,626.0,5.86323],"89de8e28-d786-11ef-1a7e-43a2532b2fa8":[522.9402,886.5459,622.0,8.444016],"8a810022-d786-11ef-1a7e-43a2532b2fa8":[593.5562,983.48834,738.0,5.9708214],"89d98504-d786-11ef-1a7e-43a2532b2fa8":[684.9706,403.3079,481.0,14.668929],"898a048e-d786-11ef-1a7e-43a2532b2fa8":[827.87933,86.14339,550.0,15.797308]}