{"db1a0cfa-d785-11ef-1a7e-43a2532b2fa8":[108.39538,914.8999,588.0,7.5693974],"db05e26e-d785-11ef-1a7e-43a2532b2fa8":[359.96692,10.179875,497.0,10.998079],"db59d326-d785-11ef-1a7e-43a2532b2fa8":[345.46375,464.52362,616.0,4.918491],"dacc87e6-d785-11ef-1a7e-43a2532b2fa8":[277.6339,1006.547,557.0,10.341766],"db4a205c-d785-11ef-1a7e-43a2532b2fa8":[44.58618,92.57722,600.0,7.0467257],"db5ad276-d785-11ef-1a7e-43a2532b2fa8":[33.944675,556.09247,654.0,6.0765076],"daf16f20-d785-11ef-1a59-6be8ccc438a2":[907.03235,165.35233,497.0,15.675944],"dac42c9c-d785-11ef-1a59-6be8ccc438a2":[691.86884,144.06456,514.0,12.41217],"db03cf44-d785-11ef-1a59-6be8ccc438a2":[604.51483,1014.2207,681.0,9.640876],"db180040-d785-11ef-1a7e-43a2532b2fa8":[363.62726,283.46713,624.0,8.29186],"db49041a-d785-11ef-1a7e-43a2532b2fa8":[587.94147,43.55977,581.0,10.881695],"da77cfee-d785-11ef-1a7e-43a2532b2fa8":[453.71677,532.4735,510.0,18.264412],"da1a362c-d785-11ef-1121-29b685de3439":[838.11945,591.5442,539.0,20.590988],"dab3f140-d785-11ef-1a7e-43a2532b2fa8":[504.91278,288.9864,498.0,25.079481],"dae5166c-d785-11ef-1a7e-43a2532b2fa8":[805.45337,717.77234,495.0,16.660318],"db1eb3ae-d785-11ef-1a7e-43a2532b2fa8":[379.84827,485.6126,505.0,15.096684],"dabfba5c-d785-11ef-1a59-6be8ccc438a2":[995.979,947.1304,570.0,15.59451],"daf26ae2-d785-11ef-1a7e-43a2532b2fa8":[519.46936,842.54376,719.0,11.113246],"dad28a88-d785-11ef-1a7e-43a2532b2fa8":[716.5483,355.10132,512.0,16.273716],"db4c7316-d785-11ef-1a7e-43a2532b2fa8":[453.0421,646.0165,606.0,5.86323],"db09a70c-d785-11ef-1a7e-43a2532b2fa8":[251.51633,386.94205,483.0,14.048207],"db99416e-d785-11ef-1a7e-43a2532b2fa8":[799.5208,63.359142,688.0,6.180387],"db561c1a-d785-11ef-1a7e-43a2532b2fa8":[238.99648,818.40967,630.0,5.641896],"db3101b2-d785-11ef-1a7e-43a2532b2fa8":[1017.18756,478.0382,627.0,7.8176403],"dae834d4-d785-11ef-1a7e-43a2532b2fa8":[133.50073,333.08295,575.0,10.029253],"db6c7062-d785-11ef-1a7e-43a2532b2fa8":[51.495304,266.518,691.0,7.65304],"db06eb70-d785-11ef-1a7e-43a2532b2fa8":[867.984,345.8021,499.0,13.0619335],"db3e1596-d785-11ef-1a7e-43a2532b2fa8":[4.675715,1014.59357,623.0,8.058239],"da23656c-d785-11ef-1a7e-43a2532b2fa8":[729.95074,171.85675,512.0,30.424417],"da1ac826-d785-11ef-1a7e-43a2532b2fa8":[552.8047,941.1496,632.0,24.332209],"dab6328e-d785-11ef-1a7e-43a2532b2fa8":[577.9492,890.38824,514.0,11.780624],"db1b130a-d785-11ef-1a59-6be8ccc438a2":[770.5404,819.0203,640.0,8.740388],"db27a0d4-d785-11ef-1a7e-43a2532b2fa8":[221.00269,955.3871,567.0,8.136858],"db1fc0be-d785-11ef-1a7e-43a2532b2fa8":[195.01192,945.5177,595.0,8.214725],"daa75a2a-d785-11ef-1a7e-43a2532b2fa8":[1020.0057,88.425415,352.0,6.675581],"db203eea-d785-11ef-1a59-6be8ccc438a2":[523.58594,669.0393,572.0,14.138551],"daff6272-d785-11ef-1a7e-43a2532b2fa8":[485.53116,27.113014,584.0,12.463355],"da652d94-d785-11ef-1a7e-43a2532b2fa8":[404.424,871.95,568.0,13.727325],"dacac4c4-d785-11ef-1a7e-43a2532b2fa8":[10.509768,87.83683,684.0,12.964089],"daeab748-d785-11ef-1a59-6be8ccc438a2":[131.988,408.97836,619.0,8.956232]}