{"7b3e8602-d786-11ef-1a59-6be8ccc438a2":[239.57066,918.9715,631.0,5.170883],"7b51d194-d786-11ef-1a7e-43a2532b2fa8":[707.9967,940.14374,634.0,4.370194],"7a6181f8-d786-11ef-1a7e-43a2532b2fa8":[1016.38403,307.4437,448.0,11.396071],"7bb434e2-d786-11ef-1a7e-43a2532b2fa8":[520.5261,70.82403,765.0,5.170883],"7a5f2836-d786-11ef-1a7e-43a2532b2fa8":[449.9291,859.0001,575.0,17.589691],"7b15affc-d786-11ef-1a7e-43a2532b2fa8":[451.1476,786.9035,602.0,5.9708214],"7adf4552-d786-11ef-1a7e-43a2532b2fa8":[686.02716,380.4517,566.0,10.52482],"7b12839a-d786-11ef-1a59-6be8ccc438a2":[1009.88446,650.46735,595.0,8.136858],"7af1d6f4-d786-11ef-1a7e-43a2532b2fa8":[772.9961,10.91909,650.0,7.8176403],"7afa8254-d786-11ef-1a7e-43a2532b2fa8":[522.5396,867.4825,621.0,8.59348],"7b59b350-d786-11ef-1a7e-43a2532b2fa8":[54.058582,459.51794,685.0,8.59348],"7b747c6c-d786-11ef-1a59-6be8ccc438a2":[901.49384,954.7141,695.0,4.918491],"7afd3ec2-d786-11ef-1a7e-43a2532b2fa8":[376.5179,677.54626,622.0,7.735778],"7b3d0138-d786-11ef-1a7e-43a2532b2fa8":[103.48971,64.72821,568.0,4.513517],"7af07674-d786-11ef-1a7e-43a2532b2fa8":[356.63202,493.1385,623.0,8.368284],"7a6ab5a2-d786-11ef-1a7e-43a2532b2fa8":[1020.0168,391.77905,395.0,7.225152],"7aa91dd6-d786-11ef-1a59-6be8ccc438a2":[805.43713,981.39935,550.0,15.59451],"7b4503b0-d786-11ef-1a7e-43a2532b2fa8":[7.387641,203.17369,764.0,9.640876],"7b128340-d786-11ef-1a7e-43a2532b2fa8":[580.3663,196.87027,565.0,11.672045],"7b238c44-d786-11ef-1a7e-43a2532b2fa8":[8.535353,305.9848,813.0,11.941643],"7abeac5e-d786-11ef-1a7e-43a2532b2fa8":[9.656255,391.89355,695.0,14.884343],"7a31ef38-d786-11ef-1a7e-43a2532b2fa8":[570.32764,19.020458,534.0,15.38904],"7a32e80c-d786-11ef-1a7e-43a2532b2fa8":[828.4551,52.06581,557.0,16.622063],"7aef2b98-d786-11ef-1a7e-43a2532b2fa8":[863.44604,570.02686,495.0,12.865502],"7af131d6-d786-11ef-1a7e-43a2532b2fa8":[242.50063,597.53033,579.0,8.058239],"7a97c0d8-d786-11ef-1a7e-43a2532b2fa8":[902.12213,419.84842,480.0,16.506763],"7aba4f36-d786-11ef-1a7e-43a2532b2fa8":[1017.51825,202.48244,500.0,9.507892],"7adec5be-d786-11ef-1a7e-43a2532b2fa8":[123.34605,606.86053,498.0,20.216576],"7b388ef0-d786-11ef-1a7e-43a2532b2fa8":[342.08582,572.45105,612.0,5.046265],"7ae0cd14-d786-11ef-1a59-6be8ccc438a2":[595.6917,261.22348,570.0,16.888033],"7b6d27aa-d786-11ef-1a7e-43a2532b2fa8":[873.95056,948.3853,646.0,3.9088202],"7b8b7406-d786-11ef-1a7e-43a2532b2fa8":[593.95605,972.51886,735.0,5.86323],"7b13802e-d786-11ef-1a7e-43a2532b2fa8":[33.401527,207.3987,616.0,5.046265],"7abfe360-d786-11ef-1a7e-43a2532b2fa8":[490.1662,564.5858,604.0,16.390654],"7b2f2dd8-d786-11ef-1a7e-43a2532b2fa8":[30.906103,662.01263,638.0,5.411516],"7ade42ae-d786-11ef-1a7e-43a2532b2fa8":[473.8279,259.57462,643.0,8.884867],"7ac20bae-d786-11ef-1a7e-43a2532b2fa8":[739.4222,439.49213,612.0,16.736568],"7a8ec51e-d786-11ef-1a7e-43a2532b2fa8":[809.54193,92.86146,531.0,13.819766],"7aa0cf84-d786-11ef-1a7e-43a2532b2fa8":[719.00287,657.55695,509.0,27.291851],"7aed34c8-d786-11ef-1a59-6be8ccc438a2":[505.35587,512.3309,596.0,9.77205]}