{"219a3858-d786-11ef-1a7e-43a2532b2fa8":[239.5718,862.00116,632.0,5.411516],"21d0fc62-d786-11ef-1a7e-43a2532b2fa8":[276.94943,77.92376,671.0,4.222008],"20a1dc6c-d786-11ef-1a7e-43a2532b2fa8":[1016.99963,124.68807,425.0,10.764051],"214eba90-d786-11ef-1a7e-43a2532b2fa8":[219.52977,1016.9767,511.0,8.444016],"21619516-d786-11ef-1a7e-43a2532b2fa8":[1014.4767,552.0,572.0,10.217908],"2170306c-d786-11ef-1a7e-43a2532b2fa8":[8.843411,53.77155,690.0,10.403142],"21474f94-d786-11ef-1a7e-43a2532b2fa8":[106.54807,990.01105,568.0,8.058239],"2184b906-d786-11ef-1a7e-43a2532b2fa8":[344.00305,509.23932,569.0,9.640876],"214cc578-d786-11ef-1a7e-43a2532b2fa8":[193.55563,1013.0955,559.0,9.236181],"217b32be-d786-11ef-1a7e-43a2532b2fa8":[40.575542,142.03548,609.0,6.2825494],"211f7c76-d786-11ef-1a7e-43a2532b2fa8":[10.318784,218.9035,782.0,14.183506],"20589868-d786-11ef-19b6-2351fdb02228":[837.6704,846.4578,512.0,22.931374],"2067999e-d786-11ef-1a7e-43a2532b2fa8":[401.1922,1015.47064,414.0,9.901487],"217cce08-d786-11ef-1a7e-43a2532b2fa8":[451.0411,706.5007,598.0,6.5795245],"21b0a5b4-d786-11ef-1a7e-43a2532b2fa8":[52.032784,350.0108,686.0,8.136858],"2107dc88-d786-11ef-1a7e-43a2532b2fa8":[577.09216,996.89,515.0,13.351162],"212d48ec-d786-11ef-1a59-6be8ccc438a2":[689.5461,246.122,484.0,14.494293],"2193d81e-d786-11ef-1a7e-43a2532b2fa8":[32.39829,600.9565,644.0,6.180387],"2141c83a-d786-11ef-1a7e-43a2532b2fa8":[866.5881,443.2615,490.0,13.68087],"210e9afa-d786-11ef-1a7e-43a2532b2fa8":[1018.74084,55.259415,476.0,7.898654],"21425514-d786-11ef-1a7e-43a2532b2fa8":[359.42154,374.06662,575.0,13.39876],"215c6d3e-d786-11ef-1a7e-43a2532b2fa8":[379.67725,569.06586,620.0,8.368284],"218d1c68-d786-11ef-1a7e-43a2532b2fa8":[810.9258,964.32465,609.0,7.399277],"215698fa-d786-11ef-1a7e-43a2532b2fa8":[9.533305,125.33582,796.0,12.41217],"214ad1b4-d786-11ef-1a7e-43a2532b2fa8":[248.10388,476.86136,581.0,8.058239],"212ab528-d786-11ef-1a7e-43a2532b2fa8":[520.5097,950.4515,723.0,11.283792],"2159ba76-d786-11ef-1a7e-43a2532b2fa8":[594.4998,107.8137,640.0,12.815924],"20591ffe-d786-11ef-1a7e-43a2532b2fa8":[722.45355,380.10135,661.0,21.409489],"215a459a-d786-11ef-1a7e-43a2532b2fa8":[400.66888,9.118037,718.0,9.706685],"21703150-d786-11ef-1a59-6be8ccc438a2":[996.49115,39.95152,666.0,10.940042],"21810040-d786-11ef-1a7e-43a2532b2fa8":[547.54254,28.210073,647.0,9.166996],"211f7caa-d786-11ef-1a59-6be8ccc438a2":[740.34076,296.11142,514.0,18.81384],"215de7ea-d786-11ef-1a7e-43a2532b2fa8":[522.41046,753.36426,620.0,8.956232],"213d66f8-d786-11ef-1a7e-43a2532b2fa8":[493.0455,408.60907,504.0,19.380548],"213947e6-d786-11ef-1a7e-43a2532b2fa8":[904.5983,274.78732,482.0,16.390654],"214b4e26-d786-11ef-1a7e-43a2532b2fa8":[771.7069,911.8342,511.0,15.917747],"210549e6-d786-11ef-1a7e-43a2532b2fa8":[714.06396,479.4998,508.0,16.351768],"2138050c-d786-11ef-1a7e-43a2532b2fa8":[508.21704,381.46985,560.0,13.159049],"213062cc-d786-11ef-1a7e-43a2532b2fa8":[481.11514,127.598526,498.0,16.812471],"20fb29ca-d786-11ef-1a7e-43a2532b2fa8":[128.49893,447.58426,573.0,10.029253],"211a7d48-d786-11ef-1a7e-43a2532b2fa8":[806.6181,831.84344,472.0,18.124453],"213206b6-d786-11ef-1a7e-43a2532b2fa8":[127.82621,499.02914,619.0,9.027034],"2078dab0-d786-11ef-1a7e-43a2532b2fa8":[452.28244,671.6372,514.0,19.673964]}