{"c57df7fc-d786-11ef-1a7e-43a2532b2fa8":[51.967365,97.95105,40.0,1.9544101],"c69fe29e-d786-11ef-1a7e-43a2532b2fa8":[449.66574,850.5394,600.0,5.9708214],"c6a8ae4c-d786-11ef-1a7e-43a2532b2fa8":[29.566236,259.99036,604.0,6.3830767],"c6d7145a-d786-11ef-1a7e-43a2532b2fa8":[6.819693,318.3891,782.0,9.027034],"c6b05b38-d786-11ef-1a7e-43a2532b2fa8":[500.50635,999.1168,629.0,7.225152],"c688541c-d786-11ef-1a7e-43a2532b2fa8":[910.50476,1004.2101,701.0,8.667245],"c616009c-d786-11ef-1a7e-43a2532b2fa8":[1016.00507,447.22903,459.0,12.153015],"c6b100e2-d786-11ef-1a7e-43a2532b2fa8":[240.0982,964.98206,614.0,7.898654],"c6cea368-d786-11ef-1a7e-43a2532b2fa8":[611.45105,971.05023,664.0,8.519076],"c66679e8-d786-11ef-1a7e-43a2532b2fa8":[704.43884,14.32191,512.0,10.823032],"c6aa1208-d786-11ef-1a7e-43a2532b2fa8":[340.1007,620.94293,608.0,5.641896],"c5abfb70-d786-11ef-1a7e-43a2532b2fa8":[1018.802,528.9166,358.0,9.166996],"c6e1c044-d786-11ef-1a7e-43a2532b2fa8":[54.498768,546.9971,687.0,7.8176403],"c63c4f04-d786-11ef-1a7e-43a2532b2fa8":[9.810252,528.94324,689.0,14.0934515],"c62f2db0-d786-11ef-1a7e-43a2532b2fa8":[1017.1737,318.45578,529.0,9.166996],"c6c06668-d786-11ef-1a7e-43a2532b2fa8":[523.4046,959.7823,597.0,10.998079],"c66fa30e-d786-11ef-1a59-6be8ccc438a2":[354.16437,586.06915,478.0,17.112717],"c69c56ce-d786-11ef-1a7e-43a2532b2fa8":[577.3592,266.505,563.0,11.4517975],"c69e0e4c-d786-11ef-1a7e-43a2532b2fa8":[30.5631,710.53094,628.0,7.399277],"c5e73cc6-d786-11ef-1a7e-43a2532b2fa8":[38.70051,102.517136,601.0,17.14988],"c6552b50-d786-11ef-1a7e-43a2532b2fa8":[470.88834,362.0552,506.0,16.195288],"c6fad24e-d786-11ef-1a7e-43a2532b2fa8":[806.981,75.41424,673.0,5.046265],"c62e783e-d786-11ef-1a7e-43a2532b2fa8":[591.45135,382.36633,569.0,16.736568],"c66b2d38-d786-11ef-1a7e-43a2532b2fa8":[238.39888,692.06793,531.0,12.309163],"c5d64092-d786-11ef-1a7e-43a2532b2fa8":[566.99744,195.05678,509.0,20.86739],"c6bd3f1a-d786-11ef-1a7e-43a2532b2fa8":[8.035074,445.82935,817.0,11.507255],"c646e2c2-d786-11ef-1a7e-43a2532b2fa8":[739.1201,552.52606,521.0,18.159544],"c63ecaae-d786-11ef-1a7e-43a2532b2fa8":[871.1299,25.529768,514.0,17.000746],"c657b172-d786-11ef-1a7e-43a2532b2fa8":[899.58435,532.81085,763.0,16.037281],"c68d86ee-d786-11ef-1a7e-43a2532b2fa8":[375.04257,763.0959,615.0,8.136858],"c56aac76-d786-11ef-1a7e-43a2532b2fa8":[720.9355,891.3188,643.0,22.595776],"c5edfd90-d786-11ef-1a7e-43a2532b2fa8":[708.5556,778.44446,508.0,16.234549],"c6590144-d786-11ef-1a7e-43a2532b2fa8":[683.07544,488.50342,479.0,14.40618],"c69ecc42-d786-11ef-1a7e-43a2532b2fa8":[1006.93384,728.54785,595.0,7.3127327],"c5defc82-d786-11ef-1a7e-43a2532b2fa8":[817.9232,208.53069,433.0,26.462837],"c6564d96-d786-11ef-1a59-6be8ccc438a2":[897.8672,43.08338,572.0,13.634257],"c6d308b8-d786-11ef-1a7e-43a2532b2fa8":[12.503549,33.562057,674.0,7.484821],"c6f96300-d786-11ef-1a7e-43a2532b2fa8":[592.4927,1018.4846,771.0,6.2825494],"c654401e-d786-11ef-1a7e-43a2532b2fa8":[442.56818,1009.9026,510.0,19.899183],"c66ccb5c-d786-11ef-1a7e-43a2532b2fa8":[862.42694,670.96313,576.0,8.812923],"c6503168-d786-11ef-1a7e-43a2532b2fa8":[503.07733,613.9512,546.0,14.625465],"c59fae38-d786-11ef-1a7e-43a2532b2fa8":[120.5012,714.5535,578.0,13.727325],"c6624434-d786-11ef-1a7e-43a2532b2fa8":[488.46033,688.8578,504.0,19.31474]}