{"1d68e57a-d786-11ef-1a7e-43a2532b2fa8":[523.0219,748.9274,626.0,8.29186],"1c7ec0c6-d786-11ef-1a7e-43a2532b2fa8":[401.13684,1012.32184,511.0,15.222667],"1d53c23c-d786-11ef-1a7e-43a2532b2fa8":[904.542,268.8614,487.0,16.195288],"1d6c433e-d786-11ef-1a59-6be8ccc438a2":[865.86914,438.27747,480.0,14.798554],"1d1748a2-d786-11ef-1a7e-43a2532b2fa8":[492.9775,402.32617,692.0,12.047792],"1d6f97dc-d786-11ef-1a7e-43a2532b2fa8":[248.18286,472.448,536.0,12.463355],"1d4f3e74-d786-11ef-1a7e-43a2532b2fa8":[481.73593,120.77806,494.0,17.075476],"1d87eb7a-d786-11ef-1a7e-43a2532b2fa8":[107.14872,985.4561,570.0,8.740388],"1da9277c-d786-11ef-1a7e-43a2532b2fa8":[9.386756,117.20426,828.0,13.0619335],"1dbd2306-d786-11ef-1a7e-43a2532b2fa8":[32.9362,599.06915,644.0,5.86323],"1d73d830-d786-11ef-1a7e-43a2532b2fa8":[771.703,906.2933,512.0,15.512649],"1d423116-d786-11ef-1a7e-43a2532b2fa8":[577.7374,991.46326,516.0,13.957279],"1dbf1d20-d786-11ef-1a7e-43a2532b2fa8":[344.5128,508.0776,610.0,5.411516],"1d915caa-d786-11ef-1a7e-43a2532b2fa8":[379.67255,563.42737,621.0,8.136858],"1d2748b0-d786-11ef-1a59-6be8ccc438a2":[1018.73267,49.30328,474.0,8.956232],"1dd14022-d786-11ef-1a7e-43a2532b2fa8":[811.4758,959.3088,614.0,7.1364965],"1d447336-d786-11ef-1a7e-43a2532b2fa8":[129.66191,440.4442,576.0,9.965575],"1d5b732e-d786-11ef-1a7e-43a2532b2fa8":[511.13724,374.8454,541.0,12.257336],"1d62e68e-d786-11ef-1a7e-43a2532b2fa8":[193.53833,1008.452,555.0,8.214725],"1dc83746-d786-11ef-1a7e-43a2532b2fa8":[997.528,33.627567,674.0,10.155413],"1cd89bb6-d786-11ef-1a7e-43a2532b2fa8":[452.9052,664.169,657.0,13.207339],"1d74ad58-d786-11ef-1a7e-43a2532b2fa8":[219.51501,1014.0368,510.0,8.058239],"1df04580-d786-11ef-1a7e-43a2532b2fa8":[52.630013,345.52283,691.0,7.5693974],"1d8c2e26-d786-11ef-1a7e-43a2532b2fa8":[520.5599,943.8861,710.0,12.100518],"1c7e4382-d786-11ef-1a59-6be8ccc438a2":[836.47815,831.7484,511.0,22.652054],"1d9258f8-d786-11ef-1a7e-43a2532b2fa8":[594.43097,102.91364,637.0,13.351162],"1d1879ac-d786-11ef-1a59-6be8ccc438a2":[1017.516,118.51755,445.0,10.217908],"1d4d300c-d786-11ef-1a7e-43a2532b2fa8":[11.129031,212.51123,707.0,13.159049],"1da0d7b6-d786-11ef-1a7e-43a2532b2fa8":[548.57153,22.917631,631.0,8.59348],"1d9cbc6e-d786-11ef-1a7e-43a2532b2fa8":[451.5752,703.0355,603.0,5.9708214],"1d8b1296-d786-11ef-1a7e-43a2532b2fa8":[7.76396,46.078175,688.0,10.645108],"1d7cd78a-d786-11ef-1a7e-43a2532b2fa8":[129.65076,494.71512,614.0,9.574615],"1d42311e-d786-11ef-1a59-6be8ccc438a2":[689.4845,240.01067,537.0,12.615663],"1c8db57e-d786-11ef-1a7e-43a2532b2fa8":[722.5338,368.18442,580.0,26.939684],"1d6e8a22-d786-11ef-1a7e-43a2532b2fa8":[359.9662,368.41138,516.0,14.668929],"1db24bf4-d786-11ef-1a7e-43a2532b2fa8":[39.429672,138.9138,636.0,6.180387],"1d035ba6-d786-11ef-1a7e-43a2532b2fa8":[804.8857,824.014,447.0,20.216576],"1d1bdb12-d786-11ef-1a7e-43a2532b2fa8":[713.4768,473.0665,508.0,14.798554],"1e48adae-d786-11ef-1a7e-43a2532b2fa8":[554.01666,83.82529,751.0,2.5231326],"1dd1e572-d786-11ef-1a7e-43a2532b2fa8":[238.45993,858.9044,630.0,5.641896],"1d5eb7be-d786-11ef-1a7e-43a2532b2fa8":[740.26025,290.02255,513.0,18.779972],"1d84c648-d786-11ef-1a7e-43a2532b2fa8":[1015.55597,548.03735,551.0,7.898654]}