{"5d53b9be-d786-11ef-1a7e-43a2532b2fa8":[451.19452,759.8703,536.0,11.72646],"5cb31b24-d786-11ef-1a7e-43a2532b2fa8":[1016.3687,245.89308,435.0,11.617374],"5cf833c8-d786-11ef-1a7e-43a2532b2fa8":[1017.56067,153.47966,490.0,9.574615],"5d51c2da-d786-11ef-1a7e-43a2532b2fa8":[104.533066,30.708166,590.0,7.484821],"5d4b736c-d786-11ef-1a7e-43a2532b2fa8":[8.472512,247.26257,808.0,12.257336],"5d7091cc-d786-11ef-1a7e-43a2532b2fa8":[7.9240613,152.88841,724.0,8.884867],"5db50cc8-d786-11ef-1a7e-43a2532b2fa8":[17.996098,998.0341,666.0,3.7424104],"5d1b3652-d786-11ef-1a7e-43a2532b2fa8":[244.06038,556.8998,527.0,11.170383],"5d2e37ea-d786-11ef-1a7e-43a2532b2fa8":[772.5425,994.5368,575.0,10.09253],"5d724e2e-d786-11ef-1a7e-43a2532b2fa8":[32.002758,642.08215,644.0,6.0765076],"5dcdb480-d786-11ef-1a7e-43a2532b2fa8":[594.46313,952.71906,736.0,5.5279064],"5d00239e-d786-11ef-1a7e-43a2532b2fa8":[10.182324,335.0232,698.0,15.222667],"5d1aa7e6-d786-11ef-1a7e-43a2532b2fa8":[865.65027,528.15454,486.0,14.0934515],"5d4c9616-d786-11ef-1a7e-43a2532b2fa8":[582.0055,167.28914,547.0,13.110581],"5d8bdbf0-d786-11ef-1a7e-43a2532b2fa8":[53.0089,423.5308,687.0,7.8176403],"5cfa4834-d786-11ef-1a7e-43a2532b2fa8":[506.35535,469.0313,546.0,12.463355],"5d115b2a-d786-11ef-1a7e-43a2532b2fa8":[124.86364,577.8657,610.0,9.640876],"5d693c76-d786-11ef-1a7e-43a2532b2fa8":[192.00443,48.544422,603.0,6.9557962],"5dc8a6f2-d786-11ef-1a7e-43a2532b2fa8":[834.99414,45.542774,740.0,6.4820447],"5d198f3c-d786-11ef-1a7e-43a2532b2fa8":[477.21,215.04768,507.0,16.116478],"5d73748e-d786-11ef-1a7e-43a2532b2fa8":[342.52615,551.478,612.0,4.7873073],"5d291f06-d786-11ef-1a7e-43a2532b2fa8":[357.57672,452.35782,617.0,9.027034],"5d022b9e-d786-11ef-1a59-6be8ccc438a2":[686.9103,336.6862,476.0,15.012109],"5d0c4674-d786-11ef-1a7e-43a2532b2fa8":[806.07635,932.21564,488.0,17.22396],"5d13a9c8-d786-11ef-1a7e-43a2532b2fa8":[739.4712,392.0767,684.0,11.113246],"5d4b73c6-d786-11ef-1a59-6be8ccc438a2":[520.4929,22.958939,746.0,10.645108],"5cfb0008-d786-11ef-1a7e-43a2532b2fa8":[125.00815,547.5233,564.0,10.704744],"5d38596c-d786-11ef-1a7e-43a2532b2fa8":[522.48303,828.98846,622.0,8.519076],"5d65797e-d786-11ef-1a7e-43a2532b2fa8":[238.94165,900.02686,624.0,6.4820447],"5d682250-d786-11ef-1a7e-43a2532b2fa8":[217.9863,50.965755,588.0,6.0765076],"5c83a60c-d786-11ef-1a7e-43a2532b2fa8":[449.7385,796.5015,511.0,18.746042],"5d5bf3c4-d786-11ef-1a7e-43a2532b2fa8":[36.521797,186.59888,614.0,5.7536273],"5c4b2c28-d786-11ef-1a7e-43a2532b2fa8":[829.93427,1011.442,464.0,12.615663],"5d523fbe-d786-11ef-1a7e-43a2532b2fa8":[1011.41046,617.49615,597.0,7.225152],"5d82c330-d786-11ef-1a7e-43a2532b2fa8":[572.5209,970.4578,727.0,5.86323],"5cf03330-d786-11ef-1a7e-43a2532b2fa8":[811.776,41.5647,533.0,14.0934515],"5d15edfa-d786-11ef-1a7e-43a2532b2fa8":[595.8645,210.94463,650.0,10.155413],"5d3a7cce-d786-11ef-1a7e-43a2532b2fa8":[377.66742,640.9872,509.0,14.841511],"5d09467c-d786-11ef-1a59-6be8ccc438a2":[490.9869,515.06903,686.0,11.83454],"5d1e3728-d786-11ef-1a59-6be8ccc438a2":[902.49286,371.99756,617.0,9.166996],"5cd057ca-d786-11ef-1a7e-43a2532b2fa8":[720.10016,578.2041,511.0,26.821266]}