{"10e6af0a-d786-11ef-1a59-6be8ccc438a2":[837.0452,791.7244,515.0,22.340767],"11c17a18-d786-11ef-1a59-6be8ccc438a2":[772.4695,892.2841,504.0,16.351768],"1200da82-d786-11ef-1a7e-43a2532b2fa8":[451.4735,694.15875,607.0,5.86323],"11224e8e-d786-11ef-1a7e-43a2532b2fa8":[479.86148,382.0401,117.0,4.513517],"11edb09c-d786-11ef-1a7e-43a2532b2fa8":[9.147997,95.33714,737.0,10.155413],"11d2aa36-d786-11ef-1a7e-43a2532b2fa8":[378.90735,549.75946,514.0,14.969642],"11b07952-d786-11ef-1a7e-43a2532b2fa8":[576.3254,974.02264,526.0,12.205287],"1192cc84-d786-11ef-1a7e-43a2532b2fa8":[548.00446,9.536659,702.0,13.303394],"12b8a8a6-d786-11ef-1a7e-43a2532b2fa8":[552.0015,56.714287,801.0,5.2925673],"11d871f0-d786-11ef-1a7e-43a2532b2fa8":[219.44699,1004.5142,512.0,9.166996],"11e2f184-d786-11ef-1a7e-43a2532b2fa8":[129.4935,479.59146,614.0,9.236181],"121e0d50-d786-11ef-1a7e-43a2532b2fa8":[343.86188,499.97943,612.0,5.2925673],"11934ac4-d786-11ef-1a59-6be8ccc438a2":[996.4569,13.158917,600.0,14.538149],"1227e546-d786-11ef-1a7e-43a2532b2fa8":[238.4425,852.5485,633.0,5.170883],"11a398e0-d786-11ef-1a59-6be8ccc438a2":[481.46558,105.72751,506.0,16.545286],"11c9e4b4-d786-11ef-1a7e-43a2532b2fa8":[194.19023,998.0276,511.0,11.780624],"121bf984-d786-11ef-1a7e-43a2532b2fa8":[32.97786,591.54315,643.0,6.4820447],"11a398cc-d786-11ef-1a7e-43a2532b2fa8":[10.603493,190.51399,680.0,12.565099],"1187f46e-d786-11ef-1a7e-43a2532b2fa8":[130.10582,421.46997,567.0,10.52482],"110456d6-d786-11ef-1a7e-43a2532b2fa8":[402.99283,990.54083,476.0,18.089294],"12453ea2-d786-11ef-1a7e-43a2532b2fa8":[276.46918,56.691868,673.0,5.641896],"113c05d6-d786-11ef-1a7e-43a2532b2fa8":[1017.5991,95.85505,445.0,9.901487],"1173a55e-d786-11ef-1a7e-43a2532b2fa8":[804.9106,804.28253,462.0,19.215605],"11d774e6-d786-11ef-1a59-6be8ccc438a2":[867.0521,421.04904,589.0,7.898654],"12028632-d786-11ef-1a7e-43a2532b2fa8":[41.604366,131.04335,607.0,6.770275],"118644de-d786-11ef-1a7e-43a2532b2fa8":[714.54034,450.92377,510.0,16.963259],"118e7fc8-d786-11ef-1a59-6be8ccc438a2":[521.20966,926.46045,710.0,11.617374],"11aa5ab8-d786-11ef-1a7e-43a2532b2fa8":[1020.0505,30.743725,498.0,7.9788456],"11e072b0-d786-11ef-1a7e-43a2532b2fa8":[1015.33203,535.47327,600.0,7.3127327],"11c179fa-d786-11ef-1a7e-43a2532b2fa8":[511.01147,359.9976,544.0,12.766153],"10ee4e2c-d786-11ef-1a7e-43a2532b2fa8":[722.9963,331.91302,592.0,25.879026],"11ccc4e0-d786-11ef-1a7e-43a2532b2fa8":[107.04831,973.4837,564.0,9.965575],"11d6f654-d786-11ef-1a7e-43a2532b2fa8":[248.52092,457.4317,538.0,12.100518],"119a4d38-d786-11ef-1a7e-43a2532b2fa8":[903.7319,250.9763,470.0,17.553461],"119edcd8-d786-11ef-1a7e-43a2532b2fa8":[595.1802,86.440605,513.0,22.986832],"11ba03b4-d786-11ef-1a7e-43a2532b2fa8":[690.6196,222.99039,476.0,15.054456],"117a2d34-d786-11ef-1a59-6be8ccc438a2":[740.7907,271.41766,502.0,19.706295],"11d41940-d786-11ef-1a7e-43a2532b2fa8":[8.188141,28.132137,722.0,9.836982],"123989a4-d786-11ef-1a7e-43a2532b2fa8":[51.29239,331.4417,688.0,7.735778],"1177b70c-d786-11ef-1a7e-43a2532b2fa8":[453.37836,637.81964,661.0,13.110581],"11d4195c-d786-11ef-1a59-6be8ccc438a2":[361.65375,353.41937,624.0,8.667245],"11ba7efa-d786-11ef-1a7e-43a2532b2fa8":[494.35617,384.0075,499.0,19.5441],"11c5aff2-d786-11ef-1a59-6be8ccc438a2":[521.07947,735.005,509.0,15.138795]}