{"ded62234-d785-11ef-1a59-6be8ccc438a2":[769.9818,824.6331,504.0,16.545286],"deedc5d8-d785-11ef-1a7e-43a2532b2fa8":[109.038055,919.41736,583.0,8.214725],"de9a162c-d785-11ef-1a7e-43a2532b2fa8":[1021.23236,96.508194,401.0,4.6524267],"dea70ce4-d785-11ef-1a7e-43a2532b2fa8":[277.03552,1010.961,511.0,12.463355],"de25aef4-d785-11ef-1a7e-43a2532b2fa8":[989.90625,941.92346,112.0,2.7639532],"df25f8a2-d785-11ef-1a7e-43a2532b2fa8":[346.03873,466.50424,662.0,7.9788456],"dea9f72c-d785-11ef-1a7e-43a2532b2fa8":[484.31705,31.360308,513.0,15.756958],"df45d282-d785-11ef-1a7e-43a2532b2fa8":[799.974,69.84908,677.0,6.770275],"def53386-d785-11ef-1a59-6be8ccc438a2":[1016.71375,481.99078,618.0,6.9557962],"df2de10e-d785-11ef-1a7e-43a2532b2fa8":[239.56903,820.907,634.0,5.2925673],"def9ceb4-d785-11ef-1a59-6be8ccc438a2":[1021.32416,1019.748,632.0,4.6524267],"defaef74-d785-11ef-1a7e-43a2532b2fa8":[588.0513,47.62633,603.0,9.706685],"df3896b2-d785-11ef-1a7e-43a2532b2fa8":[341.89478,90.63135,603.0,5.5279064],"dde2161a-d785-11ef-1121-29b685de3439":[837.4905,605.6785,618.0,18.847649],"df17b0ca-d785-11ef-1a59-6be8ccc438a2":[604.64557,1016.00146,750.0,9.373021],"de9cc2f0-d785-11ef-1a7e-43a2532b2fa8":[132.98685,339.58286,570.0,10.155413],"decdea88-d785-11ef-1a7e-43a2532b2fa8":[251.56503,391.33844,530.0,10.645108],"deddb488-d785-11ef-1a7e-43a2532b2fa8":[363.04297,289.58545,622.0,8.519076],"deb5651c-d785-11ef-1a7e-43a2532b2fa8":[604.0198,6.8795185,485.0,9.236181],"decce520-d785-11ef-1a59-6be8ccc438a2":[522.9879,673.5196,506.0,14.884343],"deb1a634-d785-11ef-1a7e-43a2532b2fa8":[692.5968,149.60062,465.0,15.997536],"def6b326-d785-11ef-1a7e-43a2532b2fa8":[360.0597,16.07522,629.0,8.667245],"df13f8ca-d785-11ef-1a7e-43a2532b2fa8":[5.836564,1019.1942,731.0,6.9557962],"deaaefc4-d785-11ef-1a7e-43a2532b2fa8":[995.90405,954.2957,584.0,15.635281],"df14a50e-d785-11ef-1a7e-43a2532b2fa8":[453.00943,650.0105,605.0,5.7536273],"df172fec-d785-11ef-1a7e-43a2532b2fa8":[44.63109,94.89544,643.0,7.735778],"de7e43e8-d785-11ef-1a7e-43a2532b2fa8":[578.63055,895.89856,439.0,16.963259],"def9ce28-d785-11ef-1a7e-43a2532b2fa8":[220.38382,958.1233,514.0,12.7161875],"de56b38c-d785-11ef-1a7e-43a2532b2fa8":[403.19153,881.0659,589.0,12.205287],"debd4f52-d785-11ef-1a7e-43a2532b2fa8":[867.37494,351.44992,488.0,14.494293],"debff29a-d785-11ef-1a59-6be8ccc438a2":[905.75885,172.71384,495.0,15.756958],"deeb59ce-d785-11ef-1a7e-43a2532b2fa8":[379.8058,490.7968,506.0,15.054456],"df1c7b8a-d785-11ef-1a7e-43a2532b2fa8":[33.99874,558.58466,650.0,5.5279064],"df4324b0-d785-11ef-1a7e-43a2532b2fa8":[50.88201,270.9789,684.0,7.898654],"de01626a-d785-11ef-1a7e-43a2532b2fa8":[455.05167,539.4309,513.0,20.373417],"def53304-d785-11ef-1a7e-43a2532b2fa8":[195.12344,948.99115,591.0,8.740388],"dedfa1d8-d785-11ef-1a7e-43a2532b2fa8":[131.97704,415.09897,620.0,8.956232],"de864fde-d785-11ef-1a7e-43a2532b2fa8":[716.02875,362.10474,508.0,14.272993],"de9e0f36-d785-11ef-1a7e-43a2532b2fa8":[503.10355,296.01083,509.0,24.06915],"debc78c8-d785-11ef-1a59-6be8ccc438a2":[519.3821,849.11597,725.0,10.881695],"de981a7a-d785-11ef-1a7e-43a2532b2fa8":[806.1904,723.5517,480.0,17.589691],"dde2161a-d785-11ef-1a7e-43a2532b2fa8":[551.9341,952.14575,686.0,22.680141],"dde2161a-d785-11ef-2539-0599d90a4ae6":[729.925,182.51295,529.0,28.523676],"deaf2472-d785-11ef-1a7e-43a2532b2fa8":[11.241178,95.94725,510.0,10.341766]}