{"2f55408c-d786-11ef-2539-0599d90a4ae6":[836.09656,901.7495,513.0,22.820057],"305b8ba8-d786-11ef-1a7e-43a2532b2fa8":[218.9124,8.6948395,518.0,7.5693974],"30199810-d786-11ef-1a7e-43a2532b2fa8":[1018.1374,78.95716,469.0,8.812923],"3062cef4-d786-11ef-1a7e-43a2532b2fa8":[522.45984,772.50146,625.0,8.29186],"304695ea-d786-11ef-1a7e-43a2532b2fa8":[246.48515,496.91394,574.0,8.956232],"30622fe4-d786-11ef-1a7e-43a2532b2fa8":[810.4666,990.4245,596.0,8.812923],"305104d8-d786-11ef-1a7e-43a2532b2fa8":[401.96606,36.13816,601.0,10.217908],"30409b5c-d786-11ef-1a59-6be8ccc438a2":[689.0157,268.64975,479.0,14.798554],"3080de76-d786-11ef-1a7e-43a2532b2fa8":[8.389726,78.38658,692.0,9.574615],"30947a30-d786-11ef-1a7e-43a2532b2fa8":[239.5886,871.47705,629.0,5.5279064],"30685658-d786-11ef-1a7e-43a2532b2fa8":[39.140137,152.92763,583.0,7.1364965],"2facb1d2-d786-11ef-1a7e-43a2532b2fa8":[711.9292,507.41428,505.0,15.054456],"2fe87b72-d786-11ef-1a7e-43a2532b2fa8":[1018.1737,157.84274,475.0,9.440698],"3086be04-d786-11ef-1a7e-43a2532b2fa8":[343.45914,521.00775,613.0,5.2925673],"30b4d000-d786-11ef-1a7e-43a2532b2fa8":[575.8496,4.9949784,753.0,7.8176403],"3039520e-d786-11ef-1a7e-43a2532b2fa8":[479.47308,148.9358,517.0,15.675944],"2ff4055a-d786-11ef-1a7e-43a2532b2fa8":[593.46027,132.1912,512.0,21.938198],"3034caf6-d786-11ef-1a7e-43a2532b2fa8":[904.01904,299.40637,486.0,16.312788],"30481b7e-d786-11ef-1a7e-43a2532b2fa8":[358.5022,393.48755,621.0,8.812923],"301fa3c2-d786-11ef-1a7e-43a2532b2fa8":[11.19023,248.5628,714.0,14.048207],"3032db22-d786-11ef-1a7e-43a2532b2fa8":[491.94473,436.02432,687.0,12.205287],"3021da86-d786-11ef-1a7e-43a2532b2fa8":[519.93134,974.9684,719.0,11.227231],"3079ed5c-d786-11ef-1a7e-43a2532b2fa8":[32.918816,611.54724,685.0,7.0467257],"303004da-d786-11ef-1a7e-43a2532b2fa8":[126.88282,519.0068,614.0,9.373021],"30421998-d786-11ef-1a59-6be8ccc438a2":[770.79596,932.40173,517.0,15.635281],"2f80ac86-d786-11ef-1a7e-43a2532b2fa8":[723.67993,428.1476,584.0,26.148224],"30a81f6a-d786-11ef-1a7e-43a2532b2fa8":[548.4692,50.040966,700.0,5.86323],"305f72ae-d786-11ef-1a7e-43a2532b2fa8":[8.523218,156.46252,723.0,10.403142],"303d43aa-d786-11ef-1a7e-43a2532b2fa8":[105.91333,1005.50684,513.0,9.027034],"302d2008-d786-11ef-1a7e-43a2532b2fa8":[508.89624,402.95218,546.0,14.138551],"304319ba-d786-11ef-1a7e-43a2532b2fa8":[376.54248,586.37964,510.0,14.798554],"30272ee4-d786-11ef-1a7e-43a2532b2fa8":[740.35443,318.62726,511.0,18.746042],"30b11226-d786-11ef-1a7e-43a2532b2fa8":[52.48526,368.4482,686.0,7.65304],"3056ec4c-d786-11ef-1a7e-43a2532b2fa8":[452.70193,709.03033,538.0,23.507147],"301fa3e0-d786-11ef-1a59-6be8ccc438a2":[805.38544,855.2783,505.0,15.997536],"300888f4-d786-11ef-1a7e-43a2532b2fa8":[127.40826,472.68774,569.0,10.5851345],"2fead048-d786-11ef-1a7e-43a2532b2fa8":[576.5982,1016.4163,468.0,11.83454],"3060175e-d786-11ef-1a7e-43a2532b2fa8":[1014.0232,568.50714,609.0,6.9557962],"305f72e0-d786-11ef-1a59-6be8ccc438a2":[193.5954,7.067585,609.0,6.3830767],"303c43b0-d786-11ef-1a7e-43a2532b2fa8":[866.712,464.08887,491.0,13.865755]}