{"1f1444f6-d787-11ef-1a7e-43a2532b2fa8":[31.92201,312.42697,584.0,17.769733],"2002179e-d787-11ef-1a7e-43a2532b2fa8":[447.94293,927.49817,594.0,6.675581],"1ffd7874-d787-11ef-2539-0599d90a4ae6":[1018.43463,35.496655,620.0,8.214725],"203307a0-d787-11ef-1a7e-43a2532b2fa8":[591.5939,57.612972,705.0,8.519076],"1f16bcc0-d787-11ef-1a7e-43a2532b2fa8":[1014.89594,614.5053,464.0,11.780624],"2005d6ae-d787-11ef-1a7e-43a2532b2fa8":[525.01904,39.40217,623.0,7.399277],"1fc179d2-d787-11ef-1a7e-43a2532b2fa8":[9.965459,693.5907,619.0,8.59348],"1f3526e4-d787-11ef-1a7e-43a2532b2fa8":[1018.75586,693.4955,378.0,8.956232],"203191f4-d787-11ef-1a7e-43a2532b2fa8":[56.563976,650.5491,682.0,7.65304],"203d3f5e-d787-11ef-1a7e-43a2532b2fa8":[4.998263,458.8043,772.0,7.399277],"1f914abe-d787-11ef-1a59-6be8ccc438a2":[1016.1319,458.11502,537.0,9.77205],"202d8938-d787-11ef-1a7e-43a2532b2fa8":[8.010856,615.21234,834.0,11.396071],"1ffd77de-d787-11ef-1a59-6be8ccc438a2":[495.079,67.06175,626.0,7.1364965],"2012eaf6-d787-11ef-1a7e-43a2532b2fa8":[28.926083,768.5278,591.0,8.214725],"201a5750-d787-11ef-1a7e-43a2532b2fa8":[239.94212,1018.3006,608.0,5.170883],"1f91e096-d787-11ef-1a7e-43a2532b2fa8":[488.08237,833.85315,691.0,11.283792],"1f299ff6-d787-11ef-1a7e-43a2532b2fa8":[563.05536,405.0173,509.0,19.99493],"1fa9bbda-d787-11ef-1a7e-43a2532b2fa8":[738.58746,688.3879,507.0,18.948708],"1ff3b26c-d787-11ef-1a59-6be8ccc438a2":[1003.44617,822.01904,521.0,8.058239],"2030993e-d787-11ef-1a7e-43a2532b2fa8":[7.3552446,83.54104,681.0,5.5279064],"203d4080-d787-11ef-1a59-6be8ccc438a2":[987.8814,973.3156,666.0,5.046265],"1fcc45c4-d787-11ef-1a59-6be8ccc438a2":[867.4794,148.61601,513.0,17.000746],"1fcf0496-d787-11ef-1a7e-43a2532b2fa8":[498.78476,736.8388,549.0,14.048207],"1f8820b0-d787-11ef-1a7e-43a2532b2fa8":[114.399,861.5543,566.0,10.341766],"1f9c1e6c-d787-11ef-1a7e-43a2532b2fa8":[606.4337,106.47501,661.0,10.52482],"1fe48c88-d787-11ef-1a7e-43a2532b2fa8":[21.973154,9.191604,573.0,11.396071],"1fadeb56-d787-11ef-1a7e-43a2532b2fa8":[679.5553,617.3549,479.0,14.138551],"1fd56fde-d787-11ef-1a7e-43a2532b2fa8":[700.3654,131.46814,512.0,13.39876],"1fba45b8-d787-11ef-1a7e-43a2532b2fa8":[466.85614,485.1881,495.0,16.622063],"1f508dee-d787-11ef-1a7e-43a2532b2fa8":[525.17395,113.930504,598.0,11.617374],"1fc340f0-d787-11ef-1a59-6be8ccc438a2":[896.00977,178.22577,501.0,15.512649],"2016681e-d787-11ef-1a7e-43a2532b2fa8":[338.41724,681.541,607.0,4.918491],"2000fe90-d787-11ef-1a59-6be8ccc438a2":[574.8778,349.90295,552.0,12.41217],"1f578a86-d787-11ef-1a7e-43a2532b2fa8":[706.56866,938.6132,513.0,14.841511],"1fb0da84-d787-11ef-1a59-6be8ccc438a2":[897.93164,669.5816,484.0,15.756958],"1fc933ca-d787-11ef-1a7e-43a2532b2fa8":[119.53493,824.4019,609.0,9.097283],"1fac12f4-d787-11ef-2eac-81ac2e6b05df":[588.95764,527.4676,566.0,16.963259],"1fb9c8fe-d787-11ef-1a7e-43a2532b2fa8":[234.56982,806.0094,544.0,10.704744],"1fc3406e-d787-11ef-1a7e-43a2532b2fa8":[421.95178,129.5467,623.0,9.373021],"1fd979e2-d787-11ef-1a7e-43a2532b2fa8":[374.48505,866.08276,502.0,14.798554],"1fd97a5a-d787-11ef-1a59-6be8ccc438a2":[908.5501,89.64405,676.0,10.5851345],"1fd97a5a-d787-11ef-2eac-81ac2e6b05df":[961.4556,994.74,721.0,11.888212],"1fc9d0d2-d787-11ef-1a7e-43a2532b2fa8":[859.87604,792.5243,490.0,13.110581],"1f6d2bfc-d787-11ef-1a7e-43a2532b2fa8":[815.40375,374.3252,319.0,35.269745],"1fd4ebb6-d787-11ef-1a7e-43a2532b2fa8":[349.1478,698.55835,480.0,17.14988]}