{"da4d58a8-d786-11ef-1a7e-43a2532b2fa8":[8.000676,482.29227,827.0,11.72646],"da67038e-d786-11ef-1a7e-43a2532b2fa8":[6.2155204,348.28406,765.0,8.058239],"da6a8770-d786-11ef-1a7e-43a2532b2fa8":[54.9595,569.506,687.0,8.667245],"da2c9d34-d786-11ef-1a7e-43a2532b2fa8":[30.624,722.4482,648.0,5.641896],"d9fa5b44-d786-11ef-1a59-6be8ccc438a2":[611.0102,1006.8522,624.0,11.507255],"da7e54da-d786-11ef-1a7e-43a2532b2fa8":[775.9831,132.9723,658.0,3.1915383],"da1b3daa-d786-11ef-1a7e-43a2532b2fa8":[1006.45,749.0579,618.0,7.5693974],"da47a39a-d786-11ef-1a7e-43a2532b2fa8":[338.8903,634.512,609.0,5.2925673],"d9dd04cc-d786-11ef-1a7e-43a2532b2fa8":[10.501525,564.9857,620.0,8.740388],"d9df0bb4-d786-11ef-1a7e-43a2532b2fa8":[446.9491,27.166237,659.0,12.463355],"d9e3c424-d786-11ef-1a7e-43a2532b2fa8":[1017.2014,349.66666,501.0,10.881695],"d9fcff5c-d786-11ef-1a7e-43a2532b2fa8":[522.8284,979.91455,573.0,13.255454],"da04739a-d786-11ef-1a7e-43a2532b2fa8":[238.01132,717.0903,577.0,8.368284],"da0d95f6-d786-11ef-1a7e-43a2532b2fa8":[374.45438,785.7386,513.0,14.538149],"d99048da-d786-11ef-1a7e-43a2532b2fa8":[35.92414,147.60445,600.0,16.736568],"d9f5f748-d786-11ef-1a59-6be8ccc438a2":[526.34845,1004.3229,601.0,11.227231],"da3c96aa-d786-11ef-1a7e-43a2532b2fa8":[27.902967,274.05432,624.0,5.2925673],"d9a7a8f4-d786-11ef-1a7e-43a2532b2fa8":[1019.39496,564.99316,401.0,8.214725],"d9eb97e4-d786-11ef-1a7e-43a2532b2fa8":[909.2991,8.657463,555.0,12.153015],"d9f57214-d786-11ef-2539-0599d90a4ae6":[898.554,72.65763,588.0,12.815924],"da047412-d786-11ef-2539-0599d90a4ae6":[738.4703,581.3728,678.0,11.72646],"d9f2d176-d786-11ef-1a7e-43a2532b2fa8":[501.91678,640.3243,537.0,12.565099],"d98bd05c-d786-11ef-1a7e-43a2532b2fa8":[1016.55115,482.92932,473.0,11.170383],"d9f9c6de-d786-11ef-1a7e-43a2532b2fa8":[682.0757,516.5142,537.0,13.255454],"d9890156-d786-11ef-1a7e-43a2532b2fa8":[817.4406,244.41505,512.0,20.09022],"da9a09b4-d786-11ef-1a7e-43a2532b2fa8":[910.0109,1018.7835,867.0,9.097283],"d9f80858-d786-11ef-1a59-6be8ccc438a2":[862.66046,697.47327,488.0,13.587484],"da00c646-d786-11ef-1a7e-43a2532b2fa8":[704.0098,40.23132,576.0,11.72646],"d9f166e2-d786-11ef-1a7e-43a2532b2fa8":[488.49023,719.4769,608.0,17.661928],"da5a9df8-d786-11ef-1a7e-43a2532b2fa8":[592.4312,11.20048,697.0,8.214725],"da15dd2e-d786-11ef-1a7e-43a2532b2fa8":[499.6425,1017.0665,607.0,8.214725],"da2afc22-d786-11ef-1a7e-43a2532b2fa8":[577.6229,283.26562,559.0,12.153015],"da7942b0-d786-11ef-1a7e-43a2532b2fa8":[10.430796,43.50865,690.0,5.641896],"d95d46f6-d786-11ef-1a7e-43a2532b2fa8":[119.48162,743.5496,576.0,14.625465],"da4d58d2-d786-11ef-1a59-6be8ccc438a2":[239.48451,976.5258,628.0,5.046265],"d9fe09ba-d786-11ef-1a7e-43a2532b2fa8":[470.60376,389.0477,639.0,9.373021],"d968eefc-d786-11ef-1a7e-43a2532b2fa8":[566.0007,240.97841,512.0,20.058506],"d9128990-d786-11ef-1a7e-43a2532b2fa8":[721.6309,951.304,595.0,25.054083],"d9dc0f36-d786-11ef-1a7e-43a2532b2fa8":[869.9304,53.09524,539.0,16.622063],"da38099e-d786-11ef-1a7e-43a2532b2fa8":[448.96265,867.0007,604.0,5.86323],"d9fc797c-d786-11ef-1a7e-43a2532b2fa8":[353.6356,610.57513,554.0,12.047792],"d9b09680-d786-11ef-1a7e-43a2532b2fa8":[707.56213,813.54285,509.0,16.390654],"d9e2bf14-d786-11ef-1a59-6be8ccc438a2":[898.84674,563.49304,541.0,12.615663],"d9f02110-d786-11ef-1a59-6be8ccc438a2":[590.4294,413.8713,570.0,17.000746],"d9ba2a24-d786-11ef-1a7e-43a2532b2fa8":[430.68134,14.368039,482.0,14.625465]}