{"9a7f8dca-d786-11ef-1a7e-43a2532b2fa8":[13.92312,8.547013,691.0,5.86323],"99ce5b24-d786-11ef-1a7e-43a2532b2fa8":[1017.6908,251.51178,486.0,11.170383],"9a8ab80a-d786-11ef-1a7e-43a2532b2fa8":[615.03674,897.4823,687.0,3.3851376],"99c4b038-d786-11ef-1a7e-43a2532b2fa8":[683.88605,426.54807,540.0,13.9115925],"999dd2a6-d786-11ef-1a7e-43a2532b2fa8":[1017.04156,364.8595,473.0,11.562446],"9a42ac68-d786-11ef-1a7e-43a2532b2fa8":[240.12965,937.9526,628.0,5.641896],"99ef37a4-d786-11ef-1a7e-43a2532b2fa8":[522.97815,905.003,511.0,14.625465],"9a11d296-d786-11ef-1a7e-43a2532b2fa8":[1009.5246,683.54517,597.0,7.5693974],"99d407cc-d786-11ef-1a7e-43a2532b2fa8":[488.98166,616.5627,704.0,10.403142],"9a825e76-d786-11ef-1a7e-43a2532b2fa8":[593.47784,993.54126,749.0,6.8636627],"99d1ed20-d786-11ef-1a7e-43a2532b2fa8":[10.570531,449.89993,791.0,14.538149],"9a3676dc-d786-11ef-1a7e-43a2532b2fa8":[341.03177,593.4779,609.0,5.2925673],"9a1b5f82-d786-11ef-1a7e-43a2532b2fa8":[774.5579,51.88733,641.0,7.484821],"9a785c00-d786-11ef-1a7e-43a2532b2fa8":[432.97946,938.02466,658.0,4.6524267],"9a1ef87c-d786-11ef-1a7e-43a2532b2fa8":[578.84076,226.6118,722.0,11.672045],"9a3d2a18-d786-11ef-1a7e-43a2532b2fa8":[8.0171795,364.9347,803.0,10.998079],"9975a830-d786-11ef-1a7e-43a2532b2fa8":[42.543644,11.65316,515.0,13.0619335],"9a79eb22-d786-11ef-1a7e-43a2532b2fa8":[40.502846,1019.485,912.0,8.444016],"9a2c3154-d786-11ef-1a59-6be8ccc438a2":[706.47485,981.4877,606.0,7.65304],"9a4ab836-d786-11ef-1a7e-43a2532b2fa8":[7.3491645,252.90007,798.0,10.940042],"9a2c30c8-d786-11ef-1a7e-43a2532b2fa8":[31.015537,681.9358,635.0,5.86323],"9a229414-d786-11ef-1a7e-43a2532b2fa8":[872.5167,991.0185,694.0,8.812923],"99e46ca2-d786-11ef-1a7e-43a2532b2fa8":[593.52344,314.11066,636.0,11.227231],"9917d412-d786-11ef-1a7e-43a2532b2fa8":[709.9875,701.9222,511.0,16.116478],"99bc8702-d786-11ef-1a59-6be8ccc438a2":[805.4885,10.038167,649.0,9.027034],"99b97490-d786-11ef-1a7e-43a2532b2fa8":[355.00775,531.316,621.0,8.59348],"99cb2936-d786-11ef-1a7e-43a2532b2fa8":[900.36597,467.2857,484.0,16.07693],"9a539cbc-d786-11ef-1a7e-43a2532b2fa8":[504.46063,955.4088,642.0,6.180387],"99901d00-d786-11ef-1a7e-43a2532b2fa8":[1019.9675,450.64578,405.0,7.399277],"9a246aaa-d786-11ef-1a7e-43a2532b2fa8":[448.51288,812.84436,600.0,6.0765076],"99ea1b84-d786-11ef-1a7e-43a2532b2fa8":[864.2156,612.48206,491.0,13.587484],"99de74a0-d786-11ef-1a7e-43a2532b2fa8":[505.1677,554.3076,541.0,10.881695],"9a267ba4-d786-11ef-1a7e-43a2532b2fa8":[32.039623,229.9963,610.0,5.86323],"99378bcc-d786-11ef-1a7e-43a2532b2fa8":[449.32306,924.9567,650.0,13.587484],"99dc751a-d786-11ef-1a7e-43a2532b2fa8":[241.69037,637.6244,514.0,11.283792],"9a05d130-d786-11ef-1a7e-43a2532b2fa8":[374.6313,713.5101,513.0,14.884343],"9a5620a6-d786-11ef-1a7e-43a2532b2fa8":[52.856255,496.9938,680.0,8.59348],"99dc7542-d786-11ef-1a59-6be8ccc438a2":[739.6086,486.84375,509.0,19.082623],"996b2e32-d786-11ef-1a7e-43a2532b2fa8":[568.40436,94.00496,607.0,13.727325],"98fdb3b6-d786-11ef-1a59-6be8ccc438a2":[721.5352,759.6502,574.0,26.868696],"99ee5802-d786-11ef-1a7e-43a2532b2fa8":[473.5542,303.14197,512.0,15.877703],"9921cf3a-d786-11ef-1a7e-43a2532b2fa8":[825.8046,117.38398,976.0,25.50736],"99b2beda-d786-11ef-1a7e-43a2532b2fa8":[809.1425,142.5618,427.0,18.506794],"994336e8-d786-11ef-1a7e-43a2532b2fa8":[122.58877,651.6346,459.0,19.738573],"9a02380e-d786-11ef-1a7e-43a2532b2fa8":[900.52576,1003.05804,526.0,9.77205]}