{"252ed0dc-d786-11ef-1a7e-43a2532b2fa8":[9.622049,134.09406,751.0,10.341766],"252607d6-d786-11ef-1a7e-43a2532b2fa8":[8.966027,59.76903,681.0,9.574615],"248e4fd6-d786-11ef-1a7e-43a2532b2fa8":[594.5535,114.617966,470.0,24.095585],"24f73f3a-d786-11ef-1a7e-43a2532b2fa8":[866.54083,446.9866,539.0,10.940042],"2573a676-d786-11ef-1a7e-43a2532b2fa8":[997.50354,46.658623,678.0,9.304853],"2514032e-d786-11ef-1a59-6be8ccc438a2":[378.52844,573.53796,514.0,14.22832],"25186b58-d786-11ef-1a7e-43a2532b2fa8":[218.94266,1018.4865,575.0,5.7536273],"24c9063a-d786-11ef-1a59-6be8ccc438a2":[712.9856,486.47247,511.0,16.58372],"251f6732-d786-11ef-1a7e-43a2532b2fa8":[1014.4747,555.98126,583.0,9.097283],"24c90628-d786-11ef-1a7e-43a2532b2fa8":[577.0947,1002.9665,563.0,10.704744],"25392c6c-d786-11ef-1a7e-43a2532b2fa8":[342.38864,513.5841,610.0,5.2925673],"24d8cb4c-d786-11ef-1a7e-43a2532b2fa8":[1018.6708,60.59653,476.0,8.740388],"2541bb20-d786-11ef-1a7e-43a2532b2fa8":[548.54364,35.038677,646.0,8.956232],"24f1af1a-d786-11ef-1a7e-43a2532b2fa8":[905.3257,280.7516,490.0,16.07693],"24c21cb2-d786-11ef-1a7e-43a2532b2fa8":[494.33624,415.79715,510.0,19.281752],"24f9e37c-d786-11ef-1a7e-43a2532b2fa8":[479.8786,133.78441,486.0,16.925688],"253fae8e-d786-11ef-1a7e-43a2532b2fa8":[811.5078,971.0027,609.0,8.136858],"2477f452-d786-11ef-1a7e-43a2532b2fa8":[402.46024,11.966295,587.0,11.507255],"24839014-d786-11ef-1a7e-43a2532b2fa8":[451.80667,677.288,513.0,17.444319],"24f32a64-d786-11ef-1a59-6be8ccc438a2":[689.5409,250.3452,475.0,15.096684],"2591ef6e-d786-11ef-1a7e-43a2532b2fa8":[277.03842,82.897514,668.0,3.5682483],"2413db7a-d786-11ef-1a59-6be8ccc438a2":[723.1341,393.3096,578.0,25.432375],"24bfd9f2-d786-11ef-1a7e-43a2532b2fa8":[10.650172,226.50244,618.0,9.236181],"2557b4c2-d786-11ef-1a7e-43a2532b2fa8":[238.98143,864.5301,629.0,5.641896],"2542be44-d786-11ef-1a7e-43a2532b2fa8":[32.432682,603.4332,649.0,5.9708214],"252fed64-d786-11ef-1a7e-43a2532b2fa8":[39.49145,145.12816,601.0,7.225152],"25047ea4-d786-11ef-1a7e-43a2532b2fa8":[127.97925,503.9886,614.0,9.507892],"24f32a78-d786-11ef-2eac-81ac2e6b05df":[741.1341,302.02286,514.0,18.643883],"24e6dc1e-d786-11ef-1a7e-43a2532b2fa8":[358.33167,379.09177,568.0,12.766153],"249d736c-d786-11ef-1a7e-43a2532b2fa8":[1017.51984,134.108,457.0,9.304853],"24e28786-d786-11ef-1a7e-43a2532b2fa8":[806.6341,837.67596,477.0,17.805523],"24b632aa-d786-11ef-1a7e-43a2532b2fa8":[129.1103,453.62128,557.0,11.227231],"24f3aa14-d786-11ef-1a7e-43a2532b2fa8":[193.555,1014.9261,520.0,9.640876],"24fbde3e-d786-11ef-1a59-6be8ccc438a2":[771.71466,918.209,504.0,16.468151],"24124b68-d786-11ef-1a7e-43a2532b2fa8":[836.38696,860.22754,454.0,26.390568],"2565bb42-d786-11ef-1a7e-43a2532b2fa8":[51.984856,354.4884,685.0,7.898654],"25260808-d786-11ef-2eac-81ac2e6b05df":[450.9764,709.77576,538.0,11.283792],"25047ee0-d786-11ef-2eac-81ac2e6b05df":[521.7768,757.7386,501.0,15.222667],"251db5d6-d786-11ef-1a7e-43a2532b2fa8":[519.96436,955.77277,702.0,12.205287],"2501fb48-d786-11ef-1a7e-43a2532b2fa8":[247.5498,482.42053,529.0,12.257336],"24f22c90-d786-11ef-1a7e-43a2532b2fa8":[509.30457,386.82,486.0,15.797308],"25037df6-d786-11ef-1a7e-43a2532b2fa8":[105.93173,994.51324,573.0,8.519076]}