{"c2174992-d786-11ef-1a7e-43a2532b2fa8":[899.3321,527.44556,492.0,15.553634],"c23d360c-d786-11ef-1a7e-43a2532b2fa8":[704.403,9.33706,511.0,10.5851345],"c27eb9a6-d786-11ef-1a7e-43a2532b2fa8":[910.9726,998.16046,678.0,9.507892],"c25e6cbe-d786-11ef-1a7e-43a2532b2fa8":[449.1961,847.0453,597.0,5.86323],"c2231b7a-d786-11ef-1a7e-43a2532b2fa8":[354.0638,582.16125,623.0,8.058239],"c285deb6-d786-11ef-1a7e-43a2532b2fa8":[238.86765,962.53796,627.0,5.5279064],"c24255b0-d786-11ef-1a7e-43a2532b2fa8":[430.0456,1001.535,621.0,8.740388],"c26a5f12-d786-11ef-1a7e-43a2532b2fa8":[29.549551,257.52994,608.0,6.675581],"c1ffb34a-d786-11ef-1a7e-43a2532b2fa8":[10.648027,521.9886,794.0,13.9115925],"c26d19a6-d786-11ef-1a7e-43a2532b2fa8":[578.6052,262.46262,637.0,6.2825494],"c2080752-d786-11ef-1a7e-43a2532b2fa8":[488.56598,680.92084,700.0,11.055813],"c24f46f8-d786-11ef-1a7e-43a2532b2fa8":[375.60767,759.4197,514.0,14.40618],"c2a33cb8-d786-11ef-1a7e-43a2532b2fa8":[6.8636107,312.49728,781.0,9.166996],"c2b9f7b4-d786-11ef-1a7e-43a2532b2fa8":[11.870264,29.998909,685.0,5.86323],"c1a3da52-d786-11ef-1a7e-43a2532b2fa8":[1015.8716,437.48453,445.0,12.100518],"c17fc50e-d786-11ef-1a7e-43a2532b2fa8":[1019.3879,520.4877,367.0,8.812923],"c26c33ee-d786-11ef-1a7e-43a2532b2fa8":[31.151892,707.4793,622.0,7.1364965],"c21423dc-d786-11ef-1a7e-43a2532b2fa8":[503.60046,608.39,539.0,13.303394],"c2378180-d786-11ef-1a7e-43a2532b2fa8":[238.45589,686.34576,536.0,12.205287],"c24d0e6a-d786-11ef-1a7e-43a2532b2fa8":[524.5938,953.1466,624.0,9.027034],"c2b0b730-d786-11ef-1a7e-43a2532b2fa8":[612.0148,964.92633,755.0,6.180387],"c279e98a-d786-11ef-1a7e-43a2532b2fa8":[501.05978,995.0668,623.0,6.675581],"c2040ac6-d786-11ef-1a59-6be8ccc438a2":[870.3934,21.110735,529.0,13.493452],"c2c3b0ce-d786-11ef-1a7e-43a2532b2fa8":[806.51483,68.83705,683.0,4.068429],"c25401fc-d786-11ef-1a7e-43a2532b2fa8":[1006.82446,724.50665,604.0,7.3127327],"c15a7498-d786-11ef-1a7e-43a2532b2fa8":[447.87073,1002.7503,575.0,16.312788],"c2a33cd8-d786-11ef-1a59-6be8ccc438a2":[54.563633,541.4559,683.0,7.65304],"c214241a-d786-11ef-2539-0599d90a4ae6":[1017.13464,311.71555,510.0,10.5851345],"c2222178-d786-11ef-1a59-6be8ccc438a2":[863.7221,665.4981,487.0,13.865755],"c17e10ce-d786-11ef-1a7e-43a2532b2fa8":[121.05861,709.67737,509.0,16.506763],"c2b3b76e-d786-11ef-1a7e-43a2532b2fa8":[593.08734,1017.3615,799.0,8.368284],"c1ad524e-d786-11ef-1a7e-43a2532b2fa8":[566.3477,185.55998,508.0,21.11004],"c22b9e42-d786-11ef-1a7e-43a2532b2fa8":[681.8024,481.8819,535.0,12.615663],"c19cbce0-d786-11ef-1a7e-43a2532b2fa8":[39.335438,94.77248,599.0,16.07693],"c27c2cb8-d786-11ef-1a7e-43a2532b2fa8":[339.49155,619.0335,608.0,5.046265],"c1fac06a-d786-11ef-1a7e-43a2532b2fa8":[471.55173,357.7114,504.0,16.234549],"c2222158-d786-11ef-1a7e-43a2532b2fa8":[592.05316,375.81012,570.0,16.850294],"c13f249a-d786-11ef-1a7e-43a2532b2fa8":[721.5873,879.16284,589.0,25.78044],"c289ef24-d786-11ef-1a7e-43a2532b2fa8":[7.983671,437.64795,796.0,10.464158],"c1f0a76a-d786-11ef-1a7e-43a2532b2fa8":[817.36255,200.37437,428.0,26.89238],"c2229d60-d786-11ef-2539-0599d90a4ae6":[739.6601,547.15674,508.0,18.643883],"c1bfd87e-d786-11ef-1a7e-43a2532b2fa8":[707.86053,770.855,510.0,16.351768],"c1e71402-d786-11ef-1a59-6be8ccc438a2":[897.72736,36.530964,502.0,17.038153]}