{"0d1b0d02-d787-11ef-1a59-6be8ccc438a2":[1016.62054,427.38147,557.0,9.574615],"0dc80e94-d787-11ef-1a59-6be8ccc438a2":[590.93713,43.966576,730.0,6.3830767],"0d96a566-d787-11ef-1a7e-43a2532b2fa8":[240.02684,1007.99963,606.0,6.8636627],"0cee7d8c-d787-11ef-1a7e-43a2532b2fa8":[1015.8944,579.8316,508.0,10.5851345],"0dd3bcd0-d787-11ef-1a7e-43a2532b2fa8":[108.926765,161.0101,660.0,3.1915383],"0dc80e12-d787-11ef-1a7e-43a2532b2fa8":[143.99628,692.0373,642.0,4.222008],"0d4bea76-d787-11ef-1a7e-43a2532b2fa8":[523.982,17.25925,513.0,9.440698],"0d9b4666-d787-11ef-1a7e-43a2532b2fa8":[1019.0047,18.525755,644.0,8.368284],"0dbf4764-d787-11ef-1a7e-43a2532b2fa8":[5.643349,428.05948,774.0,7.8176403],"0d6ddc2e-d787-11ef-1a7e-43a2532b2fa8":[448.0248,910.48627,592.0,6.770275],"0d6043a6-d787-11ef-1a7e-43a2532b2fa8":[24.07042,1008.5876,598.0,9.77205],"0d960264-d787-11ef-1a7e-43a2532b2fa8":[29.463448,756.07935,643.0,5.9708214],"0d6d3d02-d787-11ef-1a7e-43a2532b2fa8":[1003.84393,802.01917,598.0,7.484821],"0e2f6a3a-d787-11ef-1a7e-43a2532b2fa8":[721.0035,78.4944,843.0,5.9708214],"0d3181cc-d787-11ef-1a7e-43a2532b2fa8":[897.0433,147.87373,508.0,15.837556],"0d2cad00-d787-11ef-1a7e-43a2532b2fa8":[859.81964,765.3287,487.0,13.68087],"0d31fbb6-d787-11ef-1a7e-43a2532b2fa8":[235.52846,781.0276,577.0,8.058239],"0dae3f5a-d787-11ef-1a7e-43a2532b2fa8":[54.893,627.9605,677.0,8.214725],"0d3a0e8c-d787-11ef-1a7e-43a2532b2fa8":[467.36243,459.618,636.0,9.373021],"0d1a121c-d787-11ef-1a7e-43a2532b2fa8":[9.808208,656.8134,695.0,13.0131035],"0dab4476-d787-11ef-1a7e-43a2532b2fa8":[7.4383183,579.3021,822.0,10.823032],"0d6ddc44-d787-11ef-1a59-6be8ccc438a2":[496.6103,47.00583,625.0,6.675581],"0d707fb4-d787-11ef-1a7e-43a2532b2fa8":[25.523401,309.41177,594.0,6.180387],"0cfaebe4-d787-11ef-1a7e-43a2532b2fa8":[524.96466,77.61145,601.0,11.72646],"0d2a4092-d787-11ef-1a7e-43a2532b2fa8":[501.0998,710.40015,604.0,8.444016],"0d3f0586-d787-11ef-1a7e-43a2532b2fa8":[908.4452,65.04746,660.0,12.100518],"0cd0b4a0-d787-11ef-1a7e-43a2532b2fa8":[119.47236,801.3,498.0,14.625465],"0cd134f2-d787-11ef-1a7e-43a2532b2fa8":[705.2524,903.5251,397.0,19.182446],"0d5cce04-d787-11ef-1a7e-43a2532b2fa8":[576.0062,330.7713,543.0,13.9115925],"0d3107ba-d787-11ef-1a7e-43a2532b2fa8":[738.45447,658.89667,510.0,19.049232],"0d2c3212-d787-11ef-1a7e-43a2532b2fa8":[488.05142,803.6108,613.0,17.000746],"0d0ce96e-d787-11ef-1a59-6be8ccc438a2":[347.41595,673.67096,568.0,16.037281],"0d211ffa-d787-11ef-1a7e-43a2532b2fa8":[680.57935,588.89343,558.0,11.055813],"0d46651a-d787-11ef-1a7e-43a2532b2fa8":[702.10846,106.05961,588.0,9.304853],"0d219f46-d787-11ef-1a7e-43a2532b2fa8":[606.8979,73.235435,659.0,11.340071],"0d42950c-d787-11ef-1a7e-43a2532b2fa8":[868.6528,122.026344,498.0,18.437868],"0d48f8b6-d787-11ef-1a7e-43a2532b2fa8":[375.0789,842.98627,617.0,8.136858],"0db6a348-d787-11ef-1a7e-43a2532b2fa8":[9.022727,72.497505,688.0,5.7536273],"0c8b6d6e-d787-11ef-1a7e-43a2532b2fa8":[564.1471,360.0417,508.0,20.466944],"0d1817b4-d787-11ef-1a7e-43a2532b2fa8":[589.46515,496.43164,568.0,16.850294],"0d02ba54-d787-11ef-1a7e-43a2532b2fa8":[897.806,639.4356,478.0,16.351768],"0cca3f4e-d787-11ef-1a7e-43a2532b2fa8":[114.90417,829.87366,560.0,10.52482],"0cd1c03c-d787-11ef-1a7e-43a2532b2fa8":[424.63104,96.3635,512.0,15.180789],"0ceb95a4-d787-11ef-1a7e-43a2532b2fa8":[35.090885,261.7933,602.0,16.774563],"0c64c182-d787-11ef-1a7e-43a2532b2fa8":[815.974,338.9593,393.0,29.57559]}