{"cde5fb60-d786-11ef-1a7e-43a2532b2fa8":[1016.4716,461.62637,462.0,11.780624],"ce8453dc-d786-11ef-1a7e-43a2532b2fa8":[340.76547,627.06696,661.0,8.884867],"ce41d03e-d786-11ef-1a7e-43a2532b2fa8":[705.12274,23.452166,568.0,9.236181],"ceb6a74c-d786-11ef-1a7e-43a2532b2fa8":[12.036045,37.540924,680.0,6.4820447],"ce491c5e-d786-11ef-1a7e-43a2532b2fa8":[427.95868,1015.71436,633.0,8.444016],"ce20422a-d786-11ef-1a7e-43a2532b2fa8":[869.8243,35.94802,541.0,16.390654],"ce635164-d786-11ef-1a7e-43a2532b2fa8":[30.57845,716.13293,631.0,6.3830767],"ce9cc85e-d786-11ef-1a7e-43a2532b2fa8":[8.627795,460.94675,829.0,11.4517975],"ce1a3e20-d786-11ef-2eac-81ac2e6b05df":[1016.6311,331.03845,505.0,11.170383],"ce86f952-d786-11ef-1a7e-43a2532b2fa8":[29.078047,265.435,602.0,5.5279064],"ce23ce7c-d786-11ef-1a7e-43a2532b2fa8":[471.02493,373.6451,497.0,16.812471],"cd4d1bde-d786-11ef-1a7e-43a2532b2fa8":[446.6935,1017.2335,255.0,15.222667],"cdddbbee-d786-11ef-1a7e-43a2532b2fa8":[1020.00586,543.45074,410.0,7.3127327],"cdcdcdc4-d786-11ef-1a7e-43a2532b2fa8":[897.13666,55.201096,510.0,16.037281],"cd4d1be8-d786-11ef-1a59-6be8ccc438a2":[720.3498,915.4263,583.0,25.631847],"ce1d9b42-d786-11ef-1a7e-43a2532b2fa8":[10.002012,542.87274,776.0,12.964089],"cec20cba-d786-11ef-1a7e-43a2532b2fa8":[54.347023,555.4968,686.0,7.8176403],"ce6bca10-d786-11ef-1a59-6be8ccc438a2":[611.4864,985.40485,675.0,9.706685],"ce6a714a-d786-11ef-1a7e-43a2532b2fa8":[500.0152,1006.9332,589.0,8.812923],"cdf078a6-d786-11ef-1a7e-43a2532b2fa8":[817.9262,222.88681,511.0,19.215605],"ceb8c31a-d786-11ef-1a7e-43a2532b2fa8":[6.8724947,330.9162,784.0,9.304853],"ce6b0b02-d786-11ef-1a7e-43a2532b2fa8":[1006.99646,736.5039,615.0,7.65304],"cd9fa5fc-d786-11ef-1a7e-43a2532b2fa8":[119.99445,724.81995,542.0,15.59451],"ce796332-d786-11ef-1a7e-43a2532b2fa8":[448.05444,857.0465,600.0,6.0765076],"ce431cdc-d786-11ef-1a7e-43a2532b2fa8":[910.53864,1013.5955,627.0,10.764051],"ce0024f4-d786-11ef-1a7e-43a2532b2fa8":[488.5563,700.6409,494.0,19.899183],"ce339ba4-d786-11ef-1a7e-43a2532b2fa8":[681.71704,499.33875,482.0,14.317527],"ce260e9e-d786-11ef-1a7e-43a2532b2fa8":[738.4258,563.8351,521.0,17.912464],"ce442c58-d786-11ef-1a7e-43a2532b2fa8":[374.98392,770.74146,505.0,14.668929],"ce3421a0-d786-11ef-1a7e-43a2532b2fa8":[522.8698,973.2917,623.0,9.77205],"ce34a684-d786-11ef-1a59-6be8ccc438a2":[238.44923,701.42267,574.0,8.368284],"cddfcf72-d786-11ef-1a7e-43a2532b2fa8":[38.34181,121.22875,594.0,17.000746],"cebdf33a-d786-11ef-1a7e-43a2532b2fa8":[591.81744,6.9080977,662.0,9.166996],"cd953a72-d786-11ef-1a7e-43a2532b2fa8":[567.63983,213.01167,508.0,20.466944],"ce400f6a-d786-11ef-1a7e-43a2532b2fa8":[354.8884,594.8898,507.0,15.138795],"ce23cecc-d786-11ef-1a59-6be8ccc438a2":[899.3927,544.86835,549.0,14.138551],"cdf935fe-d786-11ef-1a7e-43a2532b2fa8":[707.92566,792.0003,508.0,16.545286],"ce0b531a-d786-11ef-1a7e-43a2532b2fa8":[438.51743,9.557799,708.0,12.309163],"ce1a3e14-d786-11ef-1a59-6be8ccc438a2":[862.5768,681.4504,482.0,14.22832],"ce255b7a-d786-11ef-1a59-6be8ccc438a2":[591.5218,395.44824,558.0,14.668929],"cf1c696a-d786-11ef-1a7e-43a2532b2fa8":[592.55963,1021.22186,819.0,5.2925673],"ce8d8f74-d786-11ef-1a7e-43a2532b2fa8":[239.46512,968.8631,622.0,6.5795245],"ce7bc078-d786-11ef-1a7e-43a2532b2fa8":[578.83093,272.78146,554.0,12.815924],"ce4709a0-d786-11ef-1a7e-43a2532b2fa8":[503.07217,625.014,548.0,14.668929]}