{"197379a0-d786-11ef-1a59-6be8ccc438a2":[689.35785,234.61285,481.0,14.884343],"1987b23c-d786-11ef-1a59-6be8ccc438a2":[770.2846,900.75665,509.0,16.07693],"192df60a-d786-11ef-1a7e-43a2532b2fa8":[577.04846,985.3949,514.0,12.565099],"1a4f06a0-d786-11ef-1a7e-43a2532b2fa8":[551.98145,75.94265,783.0,6.2825494],"19d691a2-d786-11ef-1a7e-43a2532b2fa8":[238.4531,856.95215,636.0,5.046265],"18f3a6f8-d786-11ef-1a7e-43a2532b2fa8":[401.79916,1008.9102,507.0,14.712264],"19d24b36-d786-11ef-1a7e-43a2532b2fa8":[998.07886,27.1213,679.0,10.52482],"1991d846-d786-11ef-1a7e-43a2532b2fa8":[106.44344,981.45,574.0,8.884867],"196634de-d786-11ef-1a7e-43a2532b2fa8":[192.98048,1005.6536,647.0,8.956232],"197ecdb4-d786-11ef-1a7e-43a2532b2fa8":[219.46614,1010.92883,503.0,9.166996],"1904eaa8-d786-11ef-1a7e-43a2532b2fa8":[1016.8672,111.00592,434.0,10.217908],"19e912c0-d786-11ef-1a7e-43a2532b2fa8":[51.299206,340.9895,685.0,7.65304],"188d151e-d786-11ef-2eac-81ac2e6b05df":[835.17596,818.22485,235.0,26.868696],"199be6e2-d786-11ef-1a7e-43a2532b2fa8":[1015.5426,543.9966,572.0,10.341766],"1988c58a-d786-11ef-1a59-6be8ccc438a2":[866.5226,432.01688,548.0,12.463355],"1991d896-d786-11ef-1a59-6be8ccc438a2":[522.999,744.5227,629.0,8.058239],"19a31668-d786-11ef-1a7e-43a2532b2fa8":[9.06375,111.04365,735.0,11.113246],"195fe564-d786-11ef-1a7e-43a2532b2fa8":[520.54504,938.5089,715.0,11.780624],"1948cc1e-d786-11ef-1a7e-43a2532b2fa8":[1018.7406,43.292976,466.0,8.444016],"1954fc50-d786-11ef-1a7e-43a2532b2fa8":[10.707061,205.09856,618.0,8.884867],"19ee66a6-d786-11ef-1a7e-43a2532b2fa8":[811.00366,953.7964,618.0,4.7873073],"19264932-d786-11ef-1a7e-43a2532b2fa8":[1020.62714,205.1331,388.0,6.0765076],"1996397c-d786-11ef-1a7e-43a2532b2fa8":[379.8342,559.4288,508.0,14.841511],"19573cd6-d786-11ef-1a7e-43a2532b2fa8":[594.5003,98.1274,565.0,19.248707],"198701dc-d786-11ef-1a7e-43a2532b2fa8":[905.16986,263.6174,511.0,14.581872],"1934d0a4-d786-11ef-1a7e-43a2532b2fa8":[715.19904,466.66525,512.0,16.234549],"196338a6-d786-11ef-1a7e-43a2532b2fa8":[509.36523,372.34683,511.0,14.22832],"1988c538-d786-11ef-1a7e-43a2532b2fa8":[548.04944,17.548342,641.0,8.444016],"19afc2f2-d786-11ef-1a7e-43a2532b2fa8":[451.04892,700.46936,605.0,5.86323],"189b6e54-d786-11ef-1a7e-43a2532b2fa8":[722.3626,355.29413,699.0,21.379734],"199acce4-d786-11ef-1a7e-43a2532b2fa8":[360.55045,363.41974,624.0,8.444016],"19bc1782-d786-11ef-1a7e-43a2532b2fa8":[40.50359,137.10005,632.0,6.180387],"19c17f88-d786-11ef-1a7e-43a2532b2fa8":[32.970444,596.0163,641.0,5.641896],"19c315be-d786-11ef-1a7e-43a2532b2fa8":[343.90866,504.94962,613.0,5.170883],"1998a8c4-d786-11ef-1a7e-43a2532b2fa8":[7.7762737,40.150627,675.0,10.09253],"190f6dde-d786-11ef-1a7e-43a2532b2fa8":[495.0239,394.82513,478.0,20.621881],"198651ba-d786-11ef-1a7e-43a2532b2fa8":[128.97508,488.98758,614.0,9.236181],"18f26d24-d786-11ef-1a7e-43a2532b2fa8":[803.67194,818.03015,456.0,19.31474],"18d0ee4c-d786-11ef-1a7e-43a2532b2fa8":[453.3401,654.8598,585.0,16.468151],"197d63fa-d786-11ef-1a7e-43a2532b2fa8":[249.26096,467.42975,578.0,8.29186],"194f182e-d786-11ef-1a7e-43a2532b2fa8":[128.3985,433.99323,568.0,10.52482],"19585a62-d786-11ef-1a7e-43a2532b2fa8":[481.63812,117.31544,495.0,17.038153],"19721b1e-d786-11ef-1a7e-43a2532b2fa8":[740.9568,284.77585,513.0,18.575466]}