{"422a7f38-d786-11ef-3931-4175e38e818b":[836.6451,971.53076,625.0,19.049232],"4363f1e0-d786-11ef-1a7e-43a2532b2fa8":[238.96353,883.5118,624.0,5.9708214],"4322861a-d786-11ef-1a7e-43a2532b2fa8":[576.0054,26.003378,568.0,9.77205],"42ece906-d786-11ef-1a7e-43a2532b2fa8":[521.272,1004.471,654.0,13.819766],"43628bbe-d786-11ef-1a7e-43a2532b2fa8":[32.58034,623.9605,641.0,6.2825494],"433b6946-d786-11ef-1a59-6be8ccc438a2":[193.09177,21.476397,592.0,7.1364965],"433b6932-d786-11ef-1a7e-43a2532b2fa8":[105.40693,7.1373034,638.0,9.027034],"43930bf6-d786-11ef-1a7e-43a2532b2fa8":[548.4749,76.399475,666.0,4.6524267],"4353baf0-d786-11ef-1a59-6be8ccc438a2":[343.59457,533.45294,611.0,5.2925673],"438612b4-d786-11ef-1a7e-43a2532b2fa8":[402.05692,77.01219,633.0,3.7424104],"433027d4-d786-11ef-1a7e-43a2532b2fa8":[37.466076,168.22627,604.0,7.0467257],"42e22656-d786-11ef-1a7e-43a2532b2fa8":[10.627454,284.51184,632.0,9.097283],"42adc9c4-d786-11ef-1a7e-43a2532b2fa8":[809.8821,7.885901,392.0,10.403142],"433c750c-d786-11ef-1a7e-43a2532b2fa8":[8.935417,193.39143,827.0,13.255454],"437a6612-d786-11ef-1a7e-43a2532b2fa8":[51.88934,391.0083,682.0,8.058239],"43190d68-d786-11ef-1a7e-43a2532b2fa8":[106.22933,1020.56714,489.0,5.86323],"428741f0-d786-11ef-1a7e-43a2532b2fa8":[1017.51764,194.09221,455.0,10.341766],"42dd7084-d786-11ef-1a7e-43a2532b2fa8":[491.46594,467.80743,508.0,19.115955],"43417282-d786-11ef-1a7e-43a2532b2fa8":[8.809877,108.27977,798.0,11.780624],"4329a012-d786-11ef-1a7e-43a2532b2fa8":[376.81308,610.23956,512.0,14.798554],"42e1a53c-d786-11ef-1a7e-43a2532b2fa8":[126.47711,504.62497,567.0,10.341766],"431a0ada-d786-11ef-1a7e-43a2532b2fa8":[523.1268,797.0901,575.0,13.351162],"433e6904-d786-11ef-1a7e-43a2532b2fa8":[218.53195,26.023298,581.0,5.86323],"42eedb26-d786-11ef-1a7e-43a2532b2fa8":[805.42474,886.2568,471.0,17.769733],"4321bb04-d786-11ef-1a7e-43a2532b2fa8":[358.00076,418.50662,627.0,8.058239],"4307d614-d786-11ef-1a7e-43a2532b2fa8":[507.84158,429.96655,543.0,12.964089],"433aeaf2-d786-11ef-1a7e-43a2532b2fa8":[1012.85834,589.0127,595.0,8.368284],"43046590-d786-11ef-1a7e-43a2532b2fa8":[865.4631,490.506,486.0,14.183506],"429a35ee-d786-11ef-1a7e-43a2532b2fa8":[597.33826,165.13034,470.0,18.915081],"433123c8-d786-11ef-1a7e-43a2532b2fa8":[809.7874,1016.8624,738.0,11.941643],"42c8f4c4-d786-11ef-1a7e-43a2532b2fa8":[712.5851,541.41016,507.0,15.38904],"42eb369a-d786-11ef-1a7e-43a2532b2fa8":[1018.0744,109.3649,482.0,9.097283],"430131c2-d786-11ef-1a7e-43a2532b2fa8":[689.2512,295.7582,484.0,14.494293],"431bfff2-d786-11ef-1a7e-43a2532b2fa8":[245.51016,523.0719,582.0,7.898654],"4317141a-d786-11ef-1a7e-43a2532b2fa8":[127.00811,544.0929,614.0,9.097283],"43c69a34-d786-11ef-1a7e-43a2532b2fa8":[595.02814,934.26825,748.0,4.222008],"42f8a05e-d786-11ef-1a7e-43a2532b2fa8":[902.8816,330.06656,550.0,13.54055],"430f87a6-d786-11ef-1a7e-43a2532b2fa8":[772.7311,957.1712,505.0,17.075476],"422a7f38-d786-11ef-1a59-6be8ccc438a2":[723.3439,488.1413,589.0,26.366432],"4339390a-d786-11ef-1a7e-43a2532b2fa8":[583.0495,142.5469,635.0,7.484821],"42ee61e6-d786-11ef-1a7e-43a2532b2fa8":[739.845,350.10178,505.0,19.015783],"4282c116-d786-11ef-1a7e-43a2532b2fa8":[450.69662,740.32745,577.0,17.000746],"42e523b0-d786-11ef-1a7e-43a2532b2fa8":[477.90005,177.77994,499.0,16.234549]}