{"a2a1fcc4-d786-11ef-1a7e-43a2532b2fa8":[7.9619637,379.9844,814.0,11.170383],"a2fa7a48-d786-11ef-1a7e-43a2532b2fa8":[614.01227,910.9593,697.0,4.513517],"a248f28c-d786-11ef-1a7e-43a2532b2fa8":[806.0135,19.493008,647.0,8.956232],"a23a1870-d786-11ef-1a7e-43a2532b2fa8":[10.298086,464.39957,687.0,13.9115925],"a2bdd3de-d786-11ef-1a7e-43a2532b2fa8":[503.5313,962.52704,638.0,6.180387],"a2740e7c-d786-11ef-1a7e-43a2532b2fa8":[1008.3436,691.54,598.0,7.898654],"a2c34f00-d786-11ef-1a7e-43a2532b2fa8":[54.03757,506.00195,686.0,7.3127327],"a253d8e6-d786-11ef-1a7e-43a2532b2fa8":[900.4898,1012.7754,522.0,11.507255],"a263a6ea-d786-11ef-1a7e-43a2532b2fa8":[376.07425,721.8615,621.0,7.65304],"a1cc1e10-d786-11ef-1a7e-43a2532b2fa8":[121.51242,663.3426,548.0,15.096684],"a2bac3dc-d786-11ef-1a7e-43a2532b2fa8":[6.808422,263.34656,776.0,9.706685],"a2a61c96-d786-11ef-1a7e-43a2532b2fa8":[239.46742,942.9197,624.0,6.770275],"a1f9b4b0-d786-11ef-1a7e-43a2532b2fa8":[1020.0115,463.65952,379.0,7.5693974],"a2e4e890-d786-11ef-1a7e-43a2532b2fa8":[911.49744,959.7128,660.0,5.86323],"a2e736b8-d786-11ef-1a7e-43a2532b2fa8":[592.99506,998.4341,731.0,5.5279064],"a22a84f0-d786-11ef-2eac-81ac2e6b05df":[1018.2163,264.6915,570.0,9.836982],"a28638e0-d786-11ef-1a7e-43a2532b2fa8":[449.72403,820.5276,595.0,6.4820447],"a28aeeb2-d786-11ef-1a7e-43a2532b2fa8":[578.9534,234.08324,638.0,6.2825494],"a24e5eb6-d786-11ef-1a7e-43a2532b2fa8":[863.572,623.676,484.0,14.40618],"a2dc120e-d786-11ef-1a7e-43a2532b2fa8":[432.04803,951.24805,666.0,3.3851376],"a26ebaf8-d786-11ef-1a7e-43a2532b2fa8":[873.0374,1003.0505,668.0,8.740388],"a288f544-d786-11ef-1a7e-43a2532b2fa8":[31.48013,687.50995,647.0,5.641896],"a157e676-d786-11ef-1a7e-43a2532b2fa8":[720.8759,784.10376,586.0,25.854414],"a25bf51a-d786-11ef-2eac-81ac2e6b05df":[522.39685,914.5133,618.0,9.027034],"a2842226-d786-11ef-1a7e-43a2532b2fa8":[705.9582,992.04297,601.0,7.735778],"a22a84a0-d786-11ef-1a7e-43a2532b2fa8":[488.92233,629.4083,685.0,12.205287],"a28a34e0-d786-11ef-1a7e-43a2532b2fa8":[31.426168,234.91112,619.0,6.0765076],"a2e80cdc-d786-11ef-1a7e-43a2532b2fa8":[13.379886,12.441697,693.0,6.3830767],"a2600404-d786-11ef-1a7e-43a2532b2fa8":[353.89212,542.0123,622.0,8.058239],"a25bf4fe-d786-11ef-1a59-6be8ccc438a2":[473.5945,314.04318,642.0,8.812923],"a29cca24-d786-11ef-1a7e-43a2532b2fa8":[340.41473,598.62396,667.0,9.836982],"a236382c-d786-11ef-1a7e-43a2532b2fa8":[593.5958,326.0135,571.0,17.14988],"a2c7da70-d786-11ef-1a7e-43a2532b2fa8":[774.5449,62.15713,658.0,6.2825494],"a25124b6-d786-11ef-1a7e-43a2532b2fa8":[504.62213,566.2307,604.0,8.740388],"a1f49fe8-d786-11ef-1a7e-43a2532b2fa8":[710.0548,715.43835,513.0,16.037281],"a1c00e54-d786-11ef-1a7e-43a2532b2fa8":[42.826015,21.989845,600.0,15.38904],"a15ff8e8-d786-11ef-1a7e-43a2532b2fa8":[447.5269,942.0454,594.0,15.347616],"a1f30f34-d786-11ef-1a7e-43a2532b2fa8":[826.45233,132.80432,925.0,24.042686],"a23b1a36-d786-11ef-1a7e-43a2532b2fa8":[899.8304,479.3667,552.0,14.138551],"a23bcc24-d786-11ef-1a7e-43a2532b2fa8":[684.6324,438.1373,474.0,15.012109],"a243f66a-d786-11ef-1a59-6be8ccc438a2":[739.73236,498.9548,525.0,17.912464],"a1f89d82-d786-11ef-1a7e-43a2532b2fa8":[809.0841,157.51305,465.0,16.07693],"a2546c7a-d786-11ef-1a7e-43a2532b2fa8":[240.57774,646.28625,516.0,11.617374],"a1b8df76-d786-11ef-1a7e-43a2532b2fa8":[569.04,111.34918,507.0,19.802975],"a1b8df94-d786-11ef-1a59-6be8ccc438a2":[1015.9467,378.4298,470.0,10.940042]}