{"3b501428-d786-11ef-1a59-6be8ccc438a2":[810.4405,1009.76965,519.0,10.464158],"3b6faeb6-d786-11ef-1a7e-43a2532b2fa8":[193.02472,13.949809,550.0,9.027034],"3bb008bc-d786-11ef-1a7e-43a2532b2fa8":[8.526827,96.77817,725.0,9.027034],"3b7b433e-d786-11ef-1a7e-43a2532b2fa8":[357.99646,409.02075,627.0,8.058239],"3af8312e-d786-11ef-1a7e-43a2532b2fa8":[712.43744,528.4676,512.0,16.312788],"3b966de4-d786-11ef-1a7e-43a2532b2fa8":[218.46075,19.251163,524.0,8.519076],"3b492d5e-d786-11ef-1a7e-43a2532b2fa8":[10.584621,270.5878,619.0,8.667245],"3bb7ba9e-d786-11ef-1a7e-43a2532b2fa8":[342.9799,528.4444,608.0,6.0765076],"3b0adce8-d786-11ef-1a7e-43a2532b2fa8":[492.08734,455.4921,505.0,19.248707],"3bd8a29a-d786-11ef-1a7e-43a2532b2fa8":[51.929676,381.9916,684.0,8.058239],"3b5d1472-d786-11ef-1a59-6be8ccc438a2":[904.14343,318.11102,482.0,16.506763],"3b5a7a46-d786-11ef-1a7e-43a2532b2fa8":[591.9299,145.40858,505.0,24.38448],"3b71c35e-d786-11ef-1a7e-43a2532b2fa8":[519.9428,994.1208,711.0,11.83454],"3b60a902-d786-11ef-1a7e-43a2532b2fa8":[245.97586,513.0566,581.0,8.136858],"3b794ae8-d786-11ef-1a7e-43a2532b2fa8":[689.03485,284.42816,535.0,12.360774],"3a8431d4-d786-11ef-2eac-81ac2e6b05df":[836.4849,945.30774,515.0,22.539356],"3b7a85f2-d786-11ef-1a7e-43a2532b2fa8":[771.36914,947.9376,513.0,16.390654],"3c3467d8-d786-11ef-1a7e-43a2532b2fa8":[595.0151,928.74335,747.0,4.370194],"3b7687b8-d786-11ef-1a7e-43a2532b2fa8":[126.95502,532.8643,622.0,8.519076],"3b3495a8-d786-11ef-1a7e-43a2532b2fa8":[1018.7564,97.45924,486.0,9.027034],"3bbccfac-d786-11ef-1a7e-43a2532b2fa8":[31.975065,618.9887,642.0,5.411516],"3be3ce2c-d786-11ef-1a7e-43a2532b2fa8":[401.4932,58.795918,626.0,4.7873073],"3b3ab40e-d786-11ef-1a7e-43a2532b2fa8":[739.7468,338.04062,506.0,19.281752],"3a853bd6-d786-11ef-1a59-6be8ccc438a2":[722.5251,463.4481,659.0,21.528103],"3b72f256-d786-11ef-1a7e-43a2532b2fa8":[378.0488,601.20636,505.0,15.59451],"3ad00960-d786-11ef-1a7e-43a2532b2fa8":[478.4211,164.08943,504.0,16.774563],"3b854a8c-d786-11ef-1a7e-43a2532b2fa8":[1013.3107,581.0533,560.0,10.029253],"3b7c2db2-d786-11ef-1a7e-43a2532b2fa8":[106.07397,1016.1499,536.0,8.136858],"3b675c34-d786-11ef-1a7e-43a2532b2fa8":[575.48755,14.574769,615.0,10.645108],"3afac5cc-d786-11ef-1a7e-43a2532b2fa8":[1017.5032,178.92839,456.0,10.403142],"3baddc36-d786-11ef-1a7e-43a2532b2fa8":[8.684322,179.60889,728.0,9.166996],"3b17cbf6-d786-11ef-1a7e-43a2532b2fa8":[127.576614,491.06067,503.0,14.40618],"3b5bdbd4-d786-11ef-1a7e-43a2532b2fa8":[865.38257,480.1257,505.0,12.463355],"3a9fe410-d786-11ef-1a7e-43a2532b2fa8":[449.78723,726.3297,579.0,17.297726],"3bbb4946-d786-11ef-1a7e-43a2532b2fa8":[239.00385,877.85876,625.0,6.3830767],"3b460296-d786-11ef-1a7e-43a2532b2fa8":[508.32004,421.4107,470.0,16.468151],"3beab82c-d786-11ef-1a7e-43a2532b2fa8":[547.94507,66.21289,654.0,6.5795245],"3b49abd0-d786-11ef-1a59-6be8ccc438a2":[806.20374,874.5433,478.0,17.912464],"3ba3abf8-d786-11ef-1a7e-43a2532b2fa8":[38.022495,161.58554,597.0,7.5693974],"3b8449c0-d786-11ef-1a7e-43a2532b2fa8":[521.9358,786.9812,567.0,13.54055]}