{"e1d2b168-d786-11ef-1a7e-43a2532b2fa8":[448.43463,873.4432,600.0,6.180387],"e196768a-d786-11ef-1a7e-43a2532b2fa8":[237.50569,725.8797,531.0,12.360774],"e140df68-d786-11ef-1a7e-43a2532b2fa8":[1020.0042,579.54443,409.0,7.735778],"e1a48ec8-d786-11ef-1a7e-43a2532b2fa8":[522.7758,989.07306,557.0,11.72646],"e1e7bf68-d786-11ef-1a7e-43a2532b2fa8":[239.48093,980.9583,628.0,4.7873073],"e1dc302e-d786-11ef-1a7e-43a2532b2fa8":[337.82675,638.3617,605.0,6.0765076],"e1b87cf8-d786-11ef-1a7e-43a2532b2fa8":[609.88635,1015.146,766.0,10.029253],"e10f8cc4-d786-11ef-1a7e-43a2532b2fa8":[527.5335,6.1804986,382.0,8.444016],"e193df4c-d786-11ef-1a7e-43a2532b2fa8":[525.6807,1014.7493,635.0,9.440698],"e1718ee2-d786-11ef-1a7e-43a2532b2fa8":[909.48956,13.531287,585.0,11.340071],"e1d933e4-d786-11ef-1a7e-43a2532b2fa8":[28.026756,278.984,611.0,5.7536273],"e2157f2c-d786-11ef-1a7e-43a2532b2fa8":[591.92957,15.806001,674.0,7.399277],"e165a906-d786-11ef-1a7e-43a2532b2fa8":[426.8914,27.306265,474.0,14.712264],"e221e8a0-d786-11ef-1a7e-43a2532b2fa8":[498.4535,1020.60974,722.0,5.2925673],"e1f171ea-d786-11ef-1a7e-43a2532b2fa8":[449.49127,43.96266,731.0,9.097283],"e2139782-d786-11ef-1a7e-43a2532b2fa8":[1021.3651,1002.7597,625.0,3.5682483],"e172d59a-d786-11ef-1a7e-43a2532b2fa8":[1016.5114,361.60397,545.0,9.440698],"e11d9ada-d786-11ef-1a7e-43a2532b2fa8":[896.2942,82.290955,607.0,11.507255],"e2245608-d786-11ef-1a7e-43a2532b2fa8":[11.092499,47.431023,684.0,6.770275],"e1d620f0-d786-11ef-1a7e-43a2532b2fa8":[30.021854,728.03015,647.0,5.411516],"e1d1b952-d786-11ef-1a7e-43a2532b2fa8":[8.489664,498.0861,841.0,12.41217],"e1b43f6c-d786-11ef-1a7e-43a2532b2fa8":[374.34534,793.3256,510.0,14.712264],"e187ac04-d786-11ef-1a7e-43a2532b2fa8":[9.720223,579.4818,703.0,13.68087],"e1cca700-d786-11ef-1a7e-43a2532b2fa8":[1005.88983,756.9756,613.0,6.8636627],"e19676f8-d786-11ef-1a59-6be8ccc438a2":[870.03467,63.5278,660.0,10.09253],"e0dd1da4-d786-11ef-1a7e-43a2532b2fa8":[565.5412,259.00146,506.0,19.963066],"e207ea7c-d786-11ef-1a7e-43a2532b2fa8":[54.407036,578.03894,683.0,7.5693974],"e188cd3c-d786-11ef-1a59-6be8ccc438a2":[860.9378,708.03656,544.0,11.83454],"e1554c96-d786-11ef-1a7e-43a2532b2fa8":[609.3761,5.66438,483.0,7.225152],"e188cd1e-d786-11ef-1a7e-43a2532b2fa8":[589.8472,427.53677,567.0,16.273716],"e175e99e-d786-11ef-1a7e-43a2532b2fa8":[352.563,620.7139,513.0,14.317527],"e1d1375c-d786-11ef-1a7e-43a2532b2fa8":[578.3143,292.08698,548.0,13.255454],"e1a01a0a-d786-11ef-1a7e-43a2532b2fa8":[501.4033,651.9954,546.0,14.183506],"e20f1522-d786-11ef-1a7e-43a2532b2fa8":[6.2511625,360.97253,791.0,9.706685],"e18f4658-d786-11ef-1a7e-43a2532b2fa8":[680.76904,527.3553,474.0,14.969642],"e0ba552e-d786-11ef-1a7e-43a2532b2fa8":[720.3537,972.62244,661.0,21.85097],"e19d9ba4-d786-11ef-1a59-6be8ccc438a2":[703.49097,49.625767,561.0,12.309163],"e15f158c-d786-11ef-1a7e-43a2532b2fa8":[706.9325,826.4172,508.0,16.736568],"e0f14fde-d786-11ef-1a7e-43a2532b2fa8":[1015.77594,497.21045,465.0,11.617374],"e19f60d8-d786-11ef-1a7e-43a2532b2fa8":[119.00653,754.5585,559.0,15.917747],"e19461a6-d786-11ef-1a7e-43a2532b2fa8":[897.6156,575.62103,493.0,15.38904],"e1c58628-d786-11ef-1a7e-43a2532b2fa8":[498.99057,6.5131207,616.0,6.770275],"e14909a4-d786-11ef-1a7e-43a2532b2fa8":[36.097576,165.68689,596.0,17.038153],"e167f32a-d786-11ef-1a7e-43a2532b2fa8":[738.47437,594.8733,504.0,19.41337],"e19c5ff0-d786-11ef-1a7e-43a2532b2fa8":[489.22787,732.04175,697.0,11.055813],"e0ae6da4-d786-11ef-1a7e-43a2532b2fa8":[817.3748,259.43063,513.0,19.673964],"e1a9b0d6-d786-11ef-1a59-6be8ccc438a2":[470.029,399.9686,624.0,10.823032]}