{"a66d2b8a-d786-11ef-1a7e-43a2532b2fa8":[238.91039,945.4694,624.0,6.5795245],"a64b8e76-d786-11ef-1a59-6be8ccc438a2":[705.92615,997.103,600.0,8.136858],"a63a7a3a-d786-11ef-1a7e-43a2532b2fa8":[1008.91144,695.4909,614.0,7.735778],"a626523c-d786-11ef-1a7e-43a2532b2fa8":[806.55615,27.12539,632.0,10.645108],"a699c0a0-d786-11ef-1a7e-43a2532b2fa8":[431.9892,957.2396,666.0,3.9088202],"a64633e0-d786-11ef-1a7e-43a2532b2fa8":[448.94888,823.41516,532.0,11.780624],"a60e56e4-d786-11ef-1a7e-43a2532b2fa8":[9.990821,471.38956,782.0,14.755472],"a623e60a-d786-11ef-1a7e-43a2532b2fa8":[353.9456,546.48627,622.0,8.29186],"a6b26f10-d786-11ef-1a7e-43a2532b2fa8":[614.00696,918.5038,686.0,3.7424104],"a6b8cbb2-d786-11ef-1a7e-43a2532b2fa8":[13.568226,14.629084,718.0,4.7873073],"a6724afc-d786-11ef-1a7e-43a2532b2fa8":[502.49216,967.1314,626.0,7.8176403],"a665806a-d786-11ef-1a7e-43a2532b2fa8":[7.2986107,386.82416,806.0,11.055813],"a61cbbc0-d786-11ef-1a7e-43a2532b2fa8":[240.60275,651.9869,529.0,12.360774],"a682e0c4-d786-11ef-1a7e-43a2532b2fa8":[774.49506,67.66024,689.0,5.5279064],"a6265262-d786-11ef-1a59-6be8ccc438a2":[900.52795,1015.64655,643.0,7.898654],"a68b9228-d786-11ef-1a7e-43a2532b2fa8":[54.04222,509.5264,688.0,9.440698],"a667b6dc-d786-11ef-1a59-6be8ccc438a2":[340.49884,600.54565,608.0,5.5279064],"a6981c14-d786-11ef-1a7e-43a2532b2fa8":[911.97296,964.5332,702.0,6.9557962],"a69b5730-d786-11ef-1a7e-43a2532b2fa8":[592.45703,1000.98016,742.0,5.7536273],"a64b8dfe-d786-11ef-1a7e-43a2532b2fa8":[31.588026,690.02966,709.0,9.965575],"a68035fe-d786-11ef-1a7e-43a2532b2fa8":[7.8994527,270.01917,793.0,10.155413],"a6336daa-d786-11ef-1a7e-43a2532b2fa8":[872.03424,1008.0575,632.0,12.257336],"a5eab8ee-d786-11ef-1a7e-43a2532b2fa8":[490.2915,635.8965,495.0,19.899183],"a612a7fa-d786-11ef-1a7e-43a2532b2fa8":[684.6332,444.76355,472.0,15.430353],"a6576c14-d786-11ef-1a7e-43a2532b2fa8":[30.939938,237.99008,616.0,5.170883],"a64b0c12-d786-11ef-1a7e-43a2532b2fa8":[578.9705,236.93948,638.0,6.3830767],"a5de2458-d786-11ef-1a7e-43a2532b2fa8":[592.92346,331.32532,572.0,15.797308],"a6168ba4-d786-11ef-1a7e-43a2532b2fa8":[472.3967,319.10825,510.0,15.957691],"a61793f0-d786-11ef-1a59-6be8ccc438a2":[862.1753,627.8594,484.0,14.183506],"a5ad1f8e-d786-11ef-1a7e-43a2532b2fa8":[121.55095,668.8231,587.0,12.865502],"a538d3cc-d786-11ef-1a7e-43a2532b2fa8":[720.2572,795.73004,579.0,26.001734],"a587a222-d786-11ef-1a7e-43a2532b2fa8":[1015.92584,388.27463,469.0,10.998079],"a5d4564e-d786-11ef-1a7e-43a2532b2fa8":[709.5484,723.07904,510.0,15.756958],"a606c228-d786-11ef-1a7e-43a2532b2fa8":[522.9732,919.6239,611.0,9.507892],"a54cd3e0-d786-11ef-1a59-6be8ccc438a2":[448.55328,949.09875,629.0,15.138795],"a6326450-d786-11ef-1a7e-43a2532b2fa8":[376.05045,725.8338,620.0,8.214725],"a58cf88a-d786-11ef-1a7e-43a2532b2fa8":[43.805046,31.69741,534.0,19.082623],"a5ac0a4a-d786-11ef-1a7e-43a2532b2fa8":[568.4478,122.2235,514.0,19.478844],"a6047694-d786-11ef-1a7e-43a2532b2fa8":[901.2718,485.99173,487.0,15.997536],"a6074d56-d786-11ef-1a7e-43a2532b2fa8":[738.2838,504.95465,512.0,18.779972],"a5b8b248-d786-11ef-1a7e-43a2532b2fa8":[1015.88104,269.3837,499.0,10.341766],"a5aed8d8-d786-11ef-1a7e-43a2532b2fa8":[819.0113,150.37062,330.0,35.19747],"a6117f38-d786-11ef-1a7e-43a2532b2fa8":[503.97162,570.4744,547.0,14.272993]}