{"a9e9f2d4-d786-11ef-1a7e-43a2532b2fa8":[10.351246,479.51547,705.0,14.0934515],"aa776bf8-d786-11ef-1a7e-43a2532b2fa8":[899.39594,1017.50867,802.0,9.373021],"a9e970ac-d786-11ef-1a7e-43a2532b2fa8":[899.36774,7.7303233,509.0,11.4517975],"aa2070fc-d786-11ef-1a7e-43a2532b2fa8":[705.9568,1002.5044,623.0,8.136858],"aa4c3228-d786-11ef-1a7e-43a2532b2fa8":[238.37723,947.40405,627.0,6.0765076],"aa38dd22-d786-11ef-1a7e-43a2532b2fa8":[30.988134,691.88776,634.0,6.4820447],"a9749000-d786-11ef-1a7e-43a2532b2fa8":[1015.36176,395.02942,471.0,11.227231],"aa7a13f0-d786-11ef-1a7e-43a2532b2fa8":[593.0456,1004.38666,679.0,7.399277],"a96ee424-d786-11ef-1a7e-43a2532b2fa8":[42.40542,40.80393,575.0,17.480776],"aa72a034-d786-11ef-1a7e-43a2532b2fa8":[54.037724,514.4804,686.0,8.29186],"aa1e89b8-d786-11ef-1a7e-43a2532b2fa8":[806.99225,32.555016,635.0,9.373021],"a9c6810a-d786-11ef-1a59-6be8ccc438a2":[1017.0415,275.36478,493.0,10.881695],"aa0dde88-d786-11ef-1a7e-43a2532b2fa8":[523.02924,923.99506,621.0,8.444016],"aa222320-d786-11ef-1a7e-43a2532b2fa8":[449.0499,826.28864,536.0,11.562446],"aa5ee3be-d786-11ef-1a7e-43a2532b2fa8":[503.0571,970.53845,634.0,6.5795245],"aa3a12be-d786-11ef-1a7e-43a2532b2fa8":[579.0338,240.97333,634.0,7.1364965],"a9c680ea-d786-11ef-1a7e-43a2532b2fa8":[708.3428,730.0279,508.0,15.471556],"aa848628-d786-11ef-1a7e-43a2532b2fa8":[912.0211,969.91156,728.0,6.5795245],"aa3febce-d786-11ef-1a7e-43a2532b2fa8":[340.53214,603.02167,611.0,5.411516],"a9c7ab4a-d786-11ef-1a7e-43a2532b2fa8":[682.7555,449.07187,476.0,14.927053],"aa587e70-d786-11ef-1a7e-43a2532b2fa8":[7.8983936,395.86447,829.0,12.047792],"aa0e8644-d786-11ef-1a7e-43a2532b2fa8":[374.93524,731.54645,620.0,8.058239],"a998f9b0-d786-11ef-1a7e-43a2532b2fa8":[120.3602,674.2974,573.0,12.615663],"aa7baeae-d786-11ef-1a7e-43a2532b2fa8":[13.969945,17.549484,682.0,7.399277],"aaa23362-d786-11ef-1a7e-43a2532b2fa8":[613.9836,924.993,694.0,2.9854107],"a9df4b68-d786-11ef-1a7e-43a2532b2fa8":[899.9353,491.24377,488.0,16.155931],"a9ef5eea-d786-11ef-1a59-6be8ccc438a2":[504.00037,575.98376,599.0,9.166996],"aa04526c-d786-11ef-1a7e-43a2532b2fa8":[354.50034,551.5163,623.0,8.29186],"a9efe3a8-d786-11ef-1a59-6be8ccc438a2":[862.95435,634.0943,478.0,14.450304],"aa1d7064-d786-11ef-1a59-6be8ccc438a2":[1009.5711,699.4876,599.0,7.225152],"aa0a4066-d786-11ef-1a7e-43a2532b2fa8":[872.04553,1012.54443,638.0,12.463355],"a9eed858-d786-11ef-1a7e-43a2532b2fa8":[593.64136,338.40128,568.0,15.26443],"aa6bb030-d786-11ef-1a7e-43a2532b2fa8":[6.214688,275.30368,763.0,8.884867],"a92f690a-d786-11ef-1a7e-43a2532b2fa8":[720.4546,809.122,582.0,25.755733],"aa6ab086-d786-11ef-1a7e-43a2532b2fa8":[774.54016,72.726524,674.0,5.641896],"aa0ba322-d786-11ef-1a7e-43a2532b2fa8":[239.97388,657.63495,581.0,7.5693974],"a99366b2-d786-11ef-1a7e-43a2532b2fa8":[819.66345,157.8426,341.0,35.628918],"a93f483e-d786-11ef-1a7e-43a2532b2fa8":[444.90472,956.1385,640.0,15.180789],"a9798e54-d786-11ef-1a7e-43a2532b2fa8":[1018.8039,479.802,331.0,9.640876],"aa092d8e-d786-11ef-1a7e-43a2532b2fa8":[473.2253,325.2261,497.0,16.850294],"a96f84fe-d786-11ef-1a7e-43a2532b2fa8":[570.24896,129.40895,513.0,19.31474],"a9f995a2-d786-11ef-1a7e-43a2532b2fa8":[738.2265,510.9937,507.0,19.015783],"a9ef5ee0-d786-11ef-1a7e-43a2532b2fa8":[489.02148,642.5522,497.0,19.478844],"aa2fb53a-d786-11ef-1a7e-43a2532b2fa8":[31.468657,241.06107,609.0,5.2925673]}