{"ee064266-d785-11ef-1a59-6be8ccc438a2":[130.39194,434.55508,622.0,8.519076],"ee0a3376-d785-11ef-1a7e-43a2532b2fa8":[379.9936,510.1362,513.0,15.054456],"edf7b438-d785-11ef-1a7e-43a2532b2fa8":[484.01538,55.144413,514.0,16.925688],"ee656804-d785-11ef-1a7e-43a2532b2fa8":[52.078274,290.0078,687.0,8.29186],"edd32ebc-d785-11ef-1a59-6be8ccc438a2":[692.1993,172.71948,480.0,14.798554],"edf8c0fa-d785-11ef-1a7e-43a2532b2fa8":[867.4672,373.01343,492.0,13.819766],"ed0ce086-d785-11ef-19b6-2351fdb02228":[838.0779,662.4071,512.0,22.652054],"ee2f2f8c-d785-11ef-1a7e-43a2532b2fa8":[452.4574,663.49854,605.0,5.9708214],"ede97260-d785-11ef-1a7e-43a2532b2fa8":[717.94055,195.94243,392.0,5.046265],"edc29746-d785-11ef-1a59-6be8ccc438a2":[603.0414,24.210354,583.0,13.773623],"ee089d40-d785-11ef-1a7e-43a2532b2fa8":[361.49548,309.03094,625.0,8.214725],"ede68ade-d785-11ef-1a7e-43a2532b2fa8":[8.085172,27.856758,800.0,13.727325],"ee03b2bc-d785-11ef-1a7e-43a2532b2fa8":[249.82945,413.0826,580.0,8.368284],"ee120dd0-d785-11ef-1a7e-43a2532b2fa8":[522.4302,692.50494,623.0,8.740388],"ee3a5448-d785-11ef-1a7e-43a2532b2fa8":[33.493313,566.8326,639.0,5.641896],"ee3bd46c-d785-11ef-1a7e-43a2532b2fa8":[44.041218,105.99209,635.0,7.1364965],"ee1a2452-d785-11ef-1a59-6be8ccc438a2":[1016.1653,498.53058,595.0,7.8176403],"edd9207e-d785-11ef-1a7e-43a2532b2fa8":[131.88132,364.55783,575.0,10.217908],"ee5ac0d4-d785-11ef-1a7e-43a2532b2fa8":[239.02881,831.579,632.0,5.5279064],"edcb4968-d785-11ef-1a7e-43a2532b2fa8":[276.44904,10.245552,664.0,9.097283],"edd9b0e8-d785-11ef-1a7e-43a2532b2fa8":[503.83044,318.82513,465.0,27.823185],"edcc7860-d785-11ef-1a7e-43a2532b2fa8":[730.8326,224.61942,513.0,29.510944],"ee1b70da-d785-11ef-1a7e-43a2532b2fa8":[220.43224,972.93256,556.0,9.304853],"ede7ddee-d785-11ef-1a7e-43a2532b2fa8":[905.3229,196.50221,477.0,17.038153],"edf4eb06-d785-11ef-1a7e-43a2532b2fa8":[769.7791,844.38306,512.0,16.468151],"ed4c6d82-d785-11ef-1a7e-43a2532b2fa8":[1017.64197,30.058659,428.0,10.645108],"ee081726-d785-11ef-1a7e-43a2532b2fa8":[519.444,873.0569,728.0,10.52482],"ee48c956-d785-11ef-1a7e-43a2532b2fa8":[345.60577,476.51743,584.0,7.65304],"ee2eaf9e-d785-11ef-1a59-6be8ccc438a2":[586.98975,63.974804,551.0,14.0934515],"ee0ab81e-d785-11ef-1a7e-43a2532b2fa8":[194.49457,963.9616,599.0,7.898654],"ed5719ba-d785-11ef-1a7e-43a2532b2fa8":[453.41165,569.6107,590.0,16.155931],"edc81234-d785-11ef-1a7e-43a2532b2fa8":[11.71143,124.46871,506.0,11.562446],"ee2eaf30-d785-11ef-1a7e-43a2532b2fa8":[359.98886,36.49872,613.0,8.368284],"edc5e770-d785-11ef-1a59-6be8ccc438a2":[996.57434,979.63293,577.0,15.797308],"edc89196-d785-11ef-1a7e-43a2532b2fa8":[714.9001,388.88205,510.0,16.390654],"ee7f18f8-d785-11ef-1a7e-43a2532b2fa8":[4.970484,996.5698,692.0,6.3830767],"ed0ce07c-d785-11ef-1a7e-43a2532b2fa8":[552.5406,990.1893,608.0,22.652054],"edd3ab3a-d785-11ef-1a7e-43a2532b2fa8":[806.11554,747.90173,494.0,16.812471],"edbc5246-d785-11ef-1a7e-43a2532b2fa8":[578.47186,920.61597,511.0,12.7161875],"ee136acc-d785-11ef-1a7e-43a2532b2fa8":[108.59465,935.8227,570.0,8.812923],"ed413ba8-d785-11ef-1a7e-43a2532b2fa8":[403.452,915.06995,589.0,12.205287]}