{"6135b622-d786-11ef-1a7e-43a2532b2fa8":[53.6594,428.0334,688.0,8.214725],"611acfec-d786-11ef-1a7e-43a2532b2fa8":[7.833564,159.5027,771.0,10.823032],"60ee7968-d786-11ef-1a7e-43a2532b2fa8":[1011.5117,621.45874,622.0,7.1364965],"60a2cf74-d786-11ef-1a59-6be8ccc438a2":[829.3381,1014.4421,751.0,13.865755],"6115982e-d786-11ef-1a7e-43a2532b2fa8":[31.960989,643.3093,643.0,6.180387],"6063ee12-d786-11ef-1a7e-43a2532b2fa8":[1016.5829,251.98114,423.0,12.257336],"60eb5bd6-d786-11ef-1a7e-43a2532b2fa8":[104.49789,35.363773,592.0,7.1364965],"61124cf8-d786-11ef-1a7e-43a2532b2fa8":[192.52682,51.220398,600.0,6.4820447],"60f93256-d786-11ef-1a7e-43a2532b2fa8":[582.0539,172.62404,640.0,6.5795245],"5ff8dcc8-d786-11ef-1a7e-43a2532b2fa8":[831.5385,7.9335675,326.0,11.72646],"609fb87a-d786-11ef-1a7e-43a2532b2fa8":[9.763193,341.9535,771.0,12.91489],"610d76da-d786-11ef-1a7e-43a2532b2fa8":[217.47247,54.505886,583.0,5.86323],"6068bc62-d786-11ef-1a7e-43a2532b2fa8":[1019.9957,342.59802,383.0,6.9557962],"60c84c68-d786-11ef-1a7e-43a2532b2fa8":[687.6054,341.4918,542.0,13.351162],"60f18df8-d786-11ef-1a7e-43a2532b2fa8":[450.5033,763.3511,596.0,6.3830767],"611891f0-d786-11ef-1a7e-43a2532b2fa8":[239.5434,901.9421,626.0,6.0765076],"60e1fdac-d786-11ef-1a7e-43a2532b2fa8":[522.5065,833.97296,624.0,8.214725],"6088b6c0-d786-11ef-1a59-6be8ccc438a2":[1018.17896,158.71751,493.0,9.706685],"60f18e20-d786-11ef-1a59-6be8ccc438a2":[520.4564,27.745165,729.0,10.280024],"6061d7d0-d786-11ef-1a7e-43a2532b2fa8":[805.48456,936.7523,490.0,17.517155],"60c5673c-d786-11ef-1a59-6be8ccc438a2":[772.45636,1000.0213,566.0,9.836982],"6131e6e6-d786-11ef-1a7e-43a2532b2fa8":[834.9504,61.82808,754.0,7.225152],"60afdb6a-d786-11ef-1a7e-43a2532b2fa8":[864.39056,532.40686,487.0,14.272993],"61690144-d786-11ef-1a7e-43a2532b2fa8":[594.43396,954.01263,739.0,5.2925673],"60ac8eba-d786-11ef-1a7e-43a2532b2fa8":[596.4978,218.77324,570.0,17.000746],"60b334a4-d786-11ef-1a59-6be8ccc438a2":[739.30865,398.18152,515.0,18.712051],"61082d92-d786-11ef-1a7e-43a2532b2fa8":[35.972603,189.09766,604.0,6.8636627],"6150635a-d786-11ef-1a7e-43a2532b2fa8":[548.9848,120.04262,659.0,1.5957692],"60df4f64-d786-11ef-1a7e-43a2532b2fa8":[377.61847,646.62933,620.0,7.9788456],"60d09094-d786-11ef-1a7e-43a2532b2fa8":[126.020485,582.30756,621.0,8.519076],"60b3349a-d786-11ef-1a7e-43a2532b2fa8":[490.4601,520.445,688.0,11.941643],"60c5f514-d786-11ef-1a7e-43a2532b2fa8":[477.18167,220.50757,496.0,16.736568],"5fdcd0f8-d786-11ef-1a59-6be8ccc438a2":[719.7447,587.0163,586.0,24.695784],"60b77c1c-d786-11ef-1a7e-43a2532b2fa8":[902.5587,377.9223,490.0,15.180789],"60f2108e-d786-11ef-1a7e-43a2532b2fa8":[571.9655,980.59247,641.0,10.464158],"607977dc-d786-11ef-1a59-6be8ccc438a2":[810.00757,49.104515,514.0,13.68087],"60a948f2-d786-11ef-1a7e-43a2532b2fa8":[244.05861,562.4819,580.0,8.368284],"602d8e08-d786-11ef-1a7e-43a2532b2fa8":[450.52237,802.0562,511.0,19.706295],"61150a1c-d786-11ef-1a7e-43a2532b2fa8":[342.52484,554.496,611.0,5.2925673],"60cf8848-d786-11ef-1a7e-43a2532b2fa8":[356.35736,459.3542,509.0,15.012109],"60677884-d786-11ef-1a7e-43a2532b2fa8":[124.43427,554.0932,578.0,9.640876],"60c2c570-d786-11ef-1a7e-43a2532b2fa8":[506.90823,474.52307,488.0,15.054456],"60f79d06-d786-11ef-1a7e-43a2532b2fa8":[8.577479,253.46802,805.0,11.780624]}