{"ac95fe48-d785-11ef-1a7e-43a2532b2fa8":[10.337536,1021.3847,635.0,5.7536273],"aafc76fc-d785-11ef-3931-4175e38e818b":[839.82227,420.43503,533.0,20.744999],"ac6f1c92-d785-11ef-1a7e-43a2532b2fa8":[342.04825,40.13856,614.0,6.9557962],"ac49a1c2-d785-11ef-1a7e-43a2532b2fa8":[222.44456,912.93256,581.0,6.8636627],"aca0187e-d785-11ef-1a7e-43a2532b2fa8":[51.569668,210.98454,688.0,7.3127327],"ac554844-d785-11ef-1a7e-43a2532b2fa8":[238.96362,789.38477,638.0,5.411516],"ac99f2e6-d785-11ef-1a7e-43a2532b2fa8":[590.5492,1019.3976,682.0,6.2825494],"ac160a3a-d785-11ef-1a7e-43a2532b2fa8":[361.75888,976.0536,594.0,9.77205],"ac799988-d785-11ef-1a7e-43a2532b2fa8":[488.99454,982.74554,652.0,8.444016],"ac6bbc14-d785-11ef-1a59-6be8ccc438a2":[346.934,433.19824,564.0,10.217908],"ac6bbbce-d785-11ef-1a7e-43a2532b2fa8":[34.985786,524.4525,649.0,5.641896],"ac45d6a2-d785-11ef-1a7e-43a2532b2fa8":[880.4774,23.17922,593.0,9.901487],"ac40e25a-d785-11ef-2eac-81ac2e6b05df":[454.78357,606.3312,532.0,12.047792],"ac2c7c8e-d785-11ef-1a7e-43a2532b2fa8":[869.5527,282.01498,591.0,7.9788456],"ac3e8ac8-d785-11ef-1a7e-43a2532b2fa8":[110.998055,866.51404,584.0,8.058239],"ac23d714-d785-11ef-1a7e-43a2532b2fa8":[276.9387,942.672,582.0,13.957279],"ac34f8f0-d785-11ef-1a7e-43a2532b2fa8":[6.704087,5.3009553,608.0,8.956232],"abd4b378-d785-11ef-1a7e-43a2532b2fa8":[718.0173,271.5079,510.0,14.712264],"ac537ba4-d785-11ef-1a7e-43a2532b2fa8":[1018.1459,428.41293,625.0,6.770275],"ac4c2c00-d785-11ef-1a7e-43a2532b2fa8":[957.9859,21.544064,614.0,7.735778],"ac3a6c72-d785-11ef-1a7e-43a2532b2fa8":[381.9522,431.98056,618.0,8.59348],"ab7f88f8-d785-11ef-1a7e-43a2532b2fa8":[457.66995,441.52606,633.0,15.26443],"abf038f8-d785-11ef-1a59-6be8ccc438a2":[908.5523,92.61994,600.0,10.823032],"abf4e1ca-d785-11ef-1a7e-43a2532b2fa8":[505.80368,216.077,508.0,24.016193],"ac29d40c-d785-11ef-1a7e-43a2532b2fa8":[768.82916,755.81177,507.0,16.312788],"ac2dc116-d785-11ef-1a7e-43a2532b2fa8":[134.95813,349.42517,618.0,9.166996],"ac40e228-d785-11ef-1a7e-43a2532b2fa8":[366.61774,223.44058,624.0,8.667245],"ac1c5b74-d785-11ef-1a7e-43a2532b2fa8":[548.08026,887.9134,639.0,9.236181],"ac321f86-d785-11ef-1a7e-43a2532b2fa8":[255.08453,326.93713,583.0,8.136858],"ac3f1d3a-d785-11ef-1a7e-43a2532b2fa8":[195.47089,899.40857,593.0,8.058239],"abe124b4-d785-11ef-1a7e-43a2532b2fa8":[136.60818,257.5286,578.0,10.09253],"ac1f1832-d785-11ef-1a7e-43a2532b2fa8":[692.82513,76.100075,573.0,10.464158],"abce77e2-d785-11ef-1a7e-43a2532b2fa8":[799.0132,1001.577,586.0,13.493452],"abe433fc-d785-11ef-1a7e-43a2532b2fa8":[806.799,639.1278,469.0,18.333992],"ac52e7c0-d785-11ef-1a7e-43a2532b2fa8":[47.91999,59.584377,599.0,7.225152],"ab3b1092-d785-11ef-1a7e-43a2532b2fa8":[722.12335,22.767591,589.0,25.854414],"aafc76fc-d785-11ef-1a59-6be8ccc438a2":[563.7188,817.017,737.0,22.847937],"ac360100-d785-11ef-1a59-6be8ccc438a2":[523.5362,611.43884,626.0,8.368284],"abe991f8-d785-11ef-1a7e-43a2532b2fa8":[995.47894,870.40607,582.0,16.155931],"ac201af2-d785-11ef-1a7e-43a2532b2fa8":[520.0238,769.97144,725.0,10.998079],"ab95352c-d785-11ef-1a7e-43a2532b2fa8":[407.2541,768.98517,485.0,19.347672],"ac4f5f38-d785-11ef-1a7e-43a2532b2fa8":[590.4486,5.0498056,568.0,5.9708214],"ac2746c6-d785-11ef-1a7e-43a2532b2fa8":[743.98425,115.54779,683.0,11.055813]}