{"51f8a200-d786-11ef-1a59-6be8ccc438a2":[1018.82294,133.72276,488.0,9.304853],"514bcfb2-d786-11ef-1a7e-43a2532b2fa8":[1020.0497,310.88782,359.0,8.214725],"51c8d7b4-d786-11ef-1a7e-43a2532b2fa8":[1017.127,224.035,448.0,10.881695],"5236569a-d786-11ef-1a7e-43a2532b2fa8":[575.47656,50.061783,583.0,7.5693974],"52113ce8-d786-11ef-1a7e-43a2532b2fa8":[106.10119,18.478306,583.0,7.225152],"520dac9a-d786-11ef-1a59-6be8ccc438a2":[245.083,542.51746,579.0,8.058239],"52433afe-d786-11ef-1a7e-43a2532b2fa8":[9.560059,224.08426,848.0,13.819766],"52587504-d786-11ef-1a7e-43a2532b2fa8":[238.42361,892.4404,627.0,5.86323],"52a9cae6-d786-11ef-1a7e-43a2532b2fa8":[594.56665,944.7077,735.0,5.9708214],"524a3eee-d786-11ef-1a7e-43a2532b2fa8":[217.97954,39.776215,587.0,6.3830767],"528a63d4-d786-11ef-1a7e-43a2532b2fa8":[548.5399,97.41587,660.0,4.222008],"5228ee92-d786-11ef-1a7e-43a2532b2fa8":[830.50696,987.9876,639.0,9.901487],"52333756-d786-11ef-1a7e-43a2532b2fa8":[520.4858,9.929245,743.0,9.440698],"52481222-d786-11ef-1a7e-43a2532b2fa8":[36.0409,178.08965,606.0,6.675581],"525ca618-d786-11ef-1a7e-43a2532b2fa8":[7.8352838,134.46796,693.0,9.027034],"5258750e-d786-11ef-1a59-6be8ccc438a2":[341.77255,543.27057,567.0,9.440698],"523cd934-d786-11ef-1a7e-43a2532b2fa8":[1012.518,605.4922,588.0,7.65304],"51ed5918-d786-11ef-1a7e-43a2532b2fa8":[10.786588,313.50635,707.0,11.617374],"51d63e2c-d786-11ef-1a7e-43a2532b2fa8":[808.00903,22.59641,475.0,16.660318],"51252272-d786-11ef-2539-0599d90a4ae6":[835.73816,1016.585,137.0,16.273716],"52193626-d786-11ef-1a7e-43a2532b2fa8":[125.90945,562.95605,623.0,8.29186],"52193698-d786-11ef-1a59-6be8ccc438a2":[866.3025,511.4971,494.0,13.634257],"521bac46-d786-11ef-1a7e-43a2532b2fa8":[522.4613,815.48883,621.0,8.29186],"52469dac-d786-11ef-1a7e-43a2532b2fa8":[581.41223,156.30147,635.0,6.770275],"5226831e-d786-11ef-1a7e-43a2532b2fa8":[377.51685,628.06384,509.0,14.927053],"51f450f6-d786-11ef-1a7e-43a2532b2fa8":[595.25446,192.07303,561.0,15.917747],"520aca70-d786-11ef-1a7e-43a2532b2fa8":[739.96967,373.33682,515.0,18.472363],"5245a6a4-d786-11ef-1a7e-43a2532b2fa8":[192.03062,37.527527,597.0,7.65304],"5125b85e-d786-11ef-2eac-81ac2e6b05df":[835.437,11.319683,718.0,17.22396],"51d3ca7a-d786-11ef-1a7e-43a2532b2fa8":[492.42163,495.2794,504.0,19.706295],"52113d1a-d786-11ef-1a59-6be8ccc438a2":[688.02716,319.58664,594.0,8.29186],"51252268-d786-11ef-1a7e-43a2532b2fa8":[722.08795,535.05554,578.0,26.986904],"528f3b16-d786-11ef-1a7e-43a2532b2fa8":[572.46674,943.98816,665.0,5.046265],"51ee2230-d786-11ef-1a7e-43a2532b2fa8":[125.41814,527.85315,559.0,11.562446],"5130039a-d786-11ef-1a7e-43a2532b2fa8":[450.98434,770.6854,508.0,18.541162],"525d4e60-d786-11ef-1a7e-43a2532b2fa8":[32.001934,633.99097,639.0,5.7536273],"523ee972-d786-11ef-1a7e-43a2532b2fa8":[450.51065,750.56085,603.0,6.0765076],"520fcf98-d786-11ef-1a7e-43a2532b2fa8":[773.1984,979.5207,517.0,16.273716],"52202852-d786-11ef-1a7e-43a2532b2fa8":[358.06876,437.95624,623.0,8.59348],"51fc2632-d786-11ef-1a7e-43a2532b2fa8":[508.08545,452.52542,483.0,15.716503],"52095a5a-d786-11ef-3931-4175e38e818b":[903.09235,353.24356,492.0,15.635281],"52738dbc-d786-11ef-1a7e-43a2532b2fa8":[52.508385,409.47375,687.0,8.59348],"514da030-d786-11ef-1a7e-43a2532b2fa8":[713.5746,570.1068,511.0,16.660318],"51fe16e8-d786-11ef-1a7e-43a2532b2fa8":[477.52136,198.50069,642.0,8.956232],"51ecb8fc-d786-11ef-1a7e-43a2532b2fa8":[805.4926,912.5772,475.0,18.368683]}