{"b7050e36-d786-11ef-1a7e-43a2532b2fa8":[775.0165,87.98436,666.0,3.5682483],"b6c0016a-d786-11ef-1a7e-43a2532b2fa8":[30.598804,248.951,608.0,5.9708214],"b6c29a4c-d786-11ef-1a7e-43a2532b2fa8":[340.54,611.3966,611.0,4.918491],"b6bebb70-d786-11ef-1a7e-43a2532b2fa8":[31.113882,699.9884,619.0,7.898654],"b69e3b52-d786-11ef-1a7e-43a2532b2fa8":[1007.98816,712.01904,569.0,9.640876],"b66c1e74-d786-11ef-1a7e-43a2532b2fa8":[682.8284,465.38803,482.0,14.317527],"b63ce618-d786-11ef-1a7e-43a2532b2fa8":[10.85475,501.11136,718.0,12.153015],"b6404f10-d786-11ef-1a7e-43a2532b2fa8":[1017.75824,295.2303,513.0,10.403142],"b6aaa34c-d786-11ef-1a7e-43a2532b2fa8":[578.5156,251.46165,555.0,12.666025],"b6bcfb96-d786-11ef-1a7e-43a2532b2fa8":[8.0357,416.33603,810.0,11.283792],"b6d58f26-d786-11ef-1a7e-43a2532b2fa8":[911.0235,984.0415,697.0,8.368284],"b715784a-d786-11ef-1a7e-43a2532b2fa8":[612.9747,945.57733,700.0,2.9854107],"b6c42722-d786-11ef-1a7e-43a2532b2fa8":[501.9789,982.535,627.0,7.225152],"b67be05c-d786-11ef-1a7e-43a2532b2fa8":[503.4946,593.13324,542.0,14.0934515],"b650c5e0-d786-11ef-1a59-6be8ccc438a2":[899.37524,19.534403,514.0,11.672045],"b681283c-d786-11ef-1a7e-43a2532b2fa8":[521.8246,937.9914,608.0,9.901487],"b6ef2dfa-d786-11ef-1a7e-43a2532b2fa8":[54.679325,528.48413,686.0,7.898654],"b700edb0-d786-11ef-1a7e-43a2532b2fa8":[593.0324,1011.33655,687.0,7.65304],"b66d94c2-d786-11ef-1a7e-43a2532b2fa8":[239.54852,671.43555,531.0,11.780624],"b6d4e724-d786-11ef-1a7e-43a2532b2fa8":[430.5777,982.6558,701.0,6.9557962],"b6800f56-d786-11ef-1a7e-43a2532b2fa8":[705.53406,1016.3261,647.0,10.403142],"b62cd5be-d786-11ef-1a7e-43a2532b2fa8":[708.94147,750.4782,508.0,15.756958],"b647a51c-d786-11ef-1a7e-43a2532b2fa8":[872.911,9.400499,510.0,14.450304],"b6ac9dac-d786-11ef-1a7e-43a2532b2fa8":[448.99377,837.008,537.0,12.047792],"b654e434-d786-11ef-1a7e-43a2532b2fa8":[739.6896,528.4132,518.0,18.81384],"b5bd28ce-d786-11ef-1a7e-43a2532b2fa8":[1019.41705,499.00775,363.0,7.9788456],"b5cf4c7a-d786-11ef-1a7e-43a2532b2fa8":[41.36616,67.70399,582.0,16.925688],"b6833788-d786-11ef-1a7e-43a2532b2fa8":[374.20303,745.7192,507.0,15.054456],"b6f56ba2-d786-11ef-1a7e-43a2532b2fa8":[13.549193,24.054829,680.0,7.0467257],"b7456f26-d786-11ef-1a7e-43a2532b2fa8":[871.52594,1019.9809,872.0,7.735778],"b6cbb280-d786-11ef-1a7e-43a2532b2fa8":[240.08034,955.4978,628.0,5.641896],"b5ae5e3e-d786-11ef-1a7e-43a2532b2fa8":[566.86804,158.05124,513.0,20.435816],"b5d58b08-d786-11ef-1a7e-43a2532b2fa8":[448.40228,979.77893,580.0,17.94797],"b6e32c76-d786-11ef-1a7e-43a2532b2fa8":[6.7782016,294.53482,774.0,9.440698],"b68eeb52-d786-11ef-1a7e-43a2532b2fa8":[472.02213,340.5215,608.0,11.227231],"b5ad3554-d786-11ef-1a7e-43a2532b2fa8":[1015.3715,416.90796,466.0,11.227231],"b6556616-d786-11ef-1a7e-43a2532b2fa8":[863.0724,649.449,486.0,13.819766],"b6971048-d786-11ef-1a7e-43a2532b2fa8":[354.0926,565.4528,582.0,12.51433],"b62e4b8a-d786-11ef-1a59-6be8ccc438a2":[488.3999,661.2918,608.0,18.159544],"b6967dc2-d786-11ef-1a7e-43a2532b2fa8":[430.97754,988.3153,484.0,4.513517],"b57a0f1c-d786-11ef-2539-0599d90a4ae6":[819.7215,179.47885,393.0,29.424528],"b58a35ae-d786-11ef-1a7e-43a2532b2fa8":[722.0529,843.83136,572.0,26.001734],"b6c8ebcc-d786-11ef-1a7e-43a2532b2fa8":[806.48883,50.18839,648.0,8.29186],"b66244f8-d786-11ef-1a7e-43a2532b2fa8":[899.31885,508.327,549.0,13.493452],"b644e70a-d786-11ef-1a7e-43a2532b2fa8":[592.51465,357.37656,572.0,16.42945],"b6456d6a-d786-11ef-1a7e-43a2532b2fa8":[120.98949,691.4547,585.0,11.888212]}