{"f57dda9a-d785-11ef-1a7e-43a2532b2fa8":[601.8714,37.202774,578.0,16.195288],"f51908d6-d785-11ef-1a7e-43a2532b2fa8":[1017.60706,44.269257,428.0,10.341766],"f54584e4-d785-11ef-1a59-6be8ccc438a2":[996.0347,993.6488,506.0,13.634257],"f5bf3062-d785-11ef-1a7e-43a2532b2fa8":[1016.32306,506.3856,601.0,6.9557962],"f59890c4-d785-11ef-1a59-6be8ccc438a2":[523.0462,701.3715,585.0,12.51433],"f592be92-d785-11ef-1a7e-43a2532b2fa8":[277.01257,18.943285,643.0,9.440698],"f5e83a52-d785-11ef-1a7e-43a2532b2fa8":[238.4164,836.042,631.0,5.641896],"f56253b0-d785-11ef-1a7e-43a2532b2fa8":[10.927346,138.92998,717.0,13.727325],"f57d55e8-d785-11ef-1a59-6be8ccc438a2":[907.41473,209.22414,493.0,15.997536],"f54c8a3a-d785-11ef-1a7e-43a2532b2fa8":[714.9691,403.5835,514.0,16.506763],"f59def10-d785-11ef-1a7e-43a2532b2fa8":[7.878873,42.09319,680.0,10.217908],"f59e8e7a-d785-11ef-1a59-6be8ccc438a2":[867.58795,384.05734,488.0,14.361922],"f568a0b2-d785-11ef-1a7e-43a2532b2fa8":[132.00903,377.64703,567.0,10.52482],"f5ae3230-d785-11ef-1a7e-43a2532b2fa8":[220.53793,979.98914,517.0,10.823032],"f4ac5fa8-d785-11ef-0779-6fb39d34804e":[838.1841,691.5398,515.0,22.511093],"f5fbef2a-d785-11ef-1a7e-43a2532b2fa8":[4.891466,1009.74774,698.0,6.3830767],"f5763358-d785-11ef-1a7e-43a2532b2fa8":[484.16748,66.637,631.0,10.704744],"f58e95f6-d785-11ef-1a7e-43a2532b2fa8":[769.7848,855.01105,501.0,16.42945],"f51e6f10-d785-11ef-1a7e-43a2532b2fa8":[403.00085,932.1137,588.0,12.666025],"f5933a20-d785-11ef-1a59-6be8ccc438a2":[249.9859,422.55197,533.0,11.994835],"f58c6308-d785-11ef-1a7e-43a2532b2fa8":[690.99005,182.35014,591.0,8.884867],"f5cde350-d785-11ef-1a7e-43a2532b2fa8":[587.6346,69.58169,636.0,7.225152],"f4ac5fa8-d785-11ef-1a59-6be8ccc438a2":[550.8742,1000.19653,514.0,27.291851],"f613741c-d785-11ef-1a7e-43a2532b2fa8":[52.644245,298.99194,693.0,8.214725],"f5df7b9c-d785-11ef-1a7e-43a2532b2fa8":[33.996128,572.3608,648.0,5.5279064],"f5171fc6-d785-11ef-1a7e-43a2532b2fa8":[453.3347,587.58124,514.0,19.082623],"f5aead6e-d785-11ef-1a7e-43a2532b2fa8":[107.98976,944.4394,572.0,9.236181],"f54a7e0e-d785-11ef-1a7e-43a2532b2fa8":[804.8826,761.66614,465.0,19.049232],"f5800f70-d785-11ef-1a7e-43a2532b2fa8":[380.01602,517.95654,622.0,8.136858],"f507e358-d785-11ef-1a7e-43a2532b2fa8":[1020.04565,138.89178,348.0,6.2825494],"f5df7bc4-d785-11ef-1a59-6be8ccc438a2":[345.00537,482.04144,672.0,9.901487],"f597588a-d785-11ef-1a7e-43a2532b2fa8":[193.92894,971.445,510.0,13.39876],"f5cffe24-d785-11ef-1a7e-43a2532b2fa8":[451.89035,670.59503,536.0,11.396071],"f5a9cd58-d785-11ef-1a7e-43a2532b2fa8":[129.87323,444.42294,622.0,8.519076],"f5a58d42-d785-11ef-1a7e-43a2532b2fa8":[360.9142,319.05887,623.0,8.59348],"f560bb04-d785-11ef-1a7e-43a2532b2fa8":[502.64865,331.95633,478.0,26.438768],"f55197fa-d785-11ef-1a7e-43a2532b2fa8":[577.35876,932.0856,561.0,10.5851345],"f56cd8d8-d785-11ef-1a59-6be8ccc438a2":[520.0098,884.43726,723.0,10.881695],"f5c8e314-d785-11ef-1a7e-43a2532b2fa8":[42.984722,111.46597,611.0,6.2825494],"f4ac5fa8-d785-11ef-3931-4175e38e818b":[729.97577,241.93936,572.0,28.922628],"f5e40f90-d785-11ef-1a7e-43a2532b2fa8":[358.98242,45.20363,612.0,7.225152]}