{"866baf46-d786-11ef-1a7e-43a2532b2fa8":[341.53537,580.5278,611.0,4.7873073],"8641e3c8-d786-11ef-1a7e-43a2532b2fa8":[1009.9446,662.95996,602.0,7.225152],"85fef45a-d786-11ef-1a7e-43a2532b2fa8":[10.844074,414.50912,715.0,11.72646],"86a8140e-d786-11ef-1a7e-43a2532b2fa8":[434.00406,907.0163,649.0,3.3851376],"8650c55a-d786-11ef-1a7e-43a2532b2fa8":[449.55893,797.04016,602.0,5.7536273],"85a1278a-d786-11ef-1a7e-43a2532b2fa8":[1019.9679,413.9077,394.0,6.675581],"8666f2f8-d786-11ef-1a7e-43a2532b2fa8":[31.033937,670.1225,632.0,7.0467257],"8614549e-d786-11ef-1a59-6be8ccc438a2":[505.5982,527.76135,549.0,13.587484],"8671af36-d786-11ef-1a7e-43a2532b2fa8":[8.446129,220.98299,772.0,10.280024],"85f34b64-d786-11ef-1a7e-43a2532b2fa8":[1017.63885,221.02405,502.0,9.77205],"868a5036-d786-11ef-1a7e-43a2532b2fa8":[44.6283,983.9455,767.0,6.8636627],"86b8f094-d786-11ef-1a7e-43a2532b2fa8":[14.928857,1020.9581,690.0,5.5279064],"866eabb0-d786-11ef-1a7e-43a2532b2fa8":[239.49689,925.97473,621.0,6.770275],"868d1e60-d786-11ef-1a7e-43a2532b2fa8":[53.437103,473.53198,687.0,7.65304],"86f55d7c-d786-11ef-1a7e-43a2532b2fa8":[520.96045,87.974396,753.0,3.3851376],"85db872c-d786-11ef-1a7e-43a2532b2fa8":[809.574,111.82423,440.0,17.769733],"865b8d44-d786-11ef-1a7e-43a2532b2fa8":[32.891754,216.54686,611.0,5.7536273],"8624c6b2-d786-11ef-1a59-6be8ccc438a2":[242.0855,611.82306,531.0,11.562446],"862e3bac-d786-11ef-1a7e-43a2532b2fa8":[376.68015,690.30756,512.0,14.361922],"86415f4a-d786-11ef-1a7e-43a2532b2fa8":[773.9808,27.009571,638.0,7.898654],"85d95664-d786-11ef-1a59-6be8ccc438a2":[805.2598,999.85425,491.0,14.183506],"860f0692-d786-11ef-1a7e-43a2532b2fa8":[900.8842,437.29468,472.0,16.925688],"860b7e32-d786-11ef-1a7e-43a2532b2fa8":[488.7936,584.61676,498.0,19.706295],"86c44070-d786-11ef-1a7e-43a2532b2fa8":[593.5217,981.04736,737.0,5.046265],"865df0ea-d786-11ef-1a7e-43a2532b2fa8":[579.94525,208.6208,565.0,11.941643],"868ee97a-d786-11ef-1a7e-43a2532b2fa8":[872.9368,964.5169,683.0,7.8176403],"86790704-d786-11ef-1a7e-43a2532b2fa8":[707.5232,956.35156,621.0,6.2825494],"866655f2-d786-11ef-1a7e-43a2532b2fa8":[901.4926,971.8998,641.0,8.368284],"8592e4a6-d786-11ef-1a7e-43a2532b2fa8":[571.1229,48.286663,581.0,15.38904],"85b9e1a8-d786-11ef-1a7e-43a2532b2fa8":[449.06378,882.00586,577.0,17.075476],"85fef482-d786-11ef-1a59-6be8ccc438a2":[684.38367,397.36447,592.0,8.136858],"86117864-d786-11ef-1a7e-43a2532b2fa8":[739.48987,456.74973,516.0,18.678],"85e4111c-d786-11ef-1a7e-43a2532b2fa8":[827.9267,75.36084,577.0,14.668929],"852d3258-d786-11ef-1a7e-43a2532b2fa8":[720.9678,701.2995,582.0,25.681473],"85d8ba74-d786-11ef-1a7e-43a2532b2fa8":[710.5028,666.30865,511.0,15.553634],"86130e22-d786-11ef-1a7e-43a2532b2fa8":[595.1807,281.46222,567.0,16.622063],"862896fc-d786-11ef-1a7e-43a2532b2fa8":[356.1261,507.58148,622.0,8.519076],"8662548c-d786-11ef-1a7e-43a2532b2fa8":[7.980012,327.91217,799.0,10.998079],"85c2ae0a-d786-11ef-1a59-6be8ccc438a2":[1016.5448,327.184,462.0,10.881695],"862c9a66-d786-11ef-1a59-6be8ccc438a2":[474.53018,274.16904,504.0,16.234549],"862c9a4a-d786-11ef-1a7e-43a2532b2fa8":[122.92257,622.7852,559.0,15.917747],"862d28de-d786-11ef-1a7e-43a2532b2fa8":[522.9918,881.50287,617.0,8.956232],"8630780e-d786-11ef-1a7e-43a2532b2fa8":[864.0867,585.9913,542.0,11.941643]}