{"e900c402-d786-11ef-1a7e-43a2532b2fa8":[608.24713,13.453159,514.0,14.138551],"e8b5bc78-d786-11ef-1a59-6be8ccc438a2":[720.3616,996.57495,586.0,25.606998],"e94480c0-d786-11ef-1a7e-43a2532b2fa8":[36.856415,183.68265,587.0,17.075476],"e9f3e182-d786-11ef-1a7e-43a2532b2fa8":[27.529009,285.05414,597.0,6.3830767],"e9afbd34-d786-11ef-1a7e-43a2532b2fa8":[524.83856,999.7154,512.0,13.0619335],"e9ae462c-d786-11ef-1a7e-43a2532b2fa8":[908.78577,20.16153,578.0,12.205287],"e9aaf18e-d786-11ef-1a7e-43a2532b2fa8":[9.404044,593.3695,783.0,13.54055],"ea37336a-d786-11ef-1a59-6be8ccc438a2":[11.01452,52.57025,686.0,5.86323],"e9a821be-d786-11ef-1a7e-43a2532b2fa8":[373.70486,802.1841,510.0,14.712264],"e9aaf1dc-d786-11ef-2eac-81ac2e6b05df":[702.91364,60.013393,571.0,11.340071],"e927cc64-d786-11ef-1a59-6be8ccc438a2":[1018.7607,593.3821,363.0,9.440698],"ea03feaa-d786-11ef-1a7e-43a2532b2fa8":[240.0472,985.90546,601.0,6.770275],"e9b52eec-d786-11ef-1a7e-43a2532b2fa8":[861.45044,718.4985,489.0,13.587484],"ea6a1994-d786-11ef-1a7e-43a2532b2fa8":[448.04993,59.538143,708.0,3.5682483],"ea373356-d786-11ef-1a7e-43a2532b2fa8":[5.7016635,372.8661,767.0,7.484821],"e9f635ea-d786-11ef-1a7e-43a2532b2fa8":[29.988783,732.9891,640.0,6.0765076],"e91bc16c-d786-11ef-1a7e-43a2532b2fa8":[116.735214,764.8971,547.0,17.22396],"e9cc2610-d786-11ef-1a7e-43a2532b2fa8":[499.18503,11.627803,550.0,11.83454],"e97d0364-d786-11ef-1a59-6be8ccc438a2":[898.8881,587.09515,549.0,13.207339],"e9909c30-d786-11ef-1a7e-43a2532b2fa8":[681.5613,538.3938,539.0,13.351162],"e9e42ddc-d786-11ef-1a7e-43a2532b2fa8":[448.00424,880.5324,596.0,6.0765076],"e9b7e6dc-d786-11ef-1a7e-43a2532b2fa8":[237.53926,735.8887,579.0,7.898654],"ea2f4524-d786-11ef-1a7e-43a2532b2fa8":[54.916027,587.50714,684.0,7.735778],"e9ad9ad0-d786-11ef-2eac-81ac2e6b05df":[868.74786,75.380775,521.0,17.112717],"e96752bc-d786-11ef-1a7e-43a2532b2fa8":[707.46967,840.4793,508.0,16.390654],"e8b9d808-d786-11ef-1a7e-43a2532b2fa8":[815.1335,275.7062,365.0,31.513916],"e964fc2e-d786-11ef-1a7e-43a2532b2fa8":[425.82327,40.082554,550.0,15.512649],"e99745e4-d786-11ef-1a7e-43a2532b2fa8":[470.08792,410.33994,507.0,16.037281],"e9a3f9b0-d786-11ef-1a59-6be8ccc438a2":[488.05203,744.96246,695.0,11.170383],"ea217142-d786-11ef-1a7e-43a2532b2fa8":[8.036012,511.0993,826.0,11.340071],"e9ddbeb6-d786-11ef-1a7e-43a2532b2fa8":[1006.0038,764.4362,608.0,6.675581],"e997eeea-d786-11ef-1a7e-43a2532b2fa8":[738.5805,605.93475,507.0,18.746042],"e8b8deee-d786-11ef-1a7e-43a2532b2fa8":[568.40955,286.68732,508.0,27.221783],"ea08b0da-d786-11ef-1a7e-43a2532b2fa8":[591.97595,21.986656,732.0,5.170883],"e998f588-d786-11ef-1a7e-43a2532b2fa8":[1017.13275,373.58533,561.0,8.812923],"e9a1f57a-d786-11ef-1a59-6be8ccc438a2":[501.97858,662.9651,549.0,13.493452],"e973dad2-d786-11ef-1a7e-43a2532b2fa8":[590.4747,440.07086,474.0,18.678],"e98f1b1c-d786-11ef-1a7e-43a2532b2fa8":[347.94473,634.474,489.0,21.557653],"e9b42fce-d786-11ef-1a7e-43a2532b2fa8":[896.82135,96.05365,509.0,15.347616],"e8e7d89a-d786-11ef-1a7e-43a2532b2fa8":[527.5766,13.520378,510.0,13.957279],"e9584f60-d786-11ef-1a7e-43a2532b2fa8":[1015.33386,513.12885,462.0,11.888212]}