{"f1ce3ed4-d786-11ef-1a59-6be8ccc438a2":[702.93945,70.07405,597.0,9.236181],"f1ae5010-d786-11ef-1a7e-43a2532b2fa8":[502.06662,672.86365,544.0,14.272993],"f196a974-d786-11ef-1a7e-43a2532b2fa8":[591.9938,451.84866,480.0,17.912464],"f126138a-d786-11ef-1a7e-43a2532b2fa8":[1015.9294,526.1429,460.0,12.41217],"f13e17d2-d786-11ef-1a7e-43a2532b2fa8":[604.0151,22.827091,613.0,17.18696],"f1b0b288-d786-11ef-1a7e-43a2532b2fa8":[680.93353,549.99194,537.0,13.44619],"f0b45b1e-d786-11ef-1a59-6be8ccc438a2":[720.35657,1012.5504,377.0,19.215605],"f13ccc44-d786-11ef-1a7e-43a2532b2fa8":[526.332,23.926094,559.0,12.865502],"f12e4508-d786-11ef-1a7e-43a2532b2fa8":[34.500973,199.75224,600.0,16.736568],"f1e90e4e-d786-11ef-1a7e-43a2532b2fa8":[447.98856,886.94543,597.0,6.3830767],"f266f0e8-d786-11ef-1a7e-43a2532b2fa8":[447.4155,76.450966,716.0,5.86323],"f187756c-d786-11ef-1a59-6be8ccc438a2":[706.9172,854.5173,511.0,15.635281],"f176a554-d786-11ef-1a59-6be8ccc438a2":[1016.6274,384.91553,499.0,11.396071],"f240a636-d786-11ef-1a7e-43a2532b2fa8":[55.604786,595.9764,687.0,7.5693974],"f25617a0-d786-11ef-1a7e-43a2532b2fa8":[720.9548,6.9297676,854.0,10.998079],"f19506e6-d786-11ef-1a7e-43a2532b2fa8":[10.119366,607.9362,786.0,13.255454],"f1b86b70-d786-11ef-1a7e-43a2532b2fa8":[523.2926,1008.33734,574.0,11.4517975],"f1fb2fd4-d786-11ef-1a7e-43a2532b2fa8":[30.088303,738.0195,608.0,7.399277],"f1bd9638-d786-11ef-1a7e-43a2532b2fa8":[911.29144,31.59896,644.0,13.303394],"f195a9f2-d786-11ef-1a59-6be8ccc438a2":[896.92456,106.974686,496.0,16.390654],"f1dc54b8-d786-11ef-1a7e-43a2532b2fa8":[1005.48016,772.99023,595.0,7.484821],"f21d7d7a-d786-11ef-1a7e-43a2532b2fa8":[8.06387,527.66797,827.0,11.227231],"f1c6d6da-d786-11ef-1a7e-43a2532b2fa8":[236.40724,745.88916,568.0,8.884867],"f1c8a00a-d786-11ef-1a7e-43a2532b2fa8":[374.38605,811.34686,512.0,14.183506],"f13adfba-d786-11ef-1a7e-43a2532b2fa8":[1019.4218,607.973,369.0,8.59348],"f23d23ee-d786-11ef-1a7e-43a2532b2fa8":[6.2341976,385.4907,776.0,8.519076],"f20d5e7a-d786-11ef-1a7e-43a2532b2fa8":[240.04428,990.4293,602.0,5.86323],"f2052430-d786-11ef-1a7e-43a2532b2fa8":[27.472544,291.0624,615.0,4.918491],"f18f83d8-d786-11ef-1a7e-43a2532b2fa8":[426.00345,53.753185,553.0,15.054456],"f175e91e-d786-11ef-1a59-6be8ccc438a2":[738.5481,618.1694,520.0,17.94797],"f1b5bee0-d786-11ef-1a59-6be8ccc438a2":[469.50583,421.58047,637.0,9.097283],"f1da92b0-d786-11ef-1a7e-43a2532b2fa8":[496.87558,18.91404,554.0,10.09253],"f1b52782-d786-11ef-1a7e-43a2532b2fa8":[869.573,84.48265,527.0,17.18696],"f0cdf7cc-d786-11ef-1a7e-43a2532b2fa8":[816.4759,287.91602,511.0,19.899183],"f18dd772-d786-11ef-1a7e-43a2532b2fa8":[487.96472,757.9934,683.0,12.257336],"f23b6e50-d786-11ef-1a59-6be8ccc438a2":[1021.0326,1017.0237,654.0,5.9708214],"f1b9ad3e-d786-11ef-1a7e-43a2532b2fa8":[116.71538,776.0529,512.0,19.347672],"f1f16b16-d786-11ef-1a7e-43a2532b2fa8":[347.37302,642.89813,522.0,19.5441],"f0de1332-d786-11ef-1a7e-43a2532b2fa8":[567.90295,297.75528,508.0,24.38448],"f1a2380c-d786-11ef-1a59-6be8ccc438a2":[899.0472,598.34216,494.0,15.26443],"f1b64518-d786-11ef-1a59-6be8ccc438a2":[862.10834,728.9521,542.0,11.888212],"f22b20cc-d786-11ef-1a7e-43a2532b2fa8":[10.483735,57.543213,667.0,6.2825494]}