{"82aed888-d786-11ef-1a7e-43a2532b2fa8":[239.4888,924.03906,624.0,6.2825494],"8273e33e-d786-11ef-1a59-6be8ccc438a2":[376.60272,685.95996,619.0,8.058239],"82a84324-d786-11ef-1a7e-43a2532b2fa8":[31.530754,666.99225,638.0,6.3830767],"82f439e4-d786-11ef-1a7e-43a2532b2fa8":[15.476243,1019.0568,691.0,6.180387],"817d007a-d786-11ef-1a7e-43a2532b2fa8":[718.616,677.8196,582.0,25.155518],"81ee726e-d786-11ef-1a7e-43a2532b2fa8":[448.81555,875.83417,661.0,12.666025],"8263a48a-d786-11ef-2eac-81ac2e6b05df":[505.58813,522.92004,604.0,8.59348],"825e1b64-d786-11ef-1a7e-43a2532b2fa8":[685.3854,391.8201,545.0,13.54055],"829f9828-d786-11ef-1a7e-43a2532b2fa8":[33.99042,214.15756,606.0,5.9708214],"82bb62ba-d786-11ef-1a7e-43a2532b2fa8":[6.677007,214.4103,757.0,9.304853],"82ffc11c-d786-11ef-1a7e-43a2532b2fa8":[593.48737,978.0858,731.0,6.0765076],"82631088-d786-11ef-1a7e-43a2532b2fa8":[863.4109,581.74854,487.0,14.0934515],"82d4c8cc-d786-11ef-1a7e-43a2532b2fa8":[873.9892,959.88416,714.0,6.180387],"81cd6fce-d786-11ef-1a7e-43a2532b2fa8":[1016.4918,320.37112,454.0,11.672045],"82a5fc1a-d786-11ef-1a7e-43a2532b2fa8":[7.996433,321.04297,793.0,10.940042],"82769018-d786-11ef-1a7e-43a2532b2fa8":[773.5354,21.502789,677.0,10.029253],"82bd2050-d786-11ef-1a7e-43a2532b2fa8":[707.4557,950.76105,630.0,5.5279064],"825b3638-d786-11ef-1a7e-43a2532b2fa8":[123.477646,617.85596,548.0,17.075476],"82b31146-d786-11ef-1a7e-43a2532b2fa8":[341.0478,578.0413,612.0,4.918491],"829b38a0-d786-11ef-1a7e-43a2532b2fa8":[579.3758,204.5399,637.0,6.675581],"8267321c-d786-11ef-1a7e-43a2532b2fa8":[241.36154,606.84357,534.0,12.205287],"82d90a22-d786-11ef-1a7e-43a2532b2fa8":[53.48424,469.47812,688.0,7.5693974],"81f7c560-d786-11ef-1a7e-43a2532b2fa8":[571.80566,38.227367,525.0,20.058506],"82081584-d786-11ef-1a7e-43a2532b2fa8":[1017.00256,214.49306,493.0,9.836982],"823a3cc6-d786-11ef-1a7e-43a2532b2fa8":[593.93427,276.17844,562.0,15.59451],"824cc4f6-d786-11ef-1a59-6be8ccc438a2":[739.42365,451.55292,516.0,18.506794],"828f87da-d786-11ef-1a7e-43a2532b2fa8":[1010.02734,658.4353,602.0,7.0467257],"8263a46c-d786-11ef-1a7e-43a2532b2fa8":[473.7653,268.62607,499.0,16.234549],"8272190c-d786-11ef-1a7e-43a2532b2fa8":[356.01083,501.34818,622.0,8.519076],"82700fae-d786-11ef-1a59-6be8ccc438a2":[523.0908,876.3502,514.0,14.450304],"82526d9e-d786-11ef-1a7e-43a2532b2fa8":[900.8059,431.99118,486.0,15.756958],"8226faee-d786-11ef-1a7e-43a2532b2fa8":[805.9898,994.49493,481.0,15.430353],"82e63fb2-d786-11ef-1a7e-43a2532b2fa8":[142.97917,497.98065,646.0,3.7424104],"829c3d18-d786-11ef-1a7e-43a2532b2fa8":[449.5639,793.4772,601.0,5.9708214],"82bfaa8c-d786-11ef-1a7e-43a2532b2fa8":[901.50806,967.44055,678.0,7.3127327],"824ed316-d786-11ef-1a7e-43a2532b2fa8":[10.194868,407.5667,706.0,11.617374],"81e38dfe-d786-11ef-1a7e-43a2532b2fa8":[828.47095,68.1382,568.0,15.512649],"823b5764-d786-11ef-1a7e-43a2532b2fa8":[489.61322,577.5366,686.0,12.257336],"822e5794-d786-11ef-1a7e-43a2532b2fa8":[809.0018,105.34395,565.0,10.764051]}