{"fe1488a6-d786-11ef-1a59-6be8ccc438a2":[497.061,30.928007,546.0,10.704744],"fdd0a1a4-d786-11ef-1a7e-43a2532b2fa8":[1017.1341,403.55997,584.0,9.706685],"fdd1fdf6-d786-11ef-1a7e-43a2532b2fa8":[896.8854,123.55909,510.0,15.553634],"fe051b66-d786-11ef-1a7e-43a2532b2fa8":[908.3025,45.42946,657.0,11.507255],"fe2e06a0-d786-11ef-1a7e-43a2532b2fa8":[1004.9739,785.52783,604.0,7.484821],"fe7ffeba-d786-11ef-1a7e-43a2532b2fa8":[523.9122,5.042275,761.0,6.8636627],"fd0f3ab4-d786-11ef-1a7e-43a2532b2fa8":[122.0516,793.9767,10.0,4.068429],"fe76b01a-d786-11ef-1a7e-43a2532b2fa8":[6.267177,404.18912,792.0,8.59348],"fd5fb14c-d786-11ef-1a7e-43a2532b2fa8":[1015.89984,548.9896,472.0,11.83454],"fe612ddc-d786-11ef-1a7e-43a2532b2fa8":[7.437677,549.6332,818.0,11.113246],"fe3b4022-d786-11ef-1a7e-43a2532b2fa8":[30.035378,745.471,600.0,7.735778],"fe80f9d2-d786-11ef-1a7e-43a2532b2fa8":[25.015656,988.1301,639.0,3.5682483],"fe04797a-d786-11ef-1a7e-43a2532b2fa8":[120.05399,780.58856,623.0,8.59348],"fe3abc4c-d786-11ef-1a7e-43a2532b2fa8":[27.026876,299.64804,602.0,6.3830767],"fe48a942-d786-11ef-1a7e-43a2532b2fa8":[239.44177,997.5103,622.0,5.5279064],"fd0bf4bc-d786-11ef-1a7e-43a2532b2fa8":[116.37336,793.53625,92.0,6.180387],"fe368dd4-d786-11ef-1a7e-43a2532b2fa8":[448.47736,897.5155,600.0,6.180387],"fdd12eee-d786-11ef-1a7e-43a2532b2fa8":[10.472671,629.95807,712.0,11.83454],"fe358e52-d786-11ef-1a7e-43a2532b2fa8":[721.61633,34.26465,801.0,14.625465],"fda72b12-d786-11ef-1a7e-43a2532b2fa8":[1020.04004,629.5714,411.0,7.8176403],"fd3b5cca-d786-11ef-1a7e-43a2532b2fa8":[525.50684,48.29197,548.0,16.037281],"fde52c14-d786-11ef-1a7e-43a2532b2fa8":[468.90887,438.10025,511.0,15.635281],"fe00699a-d786-11ef-1a7e-43a2532b2fa8":[502.1966,688.8205,602.0,8.519076],"fdd60518-d786-11ef-1a7e-43a2532b2fa8":[860.9083,745.7298,491.0,13.44619],"fe3490f6-d786-11ef-1a7e-43a2532b2fa8":[347.38004,654.39734,570.0,16.351768],"fdf3529e-d786-11ef-1a59-6be8ccc438a2":[899.003,616.5206,550.0,13.9115925],"fe0a55ea-d786-11ef-1a7e-43a2532b2fa8":[524.7125,1017.21326,572.0,10.823032],"fdc8e9f0-d786-11ef-1a7e-43a2532b2fa8":[426.82364,72.07292,603.0,11.672045],"fe730f5c-d786-11ef-1a7e-43a2532b2fa8":[603.3565,41.495045,605.0,19.738573],"fd9521e2-d786-11ef-1a7e-43a2532b2fa8":[115.95039,806.6698,551.0,11.340071],"fe7abfcc-d786-11ef-1a7e-43a2532b2fa8":[10.014062,63.47988,679.0,6.3830767],"fe760d92-d786-11ef-1a7e-43a2532b2fa8":[56.219124,610.51306,685.0,7.65304],"fdcd1e80-d786-11ef-1a7e-43a2532b2fa8":[589.3416,471.59363,562.0,16.42945],"fe774d58-d786-11ef-1a7e-43a2532b2fa8":[1020.2431,4.70452,676.0,5.641896],"fde76164-d786-11ef-1a59-6be8ccc438a2":[487.99545,776.91595,688.0,11.888212],"fdd966e0-d786-11ef-1a7e-43a2532b2fa8":[236.55011,760.91235,576.0,8.214725],"fe017f86-d786-11ef-1a7e-43a2532b2fa8":[702.47327,86.17899,498.0,14.755472],"fd994e78-d786-11ef-1a7e-43a2532b2fa8":[34.20632,227.5584,573.0,18.437868],"fd994e84-d786-11ef-1a59-6be8ccc438a2":[868.43097,101.21039,510.0,17.038153],"fd16586c-d786-11ef-1a7e-43a2532b2fa8":[567.2729,322.74692,507.0,23.66908],"fe129bd8-d786-11ef-1a7e-43a2532b2fa8":[375.02325,824.97046,609.0,8.59348],"fdd4d01c-d786-11ef-1a7e-43a2532b2fa8":[738.4191,634.9668,607.0,17.841242],"fda3f764-d786-11ef-1a7e-43a2532b2fa8":[706.9768,876.01447,503.0,15.138795],"fdef31dc-d786-11ef-1a7e-43a2532b2fa8":[681.0578,566.9091,536.0,12.815924],"fd45900a-d786-11ef-1a7e-43a2532b2fa8":[815.85846,309.83374,443.0,25.382261]}