{"735c4ec4-d786-11ef-1a7e-43a2532b2fa8":[356.59406,481.88644,565.0,12.865502],"72e513b8-d786-11ef-1a7e-43a2532b2fa8":[449.34164,844.0691,660.0,13.0131035],"73031bb0-d786-11ef-1a7e-43a2532b2fa8":[1020.6066,377.99274,391.0,6.180387],"73ef285c-d786-11ef-1a7e-43a2532b2fa8":[593.96234,967.49194,736.0,5.5279064],"739a653a-d786-11ef-1a7e-43a2532b2fa8":[217.01555,71.74931,602.0,4.918491],"73b2f2c4-d786-11ef-1a7e-43a2532b2fa8":[575.0276,101.9464,603.0,2.2567585],"73c491a0-d786-11ef-1a7e-43a2532b2fa8":[103.986305,58.07632,631.0,4.222008],"73a19dd0-d786-11ef-1a7e-43a2532b2fa8":[772.99023,6.748343,710.0,6.3830767],"7331e8d2-d786-11ef-1a7e-43a2532b2fa8":[10.309102,378.47064,629.0,9.097283],"735d8816-d786-11ef-1a7e-43a2532b2fa8":[864.0954,558.9745,583.0,8.214725],"7395622c-d786-11ef-1a7e-43a2532b2fa8":[7.954539,189.94621,734.0,8.519076],"738c615e-d786-11ef-1a7e-43a2532b2fa8":[7.4603467,291.68195,714.0,10.881695],"72f51eac-d786-11ef-1a7e-43a2532b2fa8":[1015.959,291.69708,461.0,10.764051],"7398e9ce-d786-11ef-1a7e-43a2532b2fa8":[239.55408,913.9297,632.0,5.641896],"7347d962-d786-11ef-1a7e-43a2532b2fa8":[475.57074,247.49251,640.0,9.304853],"73c1cd62-d786-11ef-1a7e-43a2532b2fa8":[54.14251,450.5018,692.0,7.9788456],"7384264c-d786-11ef-1a7e-43a2532b2fa8":[450.0148,780.54755,604.0,5.7536273],"72a970ee-d786-11ef-1a7e-43a2532b2fa8":[829.4713,35.69804,512.0,16.622063],"730b49de-d786-11ef-1a7e-43a2532b2fa8":[810.13605,81.109505,514.0,13.159049],"73316d58-d786-11ef-1a7e-43a2532b2fa8":[805.4054,968.3165,546.0,14.798554],"734c7670-d786-11ef-1a7e-43a2532b2fa8":[242.95915,588.11237,577.0,8.368284],"72761c7e-d786-11ef-1a7e-43a2532b2fa8":[572.2864,10.1504965,504.0,12.91489],"739ae602-d786-11ef-1a7e-43a2532b2fa8":[342.10928,566.9794,611.0,5.2925673],"733542ac-d786-11ef-1a7e-43a2532b2fa8":[1018.1657,189.27518,503.0,9.166996],"73de9152-d786-11ef-1a7e-43a2532b2fa8":[520.5533,59.80296,702.0,6.180387],"73202e14-d786-11ef-1a7e-43a2532b2fa8":[121.683426,596.53564,550.0,17.112717],"73098a90-d786-11ef-1a7e-43a2532b2fa8":[739.41797,428.21637,509.0,19.215605],"733927f0-d786-11ef-1a7e-43a2532b2fa8":[686.5927,369.38678,539.0,13.587484],"7340d626-d786-11ef-2eac-81ac2e6b05df":[901.9674,407.30194,557.0,12.865502],"73d216ea-d786-11ef-1a7e-43a2532b2fa8":[901.47156,944.7017,649.0,5.411516],"7253257a-d786-11ef-1a7e-43a2532b2fa8":[721.37646,640.9708,513.0,26.123867],"7374b6f8-d786-11ef-1a7e-43a2532b2fa8":[1010.3864,642.53467,595.0,7.484821],"7370d7f4-d786-11ef-1a7e-43a2532b2fa8":[35.053795,201.92082,600.0,7.1364965],"73585074-d786-11ef-1a7e-43a2532b2fa8":[521.8317,857.9456,625.0,8.214725],"7392a820-d786-11ef-1a7e-43a2532b2fa8":[570.12634,1017.06793,870.0,11.83454],"7386bf38-d786-11ef-1a7e-43a2532b2fa8":[579.65094,189.33467,554.0,12.91489],"73377630-d786-11ef-1a7e-43a2532b2fa8":[595.6131,250.8242,564.0,16.312788],"73861936-d786-11ef-1a7e-43a2532b2fa8":[32.133858,657.6463,605.0,6.675581],"733c41f6-d786-11ef-1a7e-43a2532b2fa8":[505.2979,501.45505,541.0,13.207339],"72d24828-d786-11ef-1a7e-43a2532b2fa8":[489.2426,551.8801,464.0,20.652729],"734d0694-d786-11ef-1a7e-43a2532b2fa8":[376.52222,667.8821,507.0,14.798554],"735371b4-d786-11ef-1a59-6be8ccc438a2":[772.35223,1018.8344,509.0,9.373021]}