{"f5b07418-d786-11ef-1a59-6be8ccc438a2":[1016.6479,390.76886,504.0,11.170383],"f603ea9e-d786-11ef-1a59-6be8ccc438a2":[375.09735,817.1296,616.0,8.058239],"f56c95f4-d786-11ef-1a7e-43a2532b2fa8":[527.054,31.887146,536.0,14.494293],"f691703a-d786-11ef-1a7e-43a2532b2fa8":[447.46143,82.93747,700.0,4.918491],"f5da599a-d786-11ef-2eac-81ac2e6b05df":[681.49384,555.893,478.0,14.0934515],"f5e5ccd0-d786-11ef-1a7e-43a2532b2fa8":[500.886,679.503,549.0,14.450304],"f5fa3092-d786-11ef-1a7e-43a2532b2fa8":[468.93622,427.5971,637.0,9.236181],"f6699b7a-d786-11ef-1a7e-43a2532b2fa8":[1019.7883,1020.28503,641.0,5.641896],"f6642a30-d786-11ef-1a7e-43a2532b2fa8":[6.264484,391.47598,774.0,8.058239],"f64f8b84-d786-11ef-1a7e-43a2532b2fa8":[11.0474205,58.9837,698.0,6.675581],"f5e0e1f4-d786-11ef-2eac-81ac2e6b05df":[896.83954,113.72578,500.0,16.390654],"f5f77c5a-d786-11ef-1a59-6be8ccc438a2":[909.4968,35.98109,640.0,12.815924],"f5f1bf54-d786-11ef-1a7e-43a2532b2fa8":[235.88889,751.49866,539.0,11.617374],"f506d228-d786-11ef-1a7e-43a2532b2fa8":[721.1182,10.814863,785.0,14.798554],"f58187b6-d786-11ef-1a7e-43a2532b2fa8":[603.9602,30.073547,613.0,17.589691],"f5c64024-d786-11ef-1a7e-43a2532b2fa8":[426.1259,60.25041,551.0,15.716503],"f5fbcf4e-d786-11ef-1a7e-43a2532b2fa8":[702.3463,75.57766,596.0,8.812923],"f6260522-d786-11ef-1a7e-43a2532b2fa8":[448.56284,889.90283,602.0,6.0765076],"f5c1ed08-d786-11ef-1a59-6be8ccc438a2":[706.9955,862.0215,578.0,10.217908],"f60904c0-d786-11ef-1a7e-43a2532b2fa8":[496.9461,23.568626,605.0,8.884867],"f630b83a-d786-11ef-1a7e-43a2532b2fa8":[240.07814,992.9887,624.0,4.918491],"f577359a-d786-11ef-1a7e-43a2532b2fa8":[1019.32764,615.6743,378.0,8.812923],"f5be6866-d786-11ef-1a7e-43a2532b2fa8":[899.01416,604.49493,479.0,16.351768],"f64e2974-d786-11ef-1a7e-43a2532b2fa8":[7.402062,533.8324,825.0,11.672045],"f62b8540-d786-11ef-1a7e-43a2532b2fa8":[27.62356,293.5725,575.0,7.225152],"f65ef4ac-d786-11ef-1a7e-43a2532b2fa8":[55.55517,601.0272,683.0,7.399277],"f5ef4134-d786-11ef-1a7e-43a2532b2fa8":[115.709724,781.9059,553.0,16.42945],"f5e54b02-d786-11ef-1a59-6be8ccc438a2":[590.5426,457.8505,634.0,11.396071],"f5d683ba-d786-11ef-1a7e-43a2532b2fa8":[10.28196,614.32794,785.0,14.0934515],"f614fcbc-d786-11ef-1a7e-43a2532b2fa8":[1005.5445,777.4745,599.0,7.3127327],"f6239c5e-d786-11ef-1a59-6be8ccc438a2":[30.079115,740.48016,619.0,7.484821],"f53dc2a6-d786-11ef-1a7e-43a2532b2fa8":[568.51965,305.96777,508.0,23.507147],"f511cb4c-d786-11ef-1a7e-43a2532b2fa8":[816.4806,297.61807,514.0,19.347672],"f5e37160-d786-11ef-1a59-6be8ccc438a2":[739.2457,624.1697,508.0,18.712051],"f5ebf312-d786-11ef-1a7e-43a2532b2fa8":[347.44687,646.9903,559.0,15.512649],"f558e66c-d786-11ef-1a7e-43a2532b2fa8":[1015.40106,534.5057,480.0,11.113246],"f5a33530-d786-11ef-1a7e-43a2532b2fa8":[35.222073,208.83325,600.0,17.000746],"f5f040fc-d786-11ef-1a7e-43a2532b2fa8":[861.53394,733.94586,505.0,11.780624],"f5e42830-d786-11ef-1a7e-43a2532b2fa8":[488.53165,764.4914,700.0,10.704744],"f5e54aee-d786-11ef-1a7e-43a2532b2fa8":[522.79395,1013.6074,604.0,8.214725],"f5f59070-d786-11ef-1a7e-43a2532b2fa8":[869.5886,89.981514,652.0,10.5851345]}