{"b3c2186e-d785-11ef-1a7e-43a2532b2fa8":[799.083,1011.3593,456.0,15.471556],"b41dbd24-d785-11ef-1a7e-43a2532b2fa8":[8.649783,16.987246,628.0,12.360774],"b4a7cfc6-d785-11ef-1a7e-43a2532b2fa8":[34.997513,530.0399,645.0,5.5279064],"b469f3b8-d785-11ef-1a7e-43a2532b2fa8":[111.180916,874.46466,568.0,8.884867],"b45759ec-d785-11ef-1a59-6be8ccc438a2":[359.3818,985.97534,579.0,11.283792],"b4991ca6-d785-11ef-1a7e-43a2532b2fa8":[47.49717,63.979897,604.0,7.8176403],"b482e65c-d785-11ef-1a7e-43a2532b2fa8":[1018.0278,437.02353,622.0,6.675581],"b48d4f3e-d785-11ef-1a7e-43a2532b2fa8":[590.4979,8.148951,634.0,6.5795245],"b4bc9d1e-d785-11ef-1a7e-43a2532b2fa8":[346.40277,437.47247,616.0,5.2925673],"b41945a8-d785-11ef-1a7e-43a2532b2fa8":[994.9586,883.4548,497.0,18.746042],"b4bb50dc-d785-11ef-1a59-6be8ccc438a2":[342.02722,46.942017,619.0,6.770275],"b4636a84-d785-11ef-1a7e-43a2532b2fa8":[381.2662,440.80402,509.0,15.38904],"b46b49ca-d785-11ef-1a7e-43a2532b2fa8":[522.9808,620.98267,628.0,8.214725],"b46c2584-d785-11ef-1a7e-43a2532b2fa8":[194.92596,908.0223,592.0,7.898654],"b35c8120-d785-11ef-1a7e-43a2532b2fa8":[554.7591,835.86334,644.0,22.226492],"b35c812a-d785-11ef-1121-29b685de3439":[839.9796,448.89462,528.0,20.86739],"b4888652-d785-11ef-1a7e-43a2532b2fa8":[221.9621,919.98224,574.0,7.399277],"b45b257a-d785-11ef-1a7e-43a2532b2fa8":[134.48195,360.05814,621.0,8.667245],"b4269172-d785-11ef-1a7e-43a2532b2fa8":[506.993,229.87822,507.0,24.38448],"b45135b2-d785-11ef-1a7e-43a2532b2fa8":[519.4523,781.86914,730.0,10.52482],"b4c1b300-d785-11ef-1a7e-43a2532b2fa8":[239.56024,794.4381,639.0,5.2925673],"b453429e-d785-11ef-1a7e-43a2532b2fa8":[694.1059,86.02826,553.0,12.865502],"b4b32c90-d785-11ef-1a7e-43a2532b2fa8":[959.0201,29.94301,602.0,6.770275],"b46449ae-d785-11ef-1a7e-43a2532b2fa8":[366.03305,234.66241,625.0,8.740388],"b426919c-d785-11ef-1a59-6be8ccc438a2":[718.1197,284.9883,509.0,15.180789],"b42900fe-d785-11ef-1a7e-43a2532b2fa8":[744.0452,126.175385,508.0,19.015783],"b461ae92-d785-11ef-1a7e-43a2532b2fa8":[253.90213,337.51538,537.0,12.309163],"b3aea9c8-d785-11ef-1a7e-43a2532b2fa8":[455.98438,455.84723,629.0,15.553634],"b45342e4-d785-11ef-1a59-6be8ccc438a2":[868.3057,292.3045,491.0,13.819766],"b48c9436-d785-11ef-1a7e-43a2532b2fa8":[488.98038,995.60284,656.0,8.812923],"b3768084-d785-11ef-1a7e-43a2532b2fa8":[404.41754,786.5359,502.0,18.541162],"b450b072-d785-11ef-1a7e-43a2532b2fa8":[548.06494,899.5691,633.0,9.77205],"b497f52e-d785-11ef-1a7e-43a2532b2fa8":[881.01196,35.596405,640.0,8.368284],"b4d16c3e-d785-11ef-1a7e-43a2532b2fa8":[51.49826,220.01791,686.0,8.058239],"b4fe0b48-d785-11ef-1a7e-43a2532b2fa8":[606.4781,950.7625,709.0,3.7424104],"b3e9a78a-d785-11ef-1a59-6be8ccc438a2":[806.0568,653.7318,476.0,18.299234],"b44ba8f4-d785-11ef-1a59-6be8ccc438a2":[770.12695,766.3722,506.0,15.997536],"b4019c0a-d785-11ef-1a7e-43a2532b2fa8":[135.46404,270.10355,561.0,11.055813],"b43154a4-d785-11ef-1a7e-43a2532b2fa8":[907.3868,104.510475,535.0,13.819766],"b3d11710-d785-11ef-1a7e-43a2532b2fa8":[582.136,830.8327,446.0,16.58372],"b42d0f5a-d785-11ef-1a7e-43a2532b2fa8":[277.57083,951.8047,620.0,12.205287],"b4898944-d785-11ef-1a7e-43a2532b2fa8":[453.46796,612.8976,678.0,11.227231],"b35c812a-d785-11ef-19b6-2351fdb02228":[723.44476,46.71786,648.0,22.511093]}