{"caef5712-d786-11ef-1a7e-43a2532b2fa8":[592.4183,5.5820503,665.0,7.1364965],"ca577138-d786-11ef-1a7e-43a2532b2fa8":[428.5874,1013.4364,518.0,10.464158],"ca782340-d786-11ef-1a59-6be8ccc438a2":[704.4886,18.829882,517.0,9.440698],"caea84ce-d786-11ef-1a7e-43a2532b2fa8":[55.136482,550.4715,688.0,7.399277],"c9ebebf0-d786-11ef-1a7e-43a2532b2fa8":[1016.0152,453.41092,458.0,12.257336],"cae3b72c-d786-11ef-1a7e-43a2532b2fa8":[6.2685137,325.05423,775.0,9.027034],"ca5cf994-d786-11ef-1a7e-43a2532b2fa8":[1017.0967,324.40488,545.0,9.027034],"cabb94ea-d786-11ef-1a7e-43a2532b2fa8":[340.1216,624.57184,612.0,5.046265],"caa66f0c-d786-11ef-1a7e-43a2532b2fa8":[29.061981,262.41187,606.0,6.180387],"ca8e86ee-d786-11ef-1a7e-43a2532b2fa8":[1006.95557,732.5237,619.0,7.399277],"cab04ff4-d786-11ef-1a7e-43a2532b2fa8":[30.591013,712.45404,624.0,7.3127327],"ca621a6e-d786-11ef-1a7e-43a2532b2fa8":[10.403764,536.5163,692.0,13.54055],"cacbddbe-d786-11ef-1a7e-43a2532b2fa8":[8.017521,454.81802,826.0,11.617374],"ca841c9a-d786-11ef-1a7e-43a2532b2fa8":[523.3944,967.08325,565.0,13.773623],"c9e43202-d786-11ef-1a7e-43a2532b2fa8":[1019.42725,535.0736,352.0,9.097283],"cac1949e-d786-11ef-1a7e-43a2532b2fa8":[238.84314,966.9479,629.0,4.918491],"cb215c44-d786-11ef-1a7e-43a2532b2fa8":[592.60345,1019.40936,803.0,6.9557962],"cab8eaec-d786-11ef-1a7e-43a2532b2fa8":[500.5343,1002.2041,569.0,8.740388],"caf6ecd6-d786-11ef-1a7e-43a2532b2fa8":[11.901431,34.997246,674.0,7.3127327],"ca55fbbc-d786-11ef-1a59-6be8ccc438a2":[899.39557,538.8452,477.0,16.963259],"c9d2576c-d786-11ef-1a7e-43a2532b2fa8":[119.28962,720.6712,553.0,15.012109],"ca2e00bc-d786-11ef-1a7e-43a2532b2fa8":[37.498802,112.13561,617.0,14.884343],"ca9d9030-d786-11ef-1a7e-43a2532b2fa8":[449.10782,852.88385,600.0,6.0765076],"ca68bfde-d786-11ef-1a7e-43a2532b2fa8":[502.46802,619.5069,538.0,13.0619335],"ca98a174-d786-11ef-1a7e-43a2532b2fa8":[578.057,270.04578,556.0,12.964089],"c9cb6524-d786-11ef-1a7e-43a2532b2fa8":[447.21402,1013.70703,554.0,16.351768],"ca914960-d786-11ef-1a7e-43a2532b2fa8":[375.58743,765.87823,615.0,8.444016],"ca86180e-d786-11ef-1a7e-43a2532b2fa8":[909.98157,1008.60126,736.0,10.155413],"ca683340-d786-11ef-1a7e-43a2532b2fa8":[239.03787,697.69086,528.0,12.865502],"ca6d47c2-d786-11ef-1a7e-43a2532b2fa8":[682.4935,493.97614,532.0,12.41217],"c9926882-d786-11ef-1a7e-43a2532b2fa8":[720.3276,903.7739,583.0,25.854414],"ca78235e-d786-11ef-2eac-81ac2e6b05df":[863.1125,676.60425,490.0,13.587484],"cb00d8e8-d786-11ef-1a7e-43a2532b2fa8":[448.59445,6.1953173,941.0,10.217908],"ca661812-d786-11ef-1a7e-43a2532b2fa8":[488.50055,693.9322,505.0,19.182446],"ca694c1c-d786-11ef-1a7e-43a2532b2fa8":[898.34766,49.139122,569.0,13.255454],"ca851834-d786-11ef-1a7e-43a2532b2fa8":[352.94464,590.4398,568.0,13.9115925],"ca649bae-d786-11ef-1a59-6be8ccc438a2":[871.1659,30.806873,514.0,17.553461],"ca6dc40e-d786-11ef-1a7e-43a2532b2fa8":[471.0224,368.0856,639.0,8.956232],"ca62996c-d786-11ef-1a59-6be8ccc438a2":[739.1006,558.6059,508.0,19.248707],"c9ca6502-d786-11ef-1a7e-43a2532b2fa8":[567.07,203.94191,508.0,21.019375],"c9e8b62e-d786-11ef-1a7e-43a2532b2fa8":[817.8687,216.62628,457.0,24.410574],"ca25aaca-d786-11ef-1a7e-43a2532b2fa8":[708.53827,785.9932,509.0,16.116478],"ca586f78-d786-11ef-1a7e-43a2532b2fa8":[590.32874,389.57913,569.0,16.736568],"cacb0fba-d786-11ef-1a7e-43a2532b2fa8":[611.49744,978.3361,675.0,8.884867]}