{"b90183f8-d785-11ef-1a7e-43a2532b2fa8":[606.47864,956.6863,693.0,4.513517],"b8b8b9e0-d785-11ef-1a7e-43a2532b2fa8":[239.02635,797.48145,638.0,5.411516],"b8accc0c-d785-11ef-1a7e-43a2532b2fa8":[880.9901,40.982925,638.0,8.444016],"b85d744a-d785-11ef-1a7e-43a2532b2fa8":[359.94757,990.4237,562.0,12.257336],"b8a02e70-d785-11ef-1a7e-43a2532b2fa8":[959.0303,33.399822,604.0,9.373021],"b8b706ae-d785-11ef-1a7e-43a2532b2fa8":[35.0529,532.52124,641.0,6.5795245],"b7644492-d785-11ef-0779-6fb39d34804e":[840.0439,463.10406,472.0,25.48239],"b8b5316c-d785-11ef-1a7e-43a2532b2fa8":[346.4039,440.54333,618.0,4.918491],"b8891e1a-d785-11ef-1a59-6be8ccc438a2":[1017.31604,441.60706,612.0,6.4820447],"b8be4cca-d785-11ef-1a7e-43a2532b2fa8":[341.99805,50.93984,620.0,6.4820447],"b8705b20-d785-11ef-1a7e-43a2532b2fa8":[110.52788,877.9218,570.0,8.812923],"b86cf14a-d785-11ef-1a7e-43a2532b2fa8":[366.14462,238.41933,561.0,11.72646],"b7f0449e-d785-11ef-1a7e-43a2532b2fa8":[563.68,843.77484,726.0,23.66908],"b8823c6c-d785-11ef-1a7e-43a2532b2fa8":[487.9706,1000.9675,644.0,8.740388],"b8705b28-d785-11ef-1a59-6be8ccc438a2":[194.92366,912.06146,590.0,8.519076],"b7644492-d785-11ef-07ce-9747c186ce7e":[722.90216,59.801567,718.0,19.93115],"b892b470-d785-11ef-1a7e-43a2532b2fa8":[590.5478,10.977718,584.0,9.373021],"b881a70c-d785-11ef-1a7e-43a2532b2fa8":[134.57452,364.45154,626.0,8.444016],"b86e0ac6-d785-11ef-1a59-6be8ccc438a2":[519.46027,787.3587,669.0,14.668929],"b88368a8-d785-11ef-1a7e-43a2532b2fa8":[222.04265,922.8907,577.0,7.5693974],"b867dd1a-d785-11ef-1a7e-43a2532b2fa8":[770.0735,771.1896,503.0,16.273716],"b8e1a4cc-d785-11ef-1a7e-43a2532b2fa8":[52.054337,225.03714,694.0,7.898654],"b85d749a-d785-11ef-1a59-6be8ccc438a2":[806.02124,659.46295,478.0,17.841242],"b823d636-d785-11ef-1a7e-43a2532b2fa8":[9.856827,22.963518,617.0,12.100518],"b842df18-d785-11ef-1a7e-43a2532b2fa8":[277.6221,956.6608,605.0,13.0619335],"b7ec3404-d785-11ef-1a59-6be8ccc438a2":[455.28165,464.5742,519.0,20.248041],"b8a7c9b4-d785-11ef-1a7e-43a2532b2fa8":[47.04173,67.53572,596.0,8.214725],"b8648548-d785-11ef-1a59-6be8ccc438a2":[869.7477,297.8276,487.0,14.538149],"b7dcfdd8-d785-11ef-1a7e-43a2532b2fa8":[800.2388,1015.40295,545.0,11.994835],"b81e7286-d785-11ef-1a7e-43a2532b2fa8":[135.44116,276.5884,566.0,10.881695],"b8e2acc8-d785-11ef-1a7e-43a2532b2fa8":[799.5839,6.8349004,869.0,10.823032],"b8a3b13a-d785-11ef-1a7e-43a2532b2fa8":[452.94086,616.51996,607.0,5.86323],"b7da6318-d785-11ef-1a7e-43a2532b2fa8":[505.23508,233.43907,510.0,24.38448],"b811ba46-d785-11ef-1a59-6be8ccc438a2":[908.01953,111.03909,490.0,15.997536],"b83c1390-d785-11ef-1a59-6be8ccc438a2":[692.8783,91.33046,487.0,14.712264],"b8616ee2-d785-11ef-1a59-6be8ccc438a2":[548.1218,905.03723,639.0,9.166996],"b86b77b6-d785-11ef-1a7e-43a2532b2fa8":[253.39119,341.95218,536.0,12.615663],"b871bf5e-d785-11ef-1a59-6be8ccc438a2":[382.03607,446.6758,506.0,15.553634],"b7d5072c-d785-11ef-1a7e-43a2532b2fa8":[995.5086,889.9552,485.0,18.948708],"b7e9e480-d785-11ef-1a7e-43a2532b2fa8":[717.6323,292.59668,513.0,16.42945],"b876d39a-d785-11ef-1a7e-43a2532b2fa8":[522.9647,626.5881,622.0,9.027034],"b78ae656-d785-11ef-1a7e-43a2532b2fa8":[404.46393,795.55493,590.0,12.463355],"b844222e-d785-11ef-1a7e-43a2532b2fa8":[743.43286,134.1313,690.0,10.940042]}