{"be857c5e-d786-11ef-1a59-6be8ccc438a2":[911.4642,993.6871,701.0,8.29186],"be76752e-d786-11ef-1a7e-43a2532b2fa8":[501.00787,990.3776,632.0,6.2825494],"be08a312-d786-11ef-1a7e-43a2532b2fa8":[9.79859,514.49365,694.0,14.361922],"bdf30694-d786-11ef-1a59-6be8ccc438a2":[1017.0052,431.40256,481.0,10.764051],"be97940c-d786-11ef-1a7e-43a2532b2fa8":[6.86896,306.5371,784.0,9.77205],"be5f3b20-d786-11ef-1a7e-43a2532b2fa8":[430.51617,995.04504,625.0,8.29186],"be8b4b5c-d786-11ef-1a7e-43a2532b2fa8":[592.53046,1017.39545,796.0,8.444016],"be15a56e-d786-11ef-1a7e-43a2532b2fa8":[591.31683,371.1612,570.0,17.14988],"be99d460-d786-11ef-1a7e-43a2532b2fa8":[12.486937,27.94451,679.0,7.0467257],"be270870-d786-11ef-1a7e-43a2532b2fa8":[704.93677,7.577422,583.0,8.59348],"be74df16-d786-11ef-1a7e-43a2532b2fa8":[30.098166,704.92236,614.0,8.214725],"bd6466a0-d786-11ef-1a7e-43a2532b2fa8":[448.51535,996.4033,520.0,18.299234],"be18d554-d786-11ef-1a7e-43a2532b2fa8":[488.526,675.0418,687.0,11.888212],"be857bb2-d786-11ef-1a7e-43a2532b2fa8":[8.046515,432.0823,806.0,10.823032],"bdda6378-d786-11ef-1a7e-43a2532b2fa8":[1016.5048,307.1375,500.0,11.055813],"bd5c4d3a-d786-11ef-1a7e-43a2532b2fa8":[817.91724,193.90988,416.0,27.777386],"be1f55be-d786-11ef-1a7e-43a2532b2fa8":[863.0933,659.8449,483.0,14.361922],"be31b682-d786-11ef-1a7e-43a2532b2fa8":[524.67834,948.7672,618.0,9.706685],"be8c9410-d786-11ef-1a7e-43a2532b2fa8":[806.5156,63.506702,652.0,7.5693974],"be6f7300-d786-11ef-1a7e-43a2532b2fa8":[340.64026,615.9358,609.0,5.046265],"be01003c-d786-11ef-1a7e-43a2532b2fa8":[899.5842,31.064093,513.0,17.038153],"be21a35a-d786-11ef-1a7e-43a2532b2fa8":[871.03076,14.913039,619.0,10.881695],"be9a67fe-d786-11ef-1a7e-43a2532b2fa8":[53.938972,537.4889,681.0,7.898654],"be6c2a7e-d786-11ef-1a7e-43a2532b2fa8":[29.512945,254.48361,611.0,5.411516],"bed4748a-d786-11ef-1a7e-43a2532b2fa8":[612.5387,958.61066,703.0,5.046265],"bebab180-d786-11ef-1a7e-43a2532b2fa8":[704.3031,1020.6186,732.0,6.2825494],"bd7bc5a2-d786-11ef-1a7e-43a2532b2fa8":[566.90894,177.15462,510.0,21.019375],"bdda6382-d786-11ef-1a59-6be8ccc438a2":[1020.0072,515.7491,385.0,7.9788456],"be1d42b0-d786-11ef-1a7e-43a2532b2fa8":[683.64124,476.22287,473.0,15.096684],"be2aacf2-d786-11ef-1a7e-43a2532b2fa8":[471.47012,351.6455,508.0,15.837556],"be63ccf6-d786-11ef-1a7e-43a2532b2fa8":[579.13293,259.56793,638.0,6.4820447],"be3a8e92-d786-11ef-1a59-6be8ccc438a2":[352.87354,576.5693,621.0,8.59348],"be450106-d786-11ef-1a7e-43a2532b2fa8":[1006.78656,720.5224,577.0,9.166996],"bdc1ae64-d786-11ef-1a7e-43a2532b2fa8":[38.451157,85.88814,602.0,16.273716],"be1698de-d786-11ef-1a7e-43a2532b2fa8":[504.24435,603.4891,538.0,12.463355],"be4d834e-d786-11ef-1a7e-43a2532b2fa8":[448.00873,842.9137,598.0,6.0765076],"be25cde0-d786-11ef-1a7e-43a2532b2fa8":[899.34406,522.15405,506.0,14.625465],"be2c43dc-d786-11ef-1a7e-43a2532b2fa8":[376.10953,755.40546,505.0,15.471556],"be7aaeb4-d786-11ef-1a7e-43a2532b2fa8":[238.89853,959.9463,618.0,7.0467257],"be387f08-d786-11ef-1a7e-43a2532b2fa8":[238.97995,681.4391,579.0,7.8176403],"bdd96e16-d786-11ef-1a7e-43a2532b2fa8":[709.54944,764.6113,508.0,16.351768],"bda80dec-d786-11ef-1a7e-43a2532b2fa8":[120.440475,702.91766,578.0,12.865502],"be070aa4-d786-11ef-1a7e-43a2532b2fa8":[738.9257,541.1421,526.0,18.124453],"bd485640-d786-11ef-1a7e-43a2532b2fa8":[721.4556,869.7105,598.0,25.432375]}