{"d635deb6-d786-11ef-1a7e-43a2532b2fa8":[909.799,5.607076,551.0,8.136858],"d613b2c8-d786-11ef-1a7e-43a2532b2fa8":[9.8197155,557.4425,696.0,14.450304],"d61cdef4-d786-11ef-1a7e-43a2532b2fa8":[521.59735,975.5462,610.0,9.77205],"d6a53a54-d786-11ef-1a7e-43a2532b2fa8":[6.205535,343.01102,767.0,8.214725],"d613b2f0-d786-11ef-2eac-81ac2e6b05df":[703.9654,34.064266,511.0,13.39876],"d6802084-d786-11ef-1a7e-43a2532b2fa8":[339.53894,631.99176,610.0,4.6524267],"d5c8cd44-d786-11ef-1a7e-43a2532b2fa8":[1018.6904,558.00916,356.0,9.373021],"d6242e96-d786-11ef-1a59-6be8ccc438a2":[868.7442,47.59616,615.0,13.865755],"d643a0fc-d786-11ef-1a7e-43a2532b2fa8":[528.39233,996.82855,620.0,9.304853],"d6a612bc-d786-11ef-1a7e-43a2532b2fa8":[11.511304,41.525867,694.0,6.5795245],"d5f1f156-d786-11ef-1a7e-43a2532b2fa8":[352.32922,606.2948,503.0,15.096684],"d61623e6-d786-11ef-1a7e-43a2532b2fa8":[898.1885,556.9493,491.0,15.957691],"d6749aac-d786-11ef-1a7e-43a2532b2fa8":[30.046381,719.9282,634.0,6.675581],"d68b0bac-d786-11ef-1a59-6be8ccc438a2":[591.776,9.201849,685.0,8.444016],"d6910f98-d786-11ef-1a7e-43a2532b2fa8":[910.65967,1016.0453,783.0,9.640876],"d5e7d766-d786-11ef-1a7e-43a2532b2fa8":[1016.5755,343.01862,508.0,10.823032],"d62b4514-d786-11ef-1a7e-43a2532b2fa8":[237.4152,711.4616,530.0,11.72646],"d6640f34-d786-11ef-1a7e-43a2532b2fa8":[448.03174,862.99725,603.0,5.9708214],"d60803f4-d786-11ef-1a7e-43a2532b2fa8":[469.88052,384.79248,491.0,16.925688],"d68b0b52-d786-11ef-1a7e-43a2532b2fa8":[8.106836,476.11816,831.0,12.100518],"d5d0ef74-d786-11ef-1a7e-43a2532b2fa8":[708.0919,805.968,505.0,16.390654],"d6603e7c-d786-11ef-1a7e-43a2532b2fa8":[500.07336,1014.0989,550.0,10.029253],"d673dc2a-d786-11ef-1a7e-43a2532b2fa8":[29.005138,271.57733,624.0,5.2925673],"d62c4db8-d786-11ef-1a7e-43a2532b2fa8":[682.5737,511.03705,536.0,13.159049],"d6495374-d786-11ef-1a7e-43a2532b2fa8":[1007.02356,744.5045,604.0,7.3127327],"d6099b62-d786-11ef-1a7e-43a2532b2fa8":[591.61896,407.8639,573.0,16.812471],"d683d9f4-d786-11ef-1a7e-43a2532b2fa8":[239.46536,973.8737,604.0,7.65304],"d69dd642-d786-11ef-1a7e-43a2532b2fa8":[55.058884,565.4542,685.0,9.236181],"d58c7a92-d786-11ef-1a7e-43a2532b2fa8":[439.0283,16.051735,495.0,21.379734],"d603e4e2-d786-11ef-1a7e-43a2532b2fa8":[861.96893,691.9517,484.0,13.957279],"d6657548-d786-11ef-1a7e-43a2532b2fa8":[577.5683,280.4305,558.0,12.766153],"d593b1ea-d786-11ef-1a7e-43a2532b2fa8":[1015.8932,476.1661,465.0,11.780624],"d6301154-d786-11ef-1a7e-43a2532b2fa8":[375.05338,779.6954,508.0,15.054456],"d5baade0-d786-11ef-1a7e-43a2532b2fa8":[897.3949,65.974945,523.0,15.797308],"d567a4b0-d786-11ef-1a7e-43a2532b2fa8":[567.16064,232.60896,510.0,20.18506],"d59d3c9a-d786-11ef-1a7e-43a2532b2fa8":[817.30054,237.39218,512.0,19.899183],"d63368f4-d786-11ef-1a7e-43a2532b2fa8":[610.4761,1000.00116,683.0,11.396071],"d61c4366-d786-11ef-1a59-6be8ccc438a2":[738.3299,577.3547,506.0,19.215605],"d6077e22-d786-11ef-1a7e-43a2532b2fa8":[501.94293,635.3491,543.0,13.587484],"d6378fc2-d786-11ef-1a7e-43a2532b2fa8":[119.45815,738.1335,394.0,23.262133],"d54d2128-d786-11ef-1a7e-43a2532b2fa8":[720.31165,940.14294,400.0,26.486883],"d61d7dc8-d786-11ef-1a59-6be8ccc438a2":[487.87277,712.3952,687.0,11.994835],"d5c00f88-d786-11ef-1a7e-43a2532b2fa8":[36.52481,139.82018,628.0,15.26443]}