{"15482b7c-d787-11ef-1a7e-43a2532b2fa8":[962.035,968.7666,731.0,8.667245],"13dcfcd6-d787-11ef-1a7e-43a2532b2fa8":[815.42883,352.82285,384.0,30.819422],"1487364e-d787-11ef-1a7e-43a2532b2fa8":[10.1957445,671.4072,787.0,14.538149],"14ca9f86-d787-11ef-1a7e-43a2532b2fa8":[496.13696,55.054317,543.0,13.255454],"15070552-d787-11ef-1a7e-43a2532b2fa8":[591.5338,48.970043,701.0,7.9788456],"151aa42e-d787-11ef-1a7e-43a2532b2fa8":[6.2380376,440.1521,803.0,9.236181],"1490557e-d787-11ef-1a59-6be8ccc438a2":[1016.7612,439.3719,496.0,11.83454],"14d760ae-d787-11ef-1a7e-43a2532b2fa8":[448.06125,916.9414,595.0,6.3830767],"143671da-d787-11ef-1a7e-43a2532b2fa8":[1015.41644,593.03094,463.0,12.205287],"14d7de8a-d787-11ef-1a7e-43a2532b2fa8":[25.587738,315.0115,576.0,7.0467257],"14f683bc-d787-11ef-1a7e-43a2532b2fa8":[240.01001,1013.09973,644.0,4.918491],"14b919f0-d787-11ef-1a7e-43a2532b2fa8":[119.02134,810.64215,611.0,9.304853],"14f71ec6-d787-11ef-1a7e-43a2532b2fa8":[1017.32446,25.453077,636.0,8.956232],"1515a616-d787-11ef-1a7e-43a2532b2fa8":[55.405052,637.4828,682.0,7.5693974],"1521b230-d787-11ef-1a7e-43a2532b2fa8":[8.48446,77.06093,693.0,6.3830767],"14784600-d787-11ef-2539-0599d90a4ae6":[895.336,158.71315,490.0,16.850294],"148d1a9e-d787-11ef-1a59-6be8ccc438a2":[898.41315,651.40985,549.0,13.110581],"14d95b0c-d787-11ef-1a7e-43a2532b2fa8":[524.5043,25.457891,623.0,7.0467257],"14f03732-d787-11ef-1a7e-43a2532b2fa8":[345.87164,678.80743,514.0,18.915081],"14a32d8e-d787-11ef-1a7e-43a2532b2fa8":[680.7053,601.0186,479.0,14.538149],"14a43fc6-d787-11ef-1a7e-43a2532b2fa8":[702.19037,116.59561,505.0,13.634257],"149da72e-d787-11ef-1a7e-43a2532b2fa8":[868.01965,131.86783,508.0,17.625847],"14c595a4-d787-11ef-1a7e-43a2532b2fa8":[23.54866,1017.58936,610.0,9.236181],"14c7188e-d787-11ef-1a59-6be8ccc438a2":[1004.4221,809.98285,596.0,7.65304],"1473604a-d787-11ef-1a59-6be8ccc438a2":[706.02313,916.8859,510.0,15.222667],"148dec8a-d787-11ef-1a7e-43a2532b2fa8":[588.86145,510.22464,558.0,17.075476],"14e596b0-d787-11ef-1a7e-43a2532b2fa8":[30.018879,761.0137,638.0,5.5279064],"14cf4f86-d787-11ef-1a7e-43a2532b2fa8":[575.46497,338.9514,553.0,12.615663],"14a2b12e-d787-11ef-1a7e-43a2532b2fa8":[467.26547,469.98822,495.0,16.42945],"143f80c2-d787-11ef-1a7e-43a2532b2fa8":[607.0271,86.72191,637.0,12.153015],"147f6fc0-d787-11ef-1a7e-43a2532b2fa8":[423.5278,109.50608,617.0,9.965575],"142c4b2e-d787-11ef-1a7e-43a2532b2fa8":[32.737984,281.06888,590.0,17.000746],"14990566-d787-11ef-1a7e-43a2532b2fa8":[500.48175,722.06287,539.0,13.44619],"14819e94-d787-11ef-1a59-6be8ccc438a2":[487.41418,815.55133,698.0,10.881695],"1499a6c4-d787-11ef-1a59-6be8ccc438a2":[737.05023,670.99,515.0,18.01877],"14ab9f8c-d787-11ef-2eac-81ac2e6b05df":[859.77405,776.4836,484.0,13.957279],"14149e20-d787-11ef-1a7e-43a2532b2fa8":[525.7916,91.40165,513.0,15.012109],"13e6612c-d787-11ef-1a7e-43a2532b2fa8":[563.5583,377.9055,510.0,20.216576],"14b2dfca-d787-11ef-1a7e-43a2532b2fa8":[235.05629,789.89417,577.0,7.8176403],"14b51166-d787-11ef-1a59-6be8ccc438a2":[907.9245,74.620346,680.0,9.640876],"1477b8ac-d787-11ef-1a7e-43a2532b2fa8":[114.325386,843.05237,554.0,11.055813],"14a6925a-d787-11ef-1a7e-43a2532b2fa8":[374.4176,851.9407,617.0,7.9788456],"150860aa-d787-11ef-1a7e-43a2532b2fa8":[7.5059853,593.12805,824.0,10.881695]}