{"f2111566-d785-11ef-1a7e-43a2532b2fa8":[42.3792,109.07716,602.0,6.8636627],"f212348c-d785-11ef-1a7e-43a2532b2fa8":[345.02032,479.61273,610.0,5.86323],"f243b354-d785-11ef-1a7e-43a2532b2fa8":[52.191975,294.4822,689.0,7.5693974],"f1848c9c-d785-11ef-1a7e-43a2532b2fa8":[10.932772,131.44273,723.0,12.309163],"f0d6dc3a-d785-11ef-1a7e-43a2532b2fa8":[819.0787,751.941,9.0,3.5682483],"f1ff6db6-d785-11ef-1a7e-43a2532b2fa8":[586.9695,66.0786,632.0,8.368284],"f1ae54bc-d785-11ef-1a7e-43a2532b2fa8":[484.12674,60.481384,511.0,16.925688],"f0d3a27c-d785-11ef-1a7e-43a2532b2fa8":[551.4899,996.69305,622.0,23.507147],"f153a706-d785-11ef-1a7e-43a2532b2fa8":[1016.9716,38.05911,410.0,10.823032],"f176f38c-d785-11ef-1a7e-43a2532b2fa8":[1021.2518,133.11888,378.0,5.2925673],"f1c6be8a-d785-11ef-1a7e-43a2532b2fa8":[249.93845,418.0502,581.0,8.214725],"f1e79bee-d785-11ef-1a7e-43a2532b2fa8":[193.90308,967.39044,588.0,8.812923],"f0d3a286-d785-11ef-19b6-2351fdb02228":[838.01575,676.9024,513.0,22.595776],"f22608f4-d785-11ef-1a7e-43a2532b2fa8":[239.03497,832.9325,633.0,5.170883],"f2012976-d785-11ef-1a7e-43a2532b2fa8":[451.9635,666.47217,607.0,5.9708214],"f1d51072-d785-11ef-1a7e-43a2532b2fa8":[9.011782,34.718105,733.0,12.865502],"f262e51a-d785-11ef-1a7e-43a2532b2fa8":[800.0032,105.03035,668.0,2.7639532],"f1ea9bde-d785-11ef-1a7e-43a2532b2fa8":[1016.24744,501.9161,605.0,6.770275],"f216020e-d785-11ef-1a7e-43a2532b2fa8":[34.089302,570.49036,647.0,5.7536273],"f1cbeafe-d785-11ef-1a7e-43a2532b2fa8":[522.5428,696.36444,572.0,13.0131035],"f1269b4e-d785-11ef-1a7e-43a2532b2fa8":[403.42645,924.2429,582.0,12.766153],"f1e100fe-d785-11ef-1a7e-43a2532b2fa8":[107.97207,940.49207,567.0,9.574615],"f1c7417a-d785-11ef-1a7e-43a2532b2fa8":[277.07724,15.877208,521.0,11.83454],"f1ca3c56-d785-11ef-1a59-6be8ccc438a2":[770.49744,849.3216,512.0,15.957691],"f1aed16c-d785-11ef-1a7e-43a2532b2fa8":[805.48364,753.70514,461.0,18.847649],"f1a203c6-d785-11ef-1a7e-43a2532b2fa8":[730.8045,233.00941,512.0,30.235508],"f1a38c32-d785-11ef-1a7e-43a2532b2fa8":[131.02449,438.8858,621.0,8.884867],"f193b51c-d785-11ef-1a7e-43a2532b2fa8":[577.9487,925.32745,506.0,12.7161875],"f1ab40b0-d785-11ef-1a7e-43a2532b2fa8":[691.5694,177.49588,538.0,12.257336],"f137b014-d785-11ef-1a7e-43a2532b2fa8":[453.41107,576.3368,613.0,16.273716],"f225781a-d785-11ef-1a7e-43a2532b2fa8":[4.3619947,1003.38995,696.0,6.180387],"f18fd418-d785-11ef-1a7e-43a2532b2fa8":[131.36096,369.83194,564.0,10.940042],"f1ddc648-d785-11ef-1a7e-43a2532b2fa8":[220.45264,977.09906,581.0,6.8636627],"f1a64fb0-d785-11ef-1a7e-43a2532b2fa8":[603.08765,30.136234,588.0,16.312788],"f1cc7cd0-d785-11ef-1a7e-43a2532b2fa8":[519.4605,878.4804,722.0,11.227231],"f1a4e80a-d785-11ef-1a59-6be8ccc438a2":[502.71652,324.18643,470.0,27.24516],"f1d6747e-d785-11ef-1a59-6be8ccc438a2":[362.0121,313.4784,624.0,8.519076],"f1da4234-d785-11ef-1a7e-43a2532b2fa8":[380.05438,514.66736,527.0,13.587484],"f1aed174-d785-11ef-1a59-6be8ccc438a2":[905.38196,202.49126,484.0,16.390654],"f21334cc-d785-11ef-1a7e-43a2532b2fa8":[359.98477,40.893703,614.0,8.444016],"f24cdbbe-d785-11ef-1a7e-43a2532b2fa8":[342.04428,109.98855,635.0,3.3851376],"f17ee65a-d785-11ef-1a7e-43a2532b2fa8":[716.6272,395.34576,515.0,15.997536],"f1c2bd3a-d785-11ef-1a7e-43a2532b2fa8":[867.51715,377.82126,487.0,14.22832],"f187ad1c-d785-11ef-1a59-6be8ccc438a2":[996.49414,987.5876,589.0,14.538149]}