{"a7e0d850-d785-11ef-1a7e-43a2532b2fa8":[909.1337,86.58436,605.0,10.645108],"a83223cc-d785-11ef-1a7e-43a2532b2fa8":[454.0181,603.5301,536.0,11.396071],"a7faa99e-d785-11ef-1a7e-43a2532b2fa8":[769.5417,751.6945,509.0,15.997536],"a7fc3b5e-d785-11ef-1a59-6be8ccc438a2":[519.9231,764.4782,715.0,11.83454],"a8304156-d785-11ef-1a7e-43a2532b2fa8":[110.94812,862.0351,582.0,7.735778],"a806f882-d785-11ef-1a7e-43a2532b2fa8":[255.0776,322.02475,587.0,7.735778],"a82e2f38-d785-11ef-1a7e-43a2532b2fa8":[6.8702054,1018.59125,616.0,10.280024],"a839d5c2-d785-11ef-1a7e-43a2532b2fa8":[958.5099,17.519289,615.0,7.0467257],"a811fa7a-d785-11ef-1a7e-43a2532b2fa8":[359.94644,971.68634,563.0,12.91489],"a85d57a6-d785-11ef-1a7e-43a2532b2fa8":[238.96877,787.45233,635.0,5.411516],"a80d0cc2-d785-11ef-1a7e-43a2532b2fa8":[366.51633,218.43373,627.0,8.29186],"a824481a-d785-11ef-1a7e-43a2532b2fa8":[196.11032,895.9875,598.0,7.8176403],"a7f62e42-d785-11ef-1a7e-43a2532b2fa8":[879.506,17.742292,560.0,13.0131035],"a84a7844-d785-11ef-1a7e-43a2532b2fa8":[591.04517,1017.68445,643.0,5.86323],"a82bbf0a-d785-11ef-1a7e-43a2532b2fa8":[3.8089488,425.1953,509.0,4.370194],"a846a9c8-d785-11ef-1a7e-43a2532b2fa8":[47.909252,57.214905,593.0,9.097283],"a7e2e938-d785-11ef-1a7e-43a2532b2fa8":[136.50627,251.00606,573.0,10.217908],"a81fb9f8-d785-11ef-1a59-6be8ccc438a2":[522.9386,607.01276,630.0,7.9788456],"a81be170-d785-11ef-1a7e-43a2532b2fa8":[134.96587,344.5191,622.0,8.59348],"a846aab8-d785-11ef-1a59-6be8ccc438a2":[1018.03394,424.49927,635.0,7.898654],"a853fe52-d785-11ef-1a7e-43a2532b2fa8":[346.87692,429.4213,565.0,10.155413],"a78a0f90-d785-11ef-1a7e-43a2532b2fa8":[404.92157,760.5932,514.0,16.850294],"a84449f0-d785-11ef-1a7e-43a2532b2fa8":[342.0784,35.025356,610.0,7.65304],"a872dd1a-d785-11ef-1a7e-43a2532b2fa8":[50.877045,206.4925,685.0,7.5693974],"a8657a9c-d785-11ef-1a7e-43a2532b2fa8":[489.49908,977.2246,656.0,8.214725],"a7f13fe2-d785-11ef-1a7e-43a2532b2fa8":[694.0059,71.19279,582.0,10.029253],"a71d4980-d785-11ef-1a7e-43a2532b2fa8":[722.6813,15.171932,597.0,21.675455],"a75bd608-d785-11ef-1a7e-43a2532b2fa8":[457.08292,433.3719,535.0,20.86739],"a71cafe8-d785-11ef-0779-6fb39d34804e":[840.29395,406.05478,464.0,25.82978],"a8304192-d785-11ef-1a59-6be8ccc438a2":[382.55783,427.57166,531.0,13.303394],"a7ee458a-d785-11ef-1a7e-43a2532b2fa8":[805.35645,634.12555,481.0,17.553461],"a7b8e638-d785-11ef-1a7e-43a2532b2fa8":[718.55334,264.5606,506.0,15.553634],"a78f2008-d785-11ef-1a7e-43a2532b2fa8":[994.97534,864.61285,486.0,19.641579],"a71cafe8-d785-11ef-1a59-6be8ccc438a2":[564.4111,805.9723,509.0,31.675112],"a81062c8-d785-11ef-1a7e-43a2532b2fa8":[744.05505,108.51998,692.0,10.645108],"a837be7c-d785-11ef-1a7e-43a2532b2fa8":[223.03787,908.7975,582.0,6.4820447],"a81e228c-d785-11ef-1a7e-43a2532b2fa8":[869.55457,276.371,507.0,12.815924],"a80e45a6-d785-11ef-1a7e-43a2532b2fa8":[276.92535,935.9704,632.0,10.52482],"a7d3a7a4-d785-11ef-1a7e-43a2532b2fa8":[506.17578,208.42143,590.0,18.333992],"a7b09f3c-d785-11ef-1a7e-43a2532b2fa8":[799.0437,993.3734,554.0,16.925688],"a80a6ada-d785-11ef-1a7e-43a2532b2fa8":[547.46606,882.9483,629.0,10.403142],"a851f68e-d785-11ef-1a7e-43a2532b2fa8":[34.976856,522.52014,642.0,6.675581]}