{"59c5de64-d786-11ef-1a7e-43a2532b2fa8":[7.7638154,145.64143,781.0,10.764051],"59bc3a10-d786-11ef-1a7e-43a2532b2fa8":[103.96366,26.84431,595.0,6.9557962],"591c8538-d786-11ef-1a7e-43a2532b2fa8":[1017.065,238.37617,455.0,10.155413],"5a2f6ab4-d786-11ef-1a7e-43a2532b2fa8":[594.9622,949.9817,724.0,4.513517],"59b98356-d786-11ef-1a7e-43a2532b2fa8":[520.5208,17.05145,716.0,11.227231],"59ba2270-d786-11ef-1a7e-43a2532b2fa8":[449.94803,757.6409,603.0,6.0765076],"5975fe1a-d786-11ef-1a7e-43a2532b2fa8":[1018.1678,147.00598,486.0,9.507892],"596c4596-d786-11ef-1a7e-43a2532b2fa8":[10.056555,328.57755,698.0,15.054456],"58f47462-d786-11ef-1a7e-43a2532b2fa8":[831.0062,1016.0513,136.0,3.9088202],"58ab14ca-d786-11ef-3931-4175e38e818b":[718.8994,568.7358,516.0,26.462837],"59f04bf2-d786-11ef-1a7e-43a2532b2fa8":[575.4609,60.582886,597.0,6.180387],"596eb042-d786-11ef-1a7e-43a2532b2fa8":[830.5769,1003.69293,620.0,12.309163],"5996f8c2-d786-11ef-1a59-6be8ccc438a2":[864.34534,521.1553,489.0,13.773623],"599c77a0-d786-11ef-1a7e-43a2532b2fa8":[244.59282,552.49805,582.0,7.8176403],"59b7741a-d786-11ef-1a7e-43a2532b2fa8":[7.860584,239.71593,723.0,10.09253],"59947aca-d786-11ef-1a7e-43a2532b2fa8":[125.986824,573.4754,605.0,9.574615],"5992f5ba-d786-11ef-1a59-6be8ccc438a2":[773.1277,990.7387,512.0,14.712264],"59b49c10-d786-11ef-1a7e-43a2532b2fa8":[1012.4988,613.4708,594.0,8.444016],"59d63942-d786-11ef-1a7e-43a2532b2fa8":[32.054665,638.9906,643.0,5.9708214],"59a31a94-d786-11ef-2eac-81ac2e6b05df":[376.2343,636.4762,510.0,14.712264],"59d796d4-d786-11ef-1a7e-43a2532b2fa8":[217.52869,47.468708,590.0,6.180387],"5a187366-d786-11ef-1a7e-43a2532b2fa8":[572.5039,961.96875,671.0,3.5682483],"59caaf96-d786-11ef-1a7e-43a2532b2fa8":[192.07463,43.87474,598.0,6.8636627],"59898cf0-d786-11ef-1a7e-43a2532b2fa8":[686.1564,329.86258,482.0,14.798554],"598fcc6e-d786-11ef-1a59-6be8ccc438a2":[507.04034,461.27094,605.0,8.667245],"59e00f80-d786-11ef-1a7e-43a2532b2fa8":[239.56694,897.5406,626.0,5.86323],"59ded502-d786-11ef-1a7e-43a2532b2fa8":[342.50058,549.521,615.0,4.918491],"594a3532-d786-11ef-1a7e-43a2532b2fa8":[810.6915,36.159206,517.0,14.625465],"59967d34-d786-11ef-1a59-6be8ccc438a2":[903.1447,365.28226,483.0,16.390654],"594ab32e-d786-11ef-1a7e-43a2532b2fa8":[1020.608,326.68066,400.0,6.675581],"5916f74e-d786-11ef-1a7e-43a2532b2fa8":[834.0518,32.552124,647.0,15.877703],"598e6f72-d786-11ef-1a7e-43a2532b2fa8":[475.65836,210.2062,505.0,16.155931],"599067c8-d786-11ef-1a7e-43a2532b2fa8":[523.1811,825.1714,502.0,15.26443],"598a0978-d786-11ef-1a7e-43a2532b2fa8":[740.03705,386.11642,616.0,17.22396],"5a0af51c-d786-11ef-1a7e-43a2532b2fa8":[53.04403,417.9267,687.0,7.8176403],"59c12692-d786-11ef-1a7e-43a2532b2fa8":[36.53553,182.95258,601.0,6.8636627],"58c17f1c-d786-11ef-1a7e-43a2532b2fa8":[449.626,791.03174,513.0,19.347672],"59aa4896-d786-11ef-1a7e-43a2532b2fa8":[581.98627,165.08818,553.0,13.0619335],"598cc016-d786-11ef-1a7e-43a2532b2fa8":[491.6482,508.07718,605.0,17.625847],"593acba6-d786-11ef-1a7e-43a2532b2fa8":[125.56393,541.553,550.0,11.617374],"5a2b0a12-d786-11ef-1a7e-43a2532b2fa8":[149.98055,372.014,702.0,2.7639532],"59915ade-d786-11ef-1a7e-43a2532b2fa8":[597.1207,204.43494,571.0,17.371176],"5983707c-d786-11ef-1a7e-43a2532b2fa8":[806.1217,925.615,485.0,17.407785],"599a0058-d786-11ef-1a7e-43a2532b2fa8":[358.25412,447.9607,512.0,14.927053]}