{"18c13910-d787-11ef-1a7e-43a2532b2fa8":[6.2780185,446.11914,800.0,9.236181],"186d0b56-d787-11ef-1a7e-43a2532b2fa8":[524.5043,30.513884,628.0,8.59348],"18b75094-d787-11ef-1a7e-43a2532b2fa8":[55.43216,641.5154,679.0,7.484821],"18351354-d787-11ef-1a59-6be8ccc438a2":[679.4855,605.9323,535.0,12.666025],"1870e212-d787-11ef-1a7e-43a2532b2fa8":[446.94485,919.84485,593.0,6.2825494],"18687f50-d787-11ef-1a7e-43a2532b2fa8":[1004.3944,814.028,569.0,8.956232],"18c31d16-d787-11ef-1a7e-43a2532b2fa8":[591.5992,51.951138,724.0,6.180387],"19052774-d787-11ef-1a7e-43a2532b2fa8":[961.99744,977.0187,807.0,7.65304],"18258baa-d787-11ef-1a7e-43a2532b2fa8":[1016.81116,445.27838,494.0,11.780624],"18b38982-d787-11ef-1a7e-43a2532b2fa8":[9.554229,79.027466,693.0,5.7536273],"1885247a-d787-11ef-1a7e-43a2532b2fa8":[576.10284,342.55972,632.0,6.675581],"187e6810-d787-11ef-1a7e-43a2532b2fa8":[24.557034,317.4336,607.0,5.641896],"1851c10c-d787-11ef-1a7e-43a2532b2fa8":[234.48251,795.9933,575.0,7.8176403],"1865b52a-d787-11ef-1a7e-43a2532b2fa8":[1017.86957,29.508617,655.0,8.519076],"1857b09e-d787-11ef-1a7e-43a2532b2fa8":[374.46924,857.05035,612.0,8.29186],"17f640ca-d787-11ef-1a7e-43a2532b2fa8":[523.3695,99.51893,562.0,13.957279],"18751634-d787-11ef-1a7e-43a2532b2fa8":[22.853792,1019.153,627.0,7.9788456],"180326c8-d787-11ef-1a7e-43a2532b2fa8":[1019.99585,680.2672,391.0,8.136858],"184d9cb2-d787-11ef-1a7e-43a2532b2fa8":[908.5284,80.27753,661.0,11.113246],"1851c198-d787-11ef-1a59-6be8ccc438a2":[860.4745,782.00934,485.0,14.048207],"184cce7e-d787-11ef-1a7e-43a2532b2fa8":[468.12967,476.3121,500.0,16.468151],"18a951e2-d787-11ef-1a7e-43a2532b2fa8":[8.1049795,600.6469,837.0,11.4517975],"1832eec6-d787-11ef-1a7e-43a2532b2fa8":[895.39166,164.93948,484.0,17.14988],"1837d9b8-d787-11ef-1a59-6be8ccc438a2":[738.47766,676.31226,511.0,18.609707],"1800a16e-d787-11ef-1a59-6be8ccc438a2":[606.52655,92.44943,478.0,19.015783],"1855f698-d787-11ef-1a59-6be8ccc438a2":[700.8985,121.53105,505.0,13.9115925],"18808fc8-d787-11ef-1a7e-43a2532b2fa8":[494.95807,58.39407,550.0,12.815924],"183e7c64-d787-11ef-1a59-6be8ccc438a2":[499.86136,726.41797,544.0,14.22832],"17e1ed3c-d787-11ef-1a7e-43a2532b2fa8":[706.59644,925.71625,558.0,11.4517975],"189cfd84-d787-11ef-1a7e-43a2532b2fa8":[239.95781,1015.0433,636.0,5.046265],"17777c68-d787-11ef-1a7e-43a2532b2fa8":[814.9159,362.25076,356.0,32.58653],"17a9a10c-d787-11ef-1a7e-43a2532b2fa8":[1015.48804,599.21277,463.0,12.153015],"182c6704-d787-11ef-1a7e-43a2532b2fa8":[423.06512,116.02014,548.0,15.59451],"183c8274-d787-11ef-1a7e-43a2532b2fa8":[486.82614,822.0049,699.0,10.823032],"183131d0-d787-11ef-1a7e-43a2532b2fa8":[589.4969,515.6005,568.0,17.480776],"188ba51e-d787-11ef-1a7e-43a2532b2fa8":[28.990456,762.92487,634.0,5.9708214],"17d13dac-d787-11ef-1a7e-43a2532b2fa8":[31.563984,288.75903,593.0,16.888033],"184509da-d787-11ef-1a7e-43a2532b2fa8":[119.02642,814.4047,616.0,8.812923],"182d40ac-d787-11ef-1a7e-43a2532b2fa8":[899.1985,658.1502,481.0,15.837556],"18930c5c-d787-11ef-1a7e-43a2532b2fa8":[346.41547,683.45764,508.0,20.714289],"1837d9cc-d787-11ef-2eac-81ac2e6b05df":[867.30615,138.11246,514.0,17.33449],"183e7c46-d787-11ef-1a7e-43a2532b2fa8":[9.294457,680.2496,687.0,13.44619],"18053f6c-d787-11ef-1a7e-43a2532b2fa8":[115.54756,849.5541,561.0,10.52482],"17a009b4-d787-11ef-1a7e-43a2532b2fa8":[563.0376,386.4217,512.0,20.86739]}