{"cfe73d4e-d785-11ef-1a7e-43a2532b2fa8":[238.4346,811.402,634.0,5.5279064],"d01d7f62-d785-11ef-1a7e-43a2532b2fa8":[3.5070822,992.68933,663.0,4.068429],"cfdf3ebe-d785-11ef-1a7e-43a2532b2fa8":[799.49274,41.767826,656.0,8.956232],"cf72cf54-d785-11ef-1a7e-43a2532b2fa8":[769.96344,803.69635,499.0,16.622063],"cf6df18c-d785-11ef-1a7e-43a2532b2fa8":[485.38217,12.015665,512.0,12.41217],"cfafdc32-d785-11ef-1a7e-43a2532b2fa8":[605.5405,996.1633,670.0,9.901487],"cfd6ed40-d785-11ef-1a7e-43a2532b2fa8":[33.805332,548.0593,697.0,8.136858],"cfbc1fc4-d785-11ef-1a7e-43a2532b2fa8":[453.49588,636.9845,606.0,6.0765076],"cfe51b2e-d785-11ef-1a7e-43a2532b2fa8":[959.53,58.63955,609.0,5.5279064],"cf9140a6-d785-11ef-1a7e-43a2532b2fa8":[132.94792,394.52267,625.0,8.444016],"cfaf59d8-d785-11ef-1a7e-43a2532b2fa8":[1017.1437,466.05194,606.0,6.4820447],"cfb116a6-d785-11ef-1a7e-43a2532b2fa8":[588.4437,33.05826,627.0,8.444016],"cf3251fe-d785-11ef-1a7e-43a2532b2fa8":[1021.1849,67.53902,373.0,5.2925673],"ce9d1314-d785-11ef-3931-4175e38e818b":[552.01654,911.4192,511.0,28.657276],"cf90b320-d785-11ef-1a7e-43a2532b2fa8":[109.5046,903.5229,579.0,7.8176403],"cf5e49da-d785-11ef-1a7e-43a2532b2fa8":[11.253677,66.45778,616.0,10.029253],"cf29ac04-d785-11ef-1a7e-43a2532b2fa8":[717.7014,333.36987,513.0,15.797308],"cf8ba1d2-d785-11ef-1a59-6be8ccc438a2":[359.29114,1016.3946,546.0,8.59348],"cf801df8-d785-11ef-1a7e-43a2532b2fa8":[277.62393,990.5091,609.0,11.396071],"cf7fa1fc-d785-11ef-1a7e-43a2532b2fa8":[868.55096,329.24252,490.0,14.138551],"cfa87d34-d785-11ef-1a7e-43a2532b2fa8":[221.51158,944.898,575.0,7.484821],"cf372aee-d785-11ef-1a7e-43a2532b2fa8":[133.45412,313.46506,554.0,11.340071],"cf94ba74-d785-11ef-1a7e-43a2532b2fa8":[363.54282,269.02097,626.0,8.519076],"cf774a84-d785-11ef-1a7e-43a2532b2fa8":[546.9295,937.8214,602.0,12.257336],"cf91c0bc-d785-11ef-1a7e-43a2532b2fa8":[522.91125,653.8029,508.0,15.096684],"cf8ba1c8-d785-11ef-1a7e-43a2532b2fa8":[251.29701,372.65228,505.0,12.865502],"cf724f64-d785-11ef-1a7e-43a2532b2fa8":[520.0489,826.17676,527.0,19.5115],"ce9d1314-d785-11ef-1121-29b685de3439":[720.1978,127.762,377.0,28.232038],"cf1687c6-d785-11ef-1a7e-43a2532b2fa8":[742.4381,169.51158,510.0,18.847649],"d02a0f86-d785-11ef-1a7e-43a2532b2fa8":[358.76352,4.380264,759.0,5.7536273],"cfda3888-d785-11ef-1a7e-43a2532b2fa8":[345.9722,455.9794,619.0,5.046265],"cf5a42ae-d785-11ef-1a7e-43a2532b2fa8":[996.22363,929.7962,513.0,17.18696],"cfef1596-d785-11ef-1a7e-43a2532b2fa8":[51.485806,252.51735,687.0,8.058239],"ce9d131e-d785-11ef-3ff9-5b8b0a0b2aee":[838.47943,549.0619,529.0,21.646065],"cfa32438-d785-11ef-1a7e-43a2532b2fa8":[195.5285,932.79926,586.0,8.740388],"cfccd760-d785-11ef-1a7e-43a2532b2fa8":[46.127213,84.08097,611.0,6.675581],"cf4c0ef0-d785-11ef-1a7e-43a2532b2fa8":[692.5774,127.13686,463.0,16.155931],"cee6eef6-d785-11ef-1a7e-43a2532b2fa8":[454.97406,508.90555,635.0,14.798554],"cf6b2ea2-d785-11ef-1a7e-43a2532b2fa8":[805.555,698.11743,474.0,18.159544],"ceeb17b2-d785-11ef-1a59-6be8ccc438a2":[579.06036,874.4013,399.0,19.899183],"cf9d556c-d785-11ef-1a7e-43a2532b2fa8":[380.46896,472.98312,622.0,8.29186],"cef00434-d785-11ef-1a7e-43a2532b2fa8":[404.41992,846.5269,586.0,12.463355],"cf1e3c28-d785-11ef-1a7e-43a2532b2fa8":[504.70566,272.0451,511.0,24.332209],"cf67807c-d785-11ef-1a7e-43a2532b2fa8":[906.9218,147.53398,483.0,16.468151]}