{"f9d24616-d786-11ef-1a7e-43a2532b2fa8":[737.6765,629.5118,507.0,18.678],"fa1e515a-d786-11ef-1a7e-43a2532b2fa8":[29.524693,742.9959,613.0,7.484821],"f9ea33a0-d786-11ef-1a7e-43a2532b2fa8":[496.9546,26.483452,553.0,9.706685],"f99276bc-d786-11ef-1a59-6be8ccc438a2":[898.4344,610.60345,475.0,16.506763],"f9de8dcc-d786-11ef-1a7e-43a2532b2fa8":[908.8629,41.019726,640.0,13.39876],"fa17c1a0-d786-11ef-1a7e-43a2532b2fa8":[27.602753,295.41483,594.0,7.225152],"f9c521f2-d786-11ef-1a7e-43a2532b2fa8":[860.89813,740.10345,532.0,10.881695],"f9b9dfea-d786-11ef-1a7e-43a2532b2fa8":[487.4259,770.98914,702.0,10.645108],"f9e4e8f2-d786-11ef-1a59-6be8ccc438a2":[702.4649,81.11168,601.0,8.740388],"fa4c6464-d786-11ef-1a7e-43a2532b2fa8":[10.521163,61.49707,693.0,6.180387],"f991497c-d786-11ef-1a7e-43a2532b2fa8":[425.5678,65.59414,555.0,14.927053],"f9fba2fe-d786-11ef-1a7e-43a2532b2fa8":[1005.54266,780.9779,609.0,6.8636627],"fa15d386-d786-11ef-1a7e-43a2532b2fa8":[448.02444,893.9823,601.0,5.7536273],"f9dd71da-d786-11ef-1a7e-43a2532b2fa8":[468.29758,431.7875,509.0,15.553634],"f9fc308e-d786-11ef-1a7e-43a2532b2fa8":[374.46625,821.0309,617.0,8.058239],"f9b1826e-d786-11ef-1a7e-43a2532b2fa8":[1016.56036,397.5171,554.0,9.373021],"f9b3b7fa-d786-11ef-1a7e-43a2532b2fa8":[9.966683,622.46564,699.0,11.227231],"f95c5668-d786-11ef-1a7e-43a2532b2fa8":[33.377563,219.14497,616.0,16.506763],"f993276a-d786-11ef-1a7e-43a2532b2fa8":[603.8992,37.29672,605.0,18.948708],"f968bde0-d786-11ef-1a59-6be8ccc438a2":[1018.6962,621.9245,377.0,8.812923],"f9b6e53a-d786-11ef-1a7e-43a2532b2fa8":[680.99524,560.7377,479.0,14.798554],"fa417540-d786-11ef-1a7e-43a2532b2fa8":[8.114164,542.15265,813.0,10.704744],"f9f2b0e0-d786-11ef-1a7e-43a2532b2fa8":[523.98175,1015.79944,637.0,7.735778],"f9d4337c-d786-11ef-1a7e-43a2532b2fa8":[500.3441,685.04987,603.0,8.667245],"f9eac236-d786-11ef-1a7e-43a2532b2fa8":[236.47032,756.5246,580.0,7.9788456],"f9d5a126-d786-11ef-1a7e-43a2532b2fa8":[897.4724,118.99211,512.0,15.635281],"f9c49476-d786-11ef-1a7e-43a2532b2fa8":[590.63184,464.96573,561.0,15.347616],"f9c1de7a-d786-11ef-1a7e-43a2532b2fa8":[869.11224,95.545105,518.0,16.925688],"f95fd37e-d786-11ef-1a7e-43a2532b2fa8":[1015.9374,542.2247,514.0,10.029253],"f99e6634-d786-11ef-2eac-81ac2e6b05df":[721.0632,19.57612,793.0,14.798554],"f9bef7e8-d786-11ef-1a7e-43a2532b2fa8":[347.45673,649.7354,536.0,17.769733],"fa206f76-d786-11ef-1a7e-43a2532b2fa8":[239.4803,994.91223,625.0,5.2925673],"f98c38fe-d786-11ef-1a59-6be8ccc438a2":[707.6055,868.98004,509.0,15.180789],"f96c3d44-d786-11ef-1a7e-43a2532b2fa8":[817.0887,304.01398,511.0,19.99493],"f97fbbb0-d786-11ef-1a7e-43a2532b2fa8":[527.6898,39.402367,535.0,16.58372],"fa0d402e-d786-11ef-1a7e-43a2532b2fa8":[567.8353,313.92786,506.0,23.936537],"fa5a8a8c-d786-11ef-1a7e-43a2532b2fa8":[25.037037,983.0195,642.0,3.9088202],"fa47c80a-d786-11ef-1a7e-43a2532b2fa8":[54.8989,605.4895,681.0,7.65304],"fa52188c-d786-11ef-1a7e-43a2532b2fa8":[5.614638,397.45258,773.0,7.65304],"f9cbf7e8-d786-11ef-1a7e-43a2532b2fa8":[116.68569,787.6128,401.0,28.209478]}