{"0a265f3c-d786-11ef-1a59-6be8ccc438a2":[277.5122,46.991783,653.0,8.214725],"09d67f92-d786-11ef-1a7e-43a2532b2fa8":[106.883896,964.2372,560.0,9.574615],"0a32e37c-d786-11ef-1a7e-43a2532b2fa8":[238.41602,846.90967,634.0,5.5279064],"09b63868-d786-11ef-1a7e-43a2532b2fa8":[10.576036,176.5875,705.0,13.255454],"09a80a2c-d786-11ef-1a7e-43a2532b2fa8":[194.05583,989.34143,587.0,7.65304],"09f20002-d786-11ef-1a7e-43a2532b2fa8":[9.635167,80.831245,700.0,10.823032],"0a2a2ac0-d786-11ef-1a7e-43a2532b2fa8":[33.462067,586.07074,638.0,5.9708214],"09d19716-d786-11ef-1a7e-43a2532b2fa8":[1020.7043,18.124544,503.0,7.8176403],"0a6d5476-d786-11ef-1a7e-43a2532b2fa8":[548.5242,5.6203704,855.0,8.29186],"09f06e48-d786-11ef-1a7e-43a2532b2fa8":[6.9975247,16.195244,679.0,9.901487],"0956de84-d786-11ef-1a7e-43a2532b2fa8":[1020.6151,176.17749,382.0,6.0765076],"09a3f2e8-d786-11ef-1a7e-43a2532b2fa8":[548.02563,1015.51025,507.0,12.360774],"08dba0a6-d786-11ef-2539-0599d90a4ae6":[837.4107,762.47394,514.0,22.454462],"0a0c2a20-d786-11ef-1a7e-43a2532b2fa8":[551.9393,38.732395,935.0,9.304853],"09ffa19a-d786-11ef-1a7e-43a2532b2fa8":[997.4685,7.2353635,755.0,10.09253],"0a156cac-d786-11ef-1a7e-43a2532b2fa8":[344.41605,494.4592,613.0,5.2925673],"09ec9188-d786-11ef-1a59-6be8ccc438a2":[1015.8152,526.9513,604.0,7.225152],"09449c26-d786-11ef-1a7e-43a2532b2fa8":[1017.57166,80.879814,436.0,10.155413],"09d7b22c-d786-11ef-1a59-6be8ccc438a2":[511.55627,348.45544,553.0,13.957279],"09d942e0-d786-11ef-1a7e-43a2532b2fa8":[481.94934,95.553055,504.0,16.660318],"09afda4a-d786-11ef-1a59-6be8ccc438a2":[995.08777,1018.38403,500.0,10.645108],"09c44e44-d786-11ef-1a7e-43a2532b2fa8":[689.86035,211.38022,481.0,14.538149],"0a04af34-d786-11ef-1a7e-43a2532b2fa8":[41.620926,124.9176,616.0,5.7536273],"09d3624e-d786-11ef-1a7e-43a2532b2fa8":[378.9915,542.05493,620.0,7.9788456],"09dd70ea-d786-11ef-1a59-6be8ccc438a2":[867.77277,411.2675,504.0,13.0619335],"09da39a2-d786-11ef-2eac-81ac2e6b05df":[770.3567,880.36847,511.0,15.917747],"0a00aad8-d786-11ef-1a7e-43a2532b2fa8":[451.9722,686.38477,605.0,6.0765076],"09a72fbc-d786-11ef-1a7e-43a2532b2fa8":[578.1028,962.665,533.0,12.766153],"09c4e976-d786-11ef-1a7e-43a2532b2fa8":[129.42581,468.88907,614.0,9.166996],"09b7cb92-d786-11ef-1a7e-43a2532b2fa8":[520.0684,912.7785,726.0,11.227231],"0a450860-d786-11ef-1a7e-43a2532b2fa8":[51.98036,322.9688,687.0,8.519076],"09d231da-d786-11ef-1a7e-43a2532b2fa8":[361.02032,343.99478,626.0,8.368284],"09c1b51c-d786-11ef-1a7e-43a2532b2fa8":[495.34863,370.31546,707.0,10.464158],"09e46bca-d786-11ef-1a7e-43a2532b2fa8":[219.39388,998.28156,515.0,9.574615],"09d0f946-d786-11ef-1a7e-43a2532b2fa8":[905.53815,238.99669,553.0,12.815924],"0978e094-d786-11ef-1a7e-43a2532b2fa8":[805.9797,791.28015,460.0,19.380548],"09482b5c-d786-11ef-1a7e-43a2532b2fa8":[404.75143,974.3488,568.0,14.002817],"098b305a-d786-11ef-1a7e-43a2532b2fa8":[714.4887,438.60828,512.0,15.716503],"09b96cf4-d786-11ef-1a7e-43a2532b2fa8":[521.4533,724.94965,579.0,13.0619335],"099d10e0-d786-11ef-1a7e-43a2532b2fa8":[741.45374,259.20493,510.0,19.14923],"09d5269c-d786-11ef-1a7e-43a2532b2fa8":[249.06512,446.83862,536.0,11.672045],"097d9c10-d786-11ef-1a7e-43a2532b2fa8":[600.9337,68.96483,636.0,11.72646],"08e40e7e-d786-11ef-1a7e-43a2532b2fa8":[721.83167,308.04456,589.0,27.0811],"09205c1c-d786-11ef-1a7e-43a2532b2fa8":[453.53168,622.74243,583.0,16.58372],"09a47c72-d786-11ef-1a7e-43a2532b2fa8":[131.12663,409.10645,560.0,10.764051],"09f388a8-d786-11ef-1a7e-43a2532b2fa8":[586.07874,89.14704,637.0,7.225152]}