{"cc12d660-d785-11ef-1a7e-43a2532b2fa8":[238.94992,809.5105,630.0,5.9708214],"cc0658ec-d785-11ef-1a7e-43a2532b2fa8":[959.4832,53.44009,597.0,6.4820447],"cac6fdea-d785-11ef-098b-07d10bf494ea":[839.5292,536.01953,514.0,22.623932],"cbbc5574-d785-11ef-1a7e-43a2532b2fa8":[277.01608,985.0507,639.0,10.155413],"cbd27db8-d785-11ef-1a7e-43a2532b2fa8":[380.43423,469.09116,503.0,15.347616],"cbe3f764-d785-11ef-1a7e-43a2532b2fa8":[221.45398,940.8387,576.0,7.225152],"cbcdf768-d785-11ef-1a7e-43a2532b2fa8":[195.5267,929.8707,594.0,8.214725],"cc3767d2-d785-11ef-1a7e-43a2532b2fa8":[342.03174,70.24256,644.0,3.9088202],"cc602a1e-d785-11ef-1a7e-43a2532b2fa8":[486.53458,1020.01324,830.0,7.484821],"cc2db476-d785-11ef-1a7e-43a2532b2fa8":[51.502106,248.00798,691.0,7.3127327],"cc45c606-d785-11ef-1a7e-43a2532b2fa8":[881.51685,68.23935,668.0,4.068429],"cbc26e00-d785-11ef-1a7e-43a2532b2fa8":[486.50412,9.580267,512.0,11.888212],"cbce9d24-d785-11ef-1a7e-43a2532b2fa8":[588.9603,29.561218,569.0,11.283792],"cbd355bc-d785-11ef-1a7e-43a2532b2fa8":[1017.1131,461.4263,605.0,6.675581],"cb666d9e-d785-11ef-1a7e-43a2532b2fa8":[577.06805,868.85004,423.0,17.733871],"cb76fcea-d785-11ef-1a7e-43a2532b2fa8":[11.29501,59.95571,618.0,10.704744],"cbaba6de-d785-11ef-1a7e-43a2532b2fa8":[252.45467,367.6306,498.0,13.39876],"cbe47db0-d785-11ef-1a7e-43a2532b2fa8":[799.47705,35.169643,650.0,9.77205],"cbda4034-d785-11ef-1a7e-43a2532b2fa8":[132.96294,388.86282,623.0,8.667245],"cba00400-d785-11ef-1a7e-43a2532b2fa8":[691.881,120.91232,462.0,16.42945],"cbff6cce-d785-11ef-1a7e-43a2532b2fa8":[46.11045,81.56663,639.0,7.0467257],"cc06d694-d785-11ef-1a7e-43a2532b2fa8":[34.52725,545.55884,648.0,5.7536273],"cb8d1bce-d785-11ef-1a7e-43a2532b2fa8":[548.073,932.6453,637.0,9.640876],"cbbc559c-d785-11ef-1a59-6be8ccc438a2":[519.46313,818.56036,722.0,10.998079],"cbc26e14-d785-11ef-1a59-6be8ccc438a2":[522.88696,650.79034,507.0,15.180789],"cbc62a0c-d785-11ef-1a7e-43a2532b2fa8":[770.7693,798.8157,511.0,16.116478],"cb993918-d785-11ef-1a7e-43a2532b2fa8":[742.22095,162.78477,487.0,20.310825],"cbcd5a8e-d785-11ef-1a7e-43a2532b2fa8":[110.13536,898.91907,581.0,7.9788456],"cbebfc84-d785-11ef-1a7e-43a2532b2fa8":[453.02057,633.4729,674.0,10.764051],"cad780fa-d785-11ef-1a7e-43a2532b2fa8":[454.89478,502.54935,580.0,17.371176],"cac6fdea-d785-11ef-1a59-6be8ccc438a2":[554.1231,898.9628,726.0,18.575466],"caf0e506-d785-11ef-1a7e-43a2532b2fa8":[404.47842,838.5608,577.0,13.351162],"cc0a5ecc-d785-11ef-1a7e-43a2532b2fa8":[345.86026,453.53116,670.0,9.836982],"cb931290-d785-11ef-1a7e-43a2532b2fa8":[907.529,141.5304,477.0,16.698486],"cb7f116e-d785-11ef-1a59-6be8ccc438a2":[805.5341,690.804,482.0,17.805523],"cb562f92-d785-11ef-1a7e-43a2532b2fa8":[995.9589,923.17694,579.0,15.675944],"cbbc55ec-d785-11ef-2eac-81ac2e6b05df":[869.2121,325.00558,498.0,13.819766],"cb893b94-d785-11ef-1a7e-43a2532b2fa8":[133.41853,308.081,553.0,11.72646],"cac6fdea-d785-11ef-3931-4175e38e818b":[723.00586,116.40505,584.0,25.48239],"cbfd53ee-d785-11ef-1a7e-43a2532b2fa8":[605.5232,990.2784,657.0,8.884867],"cbbfdd34-d785-11ef-1a7e-43a2532b2fa8":[363.97385,263.9402,517.0,14.183506],"cb765ad8-d785-11ef-1a59-6be8ccc438a2":[716.9646,327.00684,510.0,15.675944],"cbaaa24a-d785-11ef-1a7e-43a2532b2fa8":[359.9999,1013.9788,627.0,7.9788456],"cb38a4d6-d785-11ef-1a7e-43a2532b2fa8":[504.26935,263.7745,512.0,24.148369]}