{"ba74f220-d786-11ef-1a59-6be8ccc438a2":[704.8249,5.026106,502.0,6.3830767],"baccfa74-d786-11ef-1a7e-43a2532b2fa8":[6.7627892,299.83286,780.0,9.507892],"baade512-d786-11ef-1a59-6be8ccc438a2":[910.97253,989.1552,684.0,10.217908],"ba550444-d786-11ef-1a7e-43a2532b2fa8":[239.57176,676.3856,529.0,13.0131035],"ba5e3b66-d786-11ef-1a7e-43a2532b2fa8":[862.40466,655.07745,486.0,13.865755],"ba3e4d24-d786-11ef-1a7e-43a2532b2fa8":[9.925079,507.49368,614.0,8.740388],"bacb1d9e-d786-11ef-1a7e-43a2532b2fa8":[53.887108,532.50745,684.0,7.8176403],"ba56bd0a-d786-11ef-1a7e-43a2532b2fa8":[682.9529,470.3523,534.0,12.047792],"b9dfbffc-d786-11ef-1a7e-43a2532b2fa8":[39.619976,77.46542,596.0,16.888033],"ba15dd1c-d786-11ef-1a7e-43a2532b2fa8":[1016.5574,301.2154,507.0,10.52482],"ba5ebdca-d786-11ef-1a59-6be8ccc438a2":[871.5936,11.459678,547.0,13.39876],"b9f9e2e2-d786-11ef-1a7e-43a2532b2fa8":[875.0679,23.100115,246.0,1.9544101],"b9f24370-d786-11ef-1a7e-43a2532b2fa8":[898.19385,25.113695,514.0,15.553634],"ba9b425e-d786-11ef-1a7e-43a2532b2fa8":[30.616459,252.04709,610.0,5.86323],"bac49382-d786-11ef-1a7e-43a2532b2fa8":[807.0681,57.77856,648.0,7.898654],"bab74bac-d786-11ef-1a7e-43a2532b2fa8":[8.036191,423.8447,799.0,11.170383],"ba548148-d786-11ef-1a7e-43a2532b2fa8":[900.0056,515.4209,550.0,13.865755],"ba9de11c-d786-11ef-1a7e-43a2532b2fa8":[340.55612,613.917,607.0,5.2925673],"b9addee2-d786-11ef-1a7e-43a2532b2fa8":[1016.0413,425.99606,462.0,11.562446],"baa3b754-d786-11ef-1a7e-43a2532b2fa8":[30.65353,702.467,615.0,8.519076],"ba9abca0-d786-11ef-1a7e-43a2532b2fa8":[448.5064,841.13116,601.0,5.7536273],"baee5502-d786-11ef-1a7e-43a2532b2fa8":[11.88522,25.370922,695.0,6.0765076],"ba1d842c-d786-11ef-1a7e-43a2532b2fa8":[489.1146,669.24963,507.0,19.14923],"ba6044a6-d786-11ef-1a7e-43a2532b2fa8":[503.45328,597.99225,607.0,8.214725],"b999b9d0-d786-11ef-1a7e-43a2532b2fa8":[721.36163,854.72156,584.0,26.678473],"ba68f972-d786-11ef-1a7e-43a2532b2fa8":[375.45563,750.1968,508.0,14.755472],"bab2f2c8-d786-11ef-1a7e-43a2532b2fa8":[238.92012,957.4712,620.0,6.770275],"ba7ccac2-d786-11ef-1a7e-43a2532b2fa8":[1008.03094,716.5269,612.0,6.9557962],"ba0af3be-d786-11ef-1a7e-43a2532b2fa8":[1019.44574,507.3136,376.0,8.667245],"ba4358a0-d786-11ef-1a7e-43a2532b2fa8":[592.52594,363.24878,478.0,17.94797],"b9e0c870-d786-11ef-1a7e-43a2532b2fa8":[443.36914,988.3741,610.0,19.5115],"ba0c17d2-d786-11ef-1a7e-43a2532b2fa8":[708.484,757.5889,509.0,15.837556],"ba6f92fa-d786-11ef-1a7e-43a2532b2fa8":[353.4978,571.57367,621.0,8.444016],"ba91a46a-d786-11ef-1a7e-43a2532b2fa8":[704.9722,1018.29193,637.0,7.8176403],"ba6044ce-d786-11ef-2eac-81ac2e6b05df":[738.30597,534.954,610.0,16.925688],"ba92c5d4-d786-11ef-1a7e-43a2532b2fa8":[578.5279,256.36783,542.0,13.819766],"ba6762fe-d786-11ef-1a7e-43a2532b2fa8":[471.47464,346.58075,625.0,10.881695],"bafe2888-d786-11ef-1a7e-43a2532b2fa8":[613.0246,952.5409,692.0,4.6524267],"ba6df272-d786-11ef-1a7e-43a2532b2fa8":[523.47217,941.8341,615.0,9.373021],"bac6b894-d786-11ef-1a7e-43a2532b2fa8":[592.9772,1015.5164,797.0,8.058239],"babd74a0-d786-11ef-1a7e-43a2532b2fa8":[501.51645,987.1284,626.0,7.8176403],"ba1b4e14-d786-11ef-1a7e-43a2532b2fa8":[120.40791,696.9036,584.0,12.257336],"b9d165d8-d786-11ef-1a7e-43a2532b2fa8":[568.1483,167.59937,508.0,20.590988],"b98ca8bc-d786-11ef-1a7e-43a2532b2fa8":[818.4691,186.38371,394.0,30.340603]}