{"67d47c20-d786-11ef-1a7e-43a2532b2fa8":[902.5896,389.89447,483.0,16.116478],"6882cd7c-d786-11ef-1a7e-43a2532b2fa8":[594.5138,960.2643,738.0,5.411516],"6818793e-d786-11ef-1a7e-43a2532b2fa8":[104.48351,43.991478,591.0,7.0467257],"67c09eb2-d786-11ef-2eac-81ac2e6b05df":[1018.2525,171.37424,504.0,9.236181],"684c5dc6-d786-11ef-1a7e-43a2532b2fa8":[520.5202,40.8533,734.0,9.097283],"680b45e8-d786-11ef-1a7e-43a2532b2fa8":[450.10822,769.4713,569.0,9.027034],"67c28646-d786-11ef-1a7e-43a2532b2fa8":[773.0621,1009.4414,500.0,13.44619],"67d8947c-d786-11ef-1a7e-43a2532b2fa8":[686.40875,352.99695,539.0,14.048207],"682e59f2-d786-11ef-1a7e-43a2532b2fa8":[217.40271,61.19283,604.0,5.170883],"6782b002-d786-11ef-1a7e-43a2532b2fa8":[1016.9407,268.42212,455.0,10.645108],"67064244-d786-11ef-1a59-6be8ccc438a2":[721.98834,607.99335,515.0,24.016193],"67f73452-d786-11ef-1a59-6be8ccc438a2":[571.50134,997.30963,640.0,12.047792],"684d891c-d786-11ef-1a7e-43a2532b2fa8":[53.000874,437.4771,685.0,7.65304],"67832c80-d786-11ef-1a7e-43a2532b2fa8":[123.89178,567.0887,560.0,11.113246],"6808518a-d786-11ef-1a7e-43a2532b2fa8":[1011.5095,630.5217,604.0,6.770275],"67e805b2-d786-11ef-1a7e-43a2532b2fa8":[864.4653,543.51056,490.0,13.727325],"67edb2e4-d786-11ef-1a7e-43a2532b2fa8":[375.70908,654.4631,515.0,14.712264],"682cccb8-d786-11ef-1a7e-43a2532b2fa8":[7.875,172.14447,776.0,10.940042],"67bdfe0a-d786-11ef-1a7e-43a2532b2fa8":[805.3756,948.5033,477.0,18.01877],"68122f70-d786-11ef-1a7e-43a2532b2fa8":[580.9485,178.37173,637.0,6.675581],"67ca4ac0-d786-11ef-1a7e-43a2532b2fa8":[596.70544,230.6319,569.0,16.925688],"6833f24a-d786-11ef-1a7e-43a2532b2fa8":[192.49187,59.199276,630.0,5.7536273],"68743224-d786-11ef-1a7e-43a2532b2fa8":[16.43948,1002.948,694.0,5.411516],"67804c04-d786-11ef-1a7e-43a2532b2fa8":[810.6726,61.64618,529.0,13.865755],"6833f254-d786-11ef-1a59-6be8ccc438a2":[238.98122,906.9286,623.0,6.5795245],"67506124-d786-11ef-1a7e-43a2532b2fa8":[829.9839,15.052287,503.0,13.303394],"681c3a4c-d786-11ef-1a7e-43a2532b2fa8":[8.008535,268.4892,730.0,8.956232],"67e91e5a-d786-11ef-1a7e-43a2532b2fa8":[124.93693,592.9965,614.0,9.027034],"68212aac-d786-11ef-1a7e-43a2532b2fa8":[341.91116,559.517,564.0,9.507892],"67d04de4-d786-11ef-1a7e-43a2532b2fa8":[506.46133,485.63815,540.0,12.865502],"67c192ea-d786-11ef-1a7e-43a2532b2fa8":[9.4496155,357.62408,694.0,14.002817],"67fb36dc-d786-11ef-1a7e-43a2532b2fa8":[357.65924,467.97504,625.0,8.29186],"681afe34-d786-11ef-1a7e-43a2532b2fa8":[35.581055,193.96085,607.0,5.7536273],"67da1996-d786-11ef-1a7e-43a2532b2fa8":[740.0947,409.55167,622.0,16.351768],"67cdfc9c-d786-11ef-1a7e-43a2532b2fa8":[491.21655,534.35345,504.0,19.14923],"67f3c128-d786-11ef-1a7e-43a2532b2fa8":[243.50171,573.1465,580.0,8.058239],"67618152-d786-11ef-1a7e-43a2532b2fa8":[448.68655,820.61554,614.0,15.877703],"6825e8da-d786-11ef-1a7e-43a2532b2fa8":[31.943855,649.532,644.0,5.411516],"67f45554-d786-11ef-1a7e-43a2532b2fa8":[522.47473,842.96124,621.0,8.444016],"67f04f02-d786-11ef-1a7e-43a2532b2fa8":[474.84262,231.48076,644.0,8.956232]}