{"23cfb7f0-d787-11ef-1a7e-43a2532b2fa8":[591.03326,59.91926,727.0,6.5795245],"23576750-d787-11ef-1a7e-43a2532b2fa8":[1016.8008,462.58276,506.0,11.340071],"239e3310-d787-11ef-1a7e-43a2532b2fa8":[1002.2049,826.49023,601.0,7.1364965],"22d94564-d787-11ef-1a7e-43a2532b2fa8":[1014.8842,621.31903,464.0,12.51433],"23b2b7c4-d787-11ef-1a7e-43a2532b2fa8":[338.4759,682.92957,609.0,5.170883],"239a961a-d787-11ef-1a7e-43a2532b2fa8":[493.9675,70.96771,629.0,6.4820447],"23d4222c-d787-11ef-1a7e-43a2532b2fa8":[55.941734,655.0402,682.0,8.519076],"23d620b8-d787-11ef-1a7e-43a2532b2fa8":[7.4186864,85.509094,679.0,6.180387],"23a35a48-d787-11ef-1a7e-43a2532b2fa8":[30.037727,771.6232,596.0,7.8176403],"23781cc0-d787-11ef-1a7e-43a2532b2fa8":[349.83023,702.9518,497.0,15.222667],"235aec7a-d787-11ef-1a59-6be8ccc438a2":[859.89197,797.9812,488.0,13.9115925],"22fd1d40-d787-11ef-1a7e-43a2532b2fa8":[524.0448,122.08049,511.0,15.180789],"23432268-d787-11ef-1a7e-43a2532b2fa8":[113.90701,868.68536,569.0,10.09253],"23432286-d787-11ef-1a59-6be8ccc438a2":[961.00055,1002.97516,711.0,12.463355],"235e71f8-d787-11ef-1a59-6be8ccc438a2":[422.02982,134.93991,616.0,9.901487],"22f8913a-d787-11ef-1a7e-43a2532b2fa8":[1019.3093,699.8014,397.0,8.058239],"23a4cf04-d787-11ef-1a7e-43a2532b2fa8":[447.9728,930.3668,590.0,7.0467257],"2351f658-d787-11ef-1a7e-43a2532b2fa8":[233.90485,811.0781,537.0,11.396071],"23629e0c-d787-11ef-2eac-81ac2e6b05df":[700.35065,136.36987,495.0,14.450304],"235e71da-d787-11ef-1a7e-43a2532b2fa8":[10.385922,700.5618,721.0,12.257336],"2380e13e-d787-11ef-1a7e-43a2532b2fa8":[908.0283,94.65431,674.0,10.403142],"23dc7e8e-d787-11ef-1a7e-43a2532b2fa8":[6.246503,463.36392,795.0,8.667245],"23b33346-d787-11ef-1a59-6be8ccc438a2":[524.5192,44.476665,627.0,7.399277],"23796e4a-d787-11ef-1a7e-43a2532b2fa8":[499.39694,743.0012,603.0,8.667245],"23a7ca1c-d787-11ef-1a7e-43a2532b2fa8":[1018.07324,39.563267,635.0,7.8176403],"232511ce-d787-11ef-1a7e-43a2532b2fa8":[487.41766,840.7598,496.0,19.706295],"232341a0-d787-11ef-1a7e-43a2532b2fa8":[808.11255,368.1002,791.0,19.673964],"2378f064-d787-11ef-1a7e-43a2532b2fa8":[373.83777,869.83356,504.0,15.138795],"22d79e62-d787-11ef-1a7e-43a2532b2fa8":[30.151937,316.1472,570.0,19.576647],"231c1830-d787-11ef-1a59-6be8ccc438a2":[705.98773,944.3205,559.0,11.4517975],"23354e40-d787-11ef-1a7e-43a2532b2fa8":[867.49805,154.18825,498.0,17.94797],"23547b1c-d787-11ef-1a59-6be8ccc438a2":[679.0047,623.5764,537.0,12.7161875],"235de9c2-d787-11ef-1a7e-43a2532b2fa8":[119.03014,830.0485,605.0,9.236181],"23499be8-d787-11ef-1a7e-43a2532b2fa8":[898.0378,674.99695,481.0,16.390654],"23629dd2-d787-11ef-1a59-6be8ccc438a2":[466.89905,492.1455,501.0,15.917747],"237c6294-d787-11ef-1a7e-43a2532b2fa8":[21.982416,11.94288,619.0,11.170383],"238035d6-d787-11ef-1a59-6be8ccc438a2":[576.2828,353.43494,563.0,11.340071],"23b3330a-d787-11ef-1a7e-43a2532b2fa8":[239.95122,1019.1207,620.0,5.5279064],"23caa77e-d787-11ef-1a7e-43a2532b2fa8":[988.14136,978.60645,596.0,6.770275],"2348a3e6-d787-11ef-1a7e-43a2532b2fa8":[737.90845,694.4841,506.0,18.982275],"22f41ee8-d787-11ef-1a7e-43a2532b2fa8":[562.4336,414.54474,593.0,14.361922],"2341d8cc-d787-11ef-1a7e-43a2532b2fa8":[897.3871,182.93997,490.0,16.390654],"230973ec-d787-11ef-1a7e-43a2532b2fa8":[822.9117,392.7284,428.0,19.478844],"23482af6-d787-11ef-1a7e-43a2532b2fa8":[589.0226,535.08716,569.0,15.957691],"23cc2ee6-d787-11ef-1a7e-43a2532b2fa8":[7.479215,622.76764,821.0,10.645108],"2344947c-d787-11ef-1a7e-43a2532b2fa8":[605.9841,113.53947,463.0,19.963066]}