frame,x,y,z,vx,vy,vz,diameter
1.0,522.9954833984375,602.5733642578126,630.0000000000001,-0.1659647623695335,4.441609700521106,0.6666666666669556,8.29185962677002
2.0,523.1552280970982,606.9580130440847,628.9714285714286,0.3718872070314916,4.381734212239856,-2.3333333333330444,7.978845596313477
3.0,523.2124162946429,611.5905482700894,626.8571428571429,-0.014236450195127759,4.775380452474231,-2.4999999999997087,8.368284225463867
4.0,523.1444440569196,616.2389840262276,626.6857142857143,-0.3724568684893441,4.731272379557602,2.0000000000002913,8.21472454071045
5.0,522.9080025809152,621.2168317522322,626.4571428571428,0.08183797200544518,5.011169433594041,-1.833333333333023,8.21472454071045
6.0,522.9647216796875,626.5880737304689,622.0,-0.02962239583305859,5.788696289062791,-7.333333333333059,9.027033805847168
