frame,x,y,z,vx,vy,vz,diameter
69.0,1018.8038940429688,479.802001953125,331.0,-0.23527018229123087,6.589401245117465,20.16666666666682,9.640875816345215
70.0,1019.1418648856027,487.203098842076,363.00000000000006,0.7419433593755542,7.845672607422152,37.41666666666684,9.097283363342285
71.0,1019.5255109514509,493.6631513323103,376.6,0.3740844726567616,5.964691162109652,2.25000000000016,7.136496543884277
72.0,1019.6276925223216,500.0476231166295,376.97142857142865,-0.46541849772087573,5.899322509765902,-14.583333333333123,7.978845596313477
73.0,1019.5867204938617,507.2994027273996,373.85714285714295,0.4436035156255116,9.022224426269808,16.916666666666817,8.667244911193848
74.0,1019.7562482561384,514.7879010881697,379.9428571428571,0.012680053711378036,6.290308634440379,-5.583333333333151,7.978845596313477
75.0,1019.3910121372769,521.6319231305804,370.6,-0.8019256591791759,6.465026855469048,-15.999999999999808,8.812923431396484
76.0,1019.0067557198661,528.2108276367188,357.74285714285713,0.02247111002648694,7.600499471028904,-6.749999999999808,9.166996002197266
77.0,1019.4272460937501,535.0736083984375,352.0,0.8270975748702654,5.778320312500199,-5.499999999999865,9.097283363342285
