frame,x,y,z,vx,vy,vz,diameter
46.0,520.4857788085939,9.929244995117188,743.0,0.10540771484402711,1.3241237004598023,-35.499999999999616,9.44069766998291
47.0,520.5448556082589,12.330523790631979,716.342857142857,0.015808105468991585,3.5053819815317855,-15.749999999999623,10.585134506225586
48.0,520.5363664899554,16.974573080880305,721.8285714285715,-0.04841613769511355,5.946223417917897,23.16666666666699,11.2272310256958
49.0,520.4817243303572,22.555649866376605,734.4285714285716,-0.03822835286430859,5.253089507420869,7.583333333333677,10.645108222961426
50.0,520.4772844587053,28.153252846854077,734.4857142857143,0.013315836588802199,5.594055334726982,-14.833333333332995,10.280023574829102
51.0,520.496452985491,34.162571498325896,726.6857142857143,0.039632161458534654,6.703555107116715,3.66666666666697,10.645108222961426
52.0,520.5202026367188,40.85329818725586,734.0,-0.0007832845049691173,6.5193719863891815,9.833333333333712,9.097283363342285
