frame,x,y,z,vx,vy,vz,diameter
67.0,720.8759155273438,784.103759765625,586.0,-0.7547302246090482,11.332000732422287,-8.666666666666316,25.854413986206055
68.0,720.3584542410715,796.2741995675224,582.0,-0.24824015299446955,12.743886311849366,-0.7499999999996874,26.001733779907227
69.0,720.4204537527903,808.1872767857143,574.9714285714286,0.4505259195967142,11.83843485514356,-7.166666666666373,25.755733489990234
70.0,721.2599103655134,820.8842616489956,583.4571428571429,1.0374501546227535,12.428161621094091,12.583333333333591,26.48688316345215
71.0,722.0120029994421,832.7147216796875,583.0285714285715,0.5577545166019036,12.289718627930199,1.1666666666669556,25.532306671142578
72.0,722.0110386439733,843.9683646065848,583.6571428571428,-0.6117909749345003,9.795288085937969,-12.999999999999766,26.001733779907227
73.0,721.5366507393974,855.8271327427456,582.8857142857144,-0.34419759114549464,13.470606486003078,18.25000000000029,26.6784725189209
74.0,721.3947736467635,868.4100533621653,593.8857142857144,0.17826334635450536,12.562204996745237,2.666666666666977,25.432374954223633
75.0,721.5872802734375,879.162841796875,589.0000000000001,0.13792928059930176,8.529561360677448,-12.833333333333059,25.780439376831055
