frame,x,y,z,vx,vy,vz,diameter
59.0,718.6160278320312,677.8195800781251,582.0000000000001,2.7665608723962123,25.63994344075553,-1.3333333333330444,25.155517578125
60.0,720.4283394949778,698.8587611607143,584.5714285714287,0.9976654052738354,16.786931355794614,5.166666666666956,25.681472778320312
61.0,721.4811070033481,713.5095790318081,586.5714285714287,0.5189870198571498,10.854766845703487,1.333333333333627,25.952720642089844
62.0,721.2476475306921,724.2955444335938,585.5428571428572,-0.1654968261714771,12.368698120117564,-5.499999999999673,26.74996566772461
63.0,721.540998186384,736.8053466796875,583.3714285714286,-0.025634765624602096,11.998545328776366,1.3333333333336626,26.84499168395996
64.0,721.513809640067,748.4702392578125,581.6,0.6274261474613354,11.759684244792027,-3.66666666666643,26.630704879760742
65.0,721.5352172851562,759.6502075195312,574.0,-0.8340759277339771,10.484059651693102,-11.999999999999723,26.868696212768555
