frame,x,y,z,vx,vy,vz,diameter
93.0,1015.8322753906251,571.5372314453125,513.0000000000001,0.1635945638026044,8.514923095703324,-0.9999999999997797,10.092530250549316
94.0,1015.7373099190849,579.6684204101563,502.7714285714286,-0.29352315266882556,7.6946207682295125,-18.08333333333313,10.585134506225586
95.0,1015.5051862444197,586.7927437918527,481.9142857142858,-0.2899576822912593,6.493265787760706,-25.833333333333073,12.100518226623535
96.0,1015.3925397600447,592.9039219447545,462.5714285714286,0.1489512125656205,5.96549479166692,-8.916666666666444,12.205286979675293
97.0,1015.4374738420761,599.6966169084822,469.7714285714286,-0.08726501464792591,7.355102539062791,17.25000000000022,12.15301513671875
98.0,1015.2171369280135,607.1290370396206,474.9142857142857,-0.3503824869786172,7.837687174479477,0.5833333333335915,11.562445640563965
99.0,1014.9573904854913,614.59140625,471.97142857142853,-0.1786041259760509,6.785069783528918,-15.416666666666409,11.780624389648438
100.0,1014.8842163085938,621.3190307617188,463.99999999999994,0.04184977213586194,6.786193847656541,3.8333333333335773,12.51432991027832
