frame,x,y,z,vx,vy,vz,diameter
46.0,866.3024902343751,511.4971008300781,494.0000000000001,-1.3979288736974667,4.7763315836590365,7.500000000000199,13.634257316589355
47.0,864.9484619140625,516.1175624302456,495.8285714285714,-1.1426595052078312,4.651535034179943,-3.0833333333330515,12.964089393615723
48.0,864.8487880161832,521.7491917201451,491.1428571428572,0.5865732828780352,6.169466654459896,-8.083333333333073,13.7736234664917
49.0,864.8663469587054,527.3259940011161,486.0857142857143,0.016072591146269133,5.63318888346376,-0.41666666666646535,14.093451499938965
50.0,865.0900320870536,533.1196062360491,486.57142857142867,-0.3246103922520973,5.168065388997611,1.2500000000002416,14.272993087768555
51.0,864.683065359933,538.2063877650669,488.6,0.14722188313845663,5.658686319987233,1.9166666666669272,13.8197660446167
52.0,864.7728306361607,543.7649082728794,488.80000000000007,-0.42117818196567214,5.062622070312699,-0.666666666666444,13.727325439453125
53.0,864.310906110491,549.0210972377233,487.9428571428572,-0.23785909016885398,5.651117960612275,-1.916666666666444,13.7736234664917
54.0,863.8680419921874,554.6861572265626,487.00000000000006,-0.7180887858068274,5.6124165852867165,0.5000000000002416,14.002817153930664
