frame,x,y,z,vx,vy,vz,diameter
1.0,489.0023803710938,973.944091796875,664.0,0.663579305013279,2.9071146647140154,-8.666666666666394,6.579524517059326
2.0,489.33081054687506,977.496426827567,656.7714285714286,-0.0006459554034208281,4.2915903727219415,-5.916666666666302,8.21472454071045
3.0,488.98160226004467,982.8469168526785,650.2857142857143,-0.6971003214515434,6.4294382731125665,-5.333333333333044,8.444016456604004
4.0,488.7700430733817,989.382803780692,651.2857142857142,0.11793263753281025,6.5929565429691905,3.6666666666669556,8.058238983154297
5.0,488.62445155552456,995.5582502092635,651.2,-0.15057373046854394,5.628723144531733,-0.3333333333330444,8.812923431396484
6.0,487.9706115722657,1000.967529296875,644.0,-1.266342163085639,5.254343668620237,-15.499999999999673,8.740387916564941
