frame,x,y,z,vx,vy,vz,diameter
62.0,1020.5975341796875,428.8920593261719,399.00000000000006,0.14716593424523694,6.9957885742189845,27.33333333333352,6.579524517059326
63.0,1020.4594447544644,435.7794773646764,405.22857142857146,-0.36088562011670433,6.864313761393461,-10.083333333333108,6.3830766677856445
64.0,1020.1459681919644,443.03537423270086,401.9142857142857,-0.39156595865841837,7.460294087728059,-8.499999999999758,6.955796241760254
65.0,1019.919163295201,450.4617876325335,397.20000000000005,0.05666605631566313,7.520904541015845,9.916666666666817,7.399277210235596
66.0,1019.9862357003349,457.4875810895648,397.51428571428573,0.024953206380686765,6.425539652506792,-15.166666666666497,7.569397449493408
67.0,1020.011474609375,463.65951538085943,379.0,0.02237955729211194,5.9970194498700735,-19.66666666666646,7.569397449493408
