frame,x,y,z,vx,vy,vz,diameter
60.0,505.5982055664063,527.7613525390625,549.0,-0.6296539306638635,7.057556152344027,-1.9999999999997797,13.587484359741211
61.0,505.1003269740513,534.5218104771205,542.7142857142858,-0.43820190429657657,6.319936116536731,-6.1666666666664725,12.205286979675293
62.0,504.186168561663,539.7084507533483,561.7142857142857,-1.0372517903643654,4.3100484212242165,30.91666666666694,12.86550235748291
63.0,504.0863377162388,544.5686418805805,568.8285714285714,0.31602478027365777,4.95466613769559,1.166666666666977,9.373021125793457
64.0,504.6138166155134,549.3160888671875,560.5714285714286,1.1927235921226753,5.278432210286695,-34.66666666666641,11.340070724487305
65.0,505.19158150809153,554.7871076311384,538.9428571428572,-0.38653564453105105,5.086725870768483,3.000000000000199,10.881694793701172
66.0,504.5807800292969,560.4840087890625,545.0,-0.6987152099606604,6.48813883463567,5.500000000000291,11.17038345336914
